key,project_name,organization_name,lg_code,prefecture_name,city_code,city_name,cft_issue_date,cft_issue_year,category,procedure_type,external_document_uri,taxonomy_version,it_related,core_it_delivery,digital_or_ai_adjacent,matched_subgroups,subgroup_count,system_development,system_services,software_applications,operations_maintenance,cloud,cybersecurity,network_infrastructure,end_user_computing,data_digital,artificial_intelligence,it_consulting_planning,result_id,date,file_type,file_size,certification,period_end_time,location,tender_submission_deadline,opening_tenders_event,item_code,attachment_count,attachments_json
aG9ra2FpZG8vaGtkX21saXRfZ29fcnVtb2kvMjAyMi8yMDIyMDExMl8wMDMxMQo=,4．留萌開発建設部管内 情報通信システム装置保守点検,国土交通省北海道開発局留萌開発建設部,01,北海道,012122,留萌市,2022-01-12T00:00:00+09:00,2022,役務,,https://www.hkd.mlit.go.jp/rm/keiyaku/f6h4sv0000000i3g-att/s2j3ut0000001r4g.pdf,1.1.0-candidate2,True,True,False,system_development|operations_maintenance,2,True,False,False,True,False,False,False,False,False,False,False,23,2022-01-17T19:38:01+09:00,pdf,118290.0,A B C D,,,,,,0,[]
aG9ra2FpZG8vaGtkX21saXRfZ29fcnVtb2kvMjAyMi8yMDIyMDExMl8wMDMyMwo=,1．留萌開発建設部管内 情報通信システム装置保守点検,国土交通省北海道開発局留萌開発建設部,01,北海道,012122,留萌市,2022-01-12T00:00:00+09:00,2022,役務,,https://www.hkd.mlit.go.jp/rm/keiyaku/f6h4sv0000000i3g-att/s2j3ut0000001y34.pdf,1.1.0-candidate2,True,True,False,system_development|operations_maintenance,2,True,False,False,True,False,False,False,False,False,False,False,21,2022-02-09T19:22:58+09:00,pdf,118290.0,A B C D,,,,,,0,[]
Z292MTMvY2JyX21saXRfY2h1YnVfa293YW4vMjAyMi8yMDIyMDExM18wMDA2OQo=,令和４年度 港湾情報処理システム運用管理業務,国土交通省中部地方整備局港湾空港部,23,愛知県,231002,名古屋市,2022-01-13T00:00:00+09:00,2022,役務,,http://www.pa.cbr.mlit.go.jp/file/contract/result/buppin/220113_01koukoku-1.pdf,1.1.0-candidate2,True,True,False,operations_maintenance,1,False,False,False,True,False,False,False,False,False,False,False,103,2022-01-13T19:05:04+09:00,pdf,103375.0,,,,,,,0,[]
a2FuYWdhd2Eva3VyaWhhbWFfaXJ5b19jZW50ZXIvMjAyMi8yMDIyMDExM18wMDExOAo=,入札公告 アルコール依存症専門医療機関における治療予後調査 EDC/ePRO（患者報告アウトカム電子システム）構築作業委託業務 一式,独立行政法人国立病院機構久里浜医療センター,14,神奈川県,142018,横須賀市,2022-01-13T00:00:00+09:00,2022,役務,,https://kurihama.hosp.go.jp/about/pdf/bid-2022-01-13_02.pdf,1.1.0-candidate2,True,True,False,system_development,1,True,False,False,False,False,False,False,False,False,False,False,35,2022-01-18T19:10:07+09:00,pdf,253856.0,,,,,,,0,[]
Z292My9tb2RfZ3NkZl9lYWVfZWFmaW4vMjAyMi8yMDIyMDExOF8wNzMyMgo=,多面的観賞システム導入・設置役務,防衛省陸上自衛隊東部方面会計隊,13,東京都,131041,新宿区,2022-01-18T00:00:00+09:00,2022,役務,,https://www.mod.go.jp/gsdf/eae/kaikei/eafin/koukoku/20220201-GYOU-0360.pdf,1.1.0-candidate2,True,True,False,system_development,1,True,False,False,False,False,False,False,False,False,False,False,63,2022-01-18T19:22:08+09:00,pdf,212722.0,,,,,,,0,[]
Z292My9tb2RfZ3NkZl9lYWVfZWFmaW4vMjAyMi8yMDIyMDExOF8wNzMyMwo=,デジタル年表システム導入・設置役務,防衛省陸上自衛隊東部方面会計隊,13,東京都,131041,新宿区,2022-01-18T00:00:00+09:00,2022,役務,,https://www.mod.go.jp/gsdf/eae/kaikei/eafin/koukoku/20220201-GYOU-0370.pdf,1.1.0-candidate2,True,True,False,system_development,1,True,False,False,False,False,False,False,False,False,False,False,62,2022-01-18T19:22:08+09:00,pdf,211984.0,,,,,,,0,[]
Z292NS9tYWZmX2pmYS8yMDIyLzIwMjIwMTE4XzAwMTM3Cg==,船舶航跡システム（VMAC）に係る船舶用端末等の設置及び保守・運用業務(PDF : 103KB),水産庁,13,東京都,131016,千代田区,2022-01-18T00:00:00+09:00,2022,役務,,https://www.jfa.maff.go.jp/j/gyosei/supply/nyusatu/attach/pdf/ekimu_sonota-5.pdf,1.1.0-candidate2,True,True,False,operations_maintenance,1,False,False,False,True,False,False,False,False,False,False,False,57,2022-05-16T19:43:57+09:00,pdf,105203.0,A B C,,,,,,1,"[{""name"":""仕様書(PDF : 3,679KB)"",""uri"":""https://www.jfa.maff.go.jp/j/gyosei/supply/nyusatu/attach/pdf/ekimu_sonota-4.pdf""}]"
b3Nha2Evb3Nha2FtaW5hbWlfaXJ5b19jZW50ZXIvMjAyMi8yMDIyMDExOF8wMDAzMwo=,関節リウマチデータ分析業務委託 一式［PDF形式 139KB］,独立行政法人国立病院機構大阪南医療センター,27,大阪府,272167,河内長野市,2022-01-18T00:00:00+09:00,2022,役務,,https://osakaminami.hosp.go.jp/files/000167887.pdf,1.1.0-candidate2,True,False,True,data_digital,1,False,False,False,False,False,False,False,False,True,False,False,14,2022-01-18T19:07:11+09:00,pdf,142178.0,,,,,,,0,[]
ZnVrdW9rYS9wb2xpY2VfZnVrdW9rYS8yMDIyLzIwMjIwMTE5XzAwOTI5Cg==,交通規制集データ化業務委託に係る入札について,国家公安委員会（警察庁）福岡県警察,40,福岡県,401307,福岡市,2022-01-19T00:00:00+09:00,2022,役務,,https://www.police.pref.fukuoka.jp/data/open/cnt/3/13384/1/20220119kiseisyuukoukoku.pdf,1.1.0-candidate2,True,False,True,data_digital,1,False,False,False,False,False,False,False,False,True,False,False,14,2022-01-19T19:10:50+09:00,pdf,174457.0,,,,,,,1,"[{""name"":""・交通規制集データ化業務委託に係る入札説明書 （3,497kbyte）"",""uri"":""https://www.police.pref.fukuoka.jp/data/open/cnt/3/13384/1/20220119kiseisyuusetumeisyo.pdf""}]"
Z292NS9yb2Z1a3UvMjAyMi8yMDIyMDEyMF8wMTQ3Mgo=,令和４年度労災疾病等医学研究・開発、普 及ネットワークシステム等管理及びコンサル ティングに関する業務委託一式（本部）,独立行政法人労働者健康安全機構,14,神奈川県,141305,川崎市,2022-01-20T00:00:00+09:00,2022,役務,,https://www.johas.go.jp/Portals/0/data0/jigyogaiyo/choutatsu/nyusatsu/0401/nyuusatsu040120(1).pdf,1.1.0-candidate2,True,True,False,network_infrastructure,1,False,False,False,False,False,False,True,False,False,False,False,17,2022-01-20T00:00:00+09:00,pdf,153708.0,,,,,,,0,[]
Z292MTMvY2JyX21saXRfY2h1YnVfa293YW4vMjAyMi8yMDIyMDEyMV8wMDA3MQo=,令和4年度 中部地方整備局港湾WANシステムサーバ等機器保守業務,国土交通省中部地方整備局港湾空港部,23,愛知県,231002,名古屋市,2022-01-21T00:00:00+09:00,2022,役務,,http://www.pa.cbr.mlit.go.jp/file/contract/result/buppin/220121_01koukkoku.pdf,1.1.0-candidate2,True,True,False,operations_maintenance|network_infrastructure,2,False,False,False,True,False,False,True,False,False,False,False,45,2022-01-21T19:05:07+09:00,pdf,129096.0,,,,,,,0,[]
Z292My9tb2RfZ3NkZl9lYWVfZWFmaW4vMjAyMi8yMDIyMDEyMV8wNzM2OQo=,変更公告 多面的観賞システム導入・設置役務,防衛省陸上自衛隊東部方面会計隊,13,東京都,131041,新宿区,2022-01-21T00:00:00+09:00,2022,役務,,https://www.mod.go.jp/gsdf/eae/kaikei/eafin/koukoku/20220201-GYOU-0361.pdf,1.1.0-candidate2,True,True,False,system_development,1,True,False,False,False,False,False,False,False,False,False,False,45,2022-01-21T19:20:56+09:00,pdf,71578.0,,,,,,,0,[]
Z292Ny9jYnJfbWxpdC8yMDIyLzIwMjIwMTIxXzAzOTA3Cg==,令和４年度 単価契約ホームページ等更新業務,国土交通省中部地方整備局,23,愛知県,231002,名古屋市,2022-01-21T00:00:00+09:00,2022,役務,,https://www.cbr.mlit.go.jp/contract/buppin/bukoukoku/r3/220121-hp-kyoku.pdf,1.1.0-candidate2,True,True,False,software_applications,1,False,False,True,False,False,False,False,False,False,False,False,44,2022-01-21T19:05:08+09:00,pdf,224474.0,C,,,,,,0,[]
Z292Ny9jYnJfbWxpdC8yMDIyLzIwMjIwMTI0XzAzOTE0Cg==,令和４年度 電子入札システム運用監理業務,国土交通省中部地方整備局,23,愛知県,231002,名古屋市,2022-01-24T00:00:00+09:00,2022,役務,,https://www.cbr.mlit.go.jp/contract/buppin/bukoukoku/r3/220124-nyusatu-kyoku.pdf,1.1.0-candidate2,True,True,False,operations_maintenance,1,False,False,False,True,False,False,False,False,False,False,False,29,2022-01-24T19:05:08+09:00,pdf,182794.0,A B,,,,,,0,[]
Z292Ny9jYnJfbWxpdC8yMDIyLzIwMjIwMTI0XzAzOTEyCg==,令和４年度 防災情報システムサーバー賃貸借,国土交通省中部地方整備局,23,愛知県,231002,名古屋市,2022-01-24T00:00:00+09:00,2022,役務,,https://www.cbr.mlit.go.jp/contract/buppin/bukoukoku/r3/220124-bousai-kyoku.pdf,1.1.0-candidate2,True,True,False,network_infrastructure,1,False,False,False,False,False,False,True,False,False,False,False,31,2022-01-24T19:05:07+09:00,pdf,180921.0,A B C D,,,,,,0,[]
Z292My9uaG9faG9uYnUvMjAyMi8yMDIyMDEyNV8wMDMwNgo=,医療材料費、医薬品費に係るベンチマークシステムの利用及び総合コンサルティング業務委託（PDF：174KB）,独立行政法人国立病院機構,13,東京都,131105,目黒区,2022-01-25T00:00:00+09:00,2022,役務,,https://nho.hosp.go.jp/files/000168184.pdf,1.1.0-candidate2,True,True,False,system_services,1,False,True,False,False,False,False,False,False,False,False,False,32,2022-01-25T19:47:31+09:00,pdf,177248.0,,,,,,,0,[]
Z292My9uaG9faG9uYnUvMjAyMi8yMDIyMDEyNl8wMDMwNwo=,国立病院機構診療情報集積基盤（NCDA）データセンター IT 機器回収及びデータ消去業務委託 一式（PDF：136KB）,独立行政法人国立病院機構,13,東京都,131105,目黒区,2022-01-26T00:00:00+09:00,2022,役務,,https://nho.hosp.go.jp/files/000168333.pdf,1.1.0-candidate2,True,True,False,network_infrastructure,1,False,False,False,False,False,False,True,False,False,False,False,21,2022-01-26T19:45:58+09:00,pdf,139222.0,,,,,,,0,[]
aG9ra2FpZG8vaGtkX21saXRfZ29fcnVtb2kvMjAyMi8yMDIyMDEyNl8wMDMxNQo=,5．留萌ダム管理支所 情報通信システム装置保守点検,国土交通省北海道開発局留萌開発建設部,01,北海道,012122,留萌市,2022-01-26T00:00:00+09:00,2022,役務,,https://www.hkd.mlit.go.jp/rm/keiyaku/f6h4sv0000000i3g-att/s2j3ut0000001w3x.pdf,1.1.0-candidate2,True,True,False,operations_maintenance,1,False,False,False,True,False,False,False,False,False,False,False,7,2022-01-26T19:07:16+09:00,pdf,133607.0,A B C D,,,,,,0,[]
Z292Ny9jYnJfbWxpdC8yMDIyLzIwMjIwMTI3XzAzOTI5Cg==,令和３年度 閲覧用資料クラウドサービス等調達,国土交通省中部地方整備局,23,愛知県,231002,名古屋市,2022-01-27T00:00:00+09:00,2022,役務,,https://www.cbr.mlit.go.jp/contract/buppin/bukoukoku/r3/220127-eturan-kyoku.pdf,1.1.0-candidate2,True,True,False,cloud,1,False,False,False,False,True,False,False,False,False,False,False,14,2022-01-27T19:05:05+09:00,pdf,171936.0,A B C D,,,,,,0,[]
Z292Ny9jYnJfbWxpdC8yMDIyLzIwMjIwMTI4XzAzOTM1Cg==,令和４年度 オンライン電子納品システム改良業務,国土交通省中部地方整備局,23,愛知県,231002,名古屋市,2022-01-28T00:00:00+09:00,2022,役務,,https://www.cbr.mlit.go.jp/contract/buppin/bukoukoku/r3/220128-online-kyoku.pdf,1.1.0-candidate2,True,True,False,system_development,1,True,False,False,False,False,False,False,False,False,False,False,9,2022-01-28T19:05:06+09:00,pdf,183773.0,A B,,,,,,0,[]
Z292Ny9jYnJfbWxpdC8yMDIyLzIwMjIwMTI4XzAzOTM2Cg==,令和４年度 電子納品保管管理システム改良業務,国土交通省中部地方整備局,23,愛知県,231002,名古屋市,2022-01-28T00:00:00+09:00,2022,役務,,https://www.cbr.mlit.go.jp/contract/buppin/bukoukoku/r3/220128-denshi-kyoku.pdf,1.1.0-candidate2,True,True,False,system_development,1,True,False,False,False,False,False,False,False,False,False,False,8,2022-01-28T19:05:07+09:00,pdf,186335.0,A B,,,,,,0,[]
Z292OS9qcG5zcG9ydC8yMDIyLzIwMjIwMTI4XzAwNzExCg==,入退室管理システムの保守業務委託,独立行政法人日本スポーツ振興センター,13,東京都,131032,港区,2022-01-28T00:00:00+09:00,2022,役務,,https://www.jpnsport.go.jp/corp/Portals/0/corp/R4tyoutatsu/20220128_nyutaisitusyetemhosyu.pdf,1.1.0-candidate2,True,True,False,operations_maintenance,1,False,False,False,True,False,False,False,False,False,False,False,10,2022-01-28T19:05:20+09:00,pdf,149878.0,,,,,,,0,[]
Z292MTMvY2JyX21saXRfY2h1YnVfa293YW4vMjAyMi8yMDIyMDEzMV8wMDA3NAo=,令和4年度 防災情報システムホスティング環境提供業務,国土交通省中部地方整備局港湾空港部,23,愛知県,231002,名古屋市,2022-01-31T00:00:00+09:00,2022,役務,,http://www.pa.cbr.mlit.go.jp/file/contract/result/buppin/220131_01koukoku.pdf,1.1.0-candidate2,True,True,False,system_services,1,False,True,False,False,False,False,False,False,False,False,False,1,2022-01-31T19:05:06+09:00,pdf,124207.0,,,,,,,0,[]
Z292OS9tb2RfcmRiX2t5dXNodS8yMDIyLzIwMjIwMTMxXzAwNDYyCg==,九州防衛局ＯＡネットワーク・システムの運用支援役務,防衛省九州防衛局,40,福岡県,401307,福岡市,2022-01-31T00:00:00+09:00,2022,役務,,https://www.mod.go.jp/rdb/kyushu/nyuusatsukoukoku/fukuoka/040131.pdf,1.1.0-candidate2,True,True,False,operations_maintenance|network_infrastructure,2,False,False,False,True,False,False,True,False,False,False,False,1,2022-01-31T19:10:10+09:00,pdf,2218845.0,,,,,2022-03-03T00:00:00+09:00,,0,[]
ZnVrdW9rYS9mdWt1b2thaGlnYXNoaV9pcnlvX2NlbnRlci8yMDIyLzIwMjIwMTMxXzAwMzI0Cg==,病院物流システム管理運用業務委託,独立行政法人国立病院機構福岡東医療センター,40,福岡県,402231,古賀市,2022-01-31T00:00:00+09:00,2022,役務,,https://fukuokae.hosp.go.jp/wp-content/uploads/2022/01/20220131a.pdf,1.1.0-candidate2,True,True,False,operations_maintenance,1,False,False,False,True,False,False,False,False,False,False,False,3,2022-01-31T19:05:56+09:00,pdf,338051.0,,,,,,,0,[]
Z292MTMvY2JyX21saXRfY2h1YnVfa293YW4vMjAyMi8yMDIyMDIwMV8wMDA3NQo=,令和4年度 出入管理情報システム点検・保守業務,国土交通省中部地方整備局港湾空港部,23,愛知県,231002,名古屋市,2022-02-01T00:00:00+09:00,2022,役務,,http://www.pa.cbr.mlit.go.jp/file/contract/result/buppin/220201_01koukoku-2.pdf,1.1.0-candidate2,True,True,False,operations_maintenance,1,False,False,False,True,False,False,False,False,False,False,False,188,2022-02-01T19:05:05+09:00,pdf,126520.0,,,,,,,0,[]
Z292Ny9jYnJfbWxpdC8yMDIyLzIwMjIwMjAxXzAzOTQ3Cg==,令和４年度 中部技術システムホスティング環境提供業務,国土交通省中部地方整備局,23,愛知県,231002,名古屋市,2022-02-01T00:00:00+09:00,2022,役務,,https://www.cbr.mlit.go.jp/contract/buppin/bukoukoku/r3/220201-kankyou-chugi.pdf,1.1.0-candidate2,True,True,False,system_services,1,False,True,False,False,False,False,False,False,False,False,False,185,2022-02-01T19:05:08+09:00,pdf,119032.0,A B C D,,,,,,0,[]
YWljaGkvYWljaGlfcm91ZG91a3lva3UvMjAyMi8yMDIyMDIwN18wMDQxNwo=,2/7～2/25公告 【3.2開札】令和4年度愛知労働局ネットワーク（IP電話通信網）保守関連業務委託契約,厚生労働省愛知労働局,23,愛知県,231002,名古屋市,2022-02-07T00:00:00+09:00,2022,役務,,https://jsite.mhlw.go.jp/aichi-roudoukyoku/content/contents/001080554.pdf,1.1.0-candidate2,True,True,False,network_infrastructure,1,False,False,False,False,False,False,True,False,False,False,False,153,2022-02-07T19:05:09+09:00,pdf,110478.0,,,,,,,0,[]
Z292My9tb2RfZ3NkZl9lYWVfZWFmaW4vMjAyMi8yMDIyMDIwN18wNzU3Mwo=,新システム伝送路構築役務,防衛省陸上自衛隊東部方面会計隊,13,東京都,131041,新宿区,2022-02-07T00:00:00+09:00,2022,役務,,https://www.mod.go.jp/gsdf/eae/kaikei/eafin/koukoku/20220218-334A-0820.pdf,1.1.0-candidate2,True,True,False,system_development,1,True,False,False,False,False,False,False,False,False,False,False,88,2022-02-07T19:21:42+09:00,pdf,59183.0,,,,,,,0,[]
Z292My9tb2RfZ3NkZl9lYWVfZWFmaW4vMjAyMi8yMDIyMDIwOF8wNzYxMAo=,陸自情報支援システムの運用・維持に係る技術役務,防衛省陸上自衛隊東部方面会計隊,13,東京都,131041,新宿区,2022-02-08T00:00:00+09:00,2022,役務,,https://www.mod.go.jp/gsdf/eae/kaikei/eafin/koukoku/20220301-GYOU-0250.pdf,1.1.0-candidate2,True,True,False,operations_maintenance,1,False,False,False,True,False,False,False,False,False,False,False,77,2022-02-08T19:27:44+09:00,pdf,224395.0,,,,,,,0,[]
dG9reW8vbmlkcy8yMDIyLzIwMjIwMjA4XzAwNDg1Cg==,公告「防衛研究所電算機システムの運用支援役務」,防衛省防衛研究所,13,東京都,131041,新宿区,2022-02-08T00:00:00+09:00,2022,役務,,http://www.nids.mod.go.jp/procurement/../procurement/ippan/pdf/2022/2_a.pdf,1.1.0-candidate2,True,True,False,operations_maintenance,1,False,False,False,True,False,False,False,False,False,False,False,67,2022-02-08T19:14:11+09:00,pdf,188820.0,,,,,,,0,[]
Z292My9tb2RfZ3NkZl9lYWVfZWFmaW4vMjAyMi8yMDIyMDIxMF8wNzY0Nwo=,［グループ別］離島訓練における陸上総隊司令部と訓練部隊、各関係部隊指揮所との間のシステム・ネットワーク構成に関する役務ほか２件,防衛省陸上自衛隊東部方面会計隊,13,東京都,131041,新宿区,2022-02-10T00:00:00+09:00,2022,役務,,https://www.mod.go.jp/gsdf/eae/kaikei/eafin/koukoku/20220221-GYOU-0350.pdf,1.1.0-candidate2,True,True,False,network_infrastructure,1,False,False,False,False,False,False,True,False,False,False,False,58,2022-02-10T19:31:47+09:00,pdf,224460.0,,,,,,,0,[]
b3Nha2Evb3Nha2FfY2l0eS8yMDIyLzIwMjIwMjEwXzAwNDA4Cg==,道路橋梁総合管理システムプライベートクラウド基盤等業務委託（長期継続契約）,大阪府大阪市,27,大阪府,271004,大阪市,2022-02-10T00:00:00+09:00,2022,役務,,https://www.city.osaka.lg.jp/templates/buppin_nyusatsuanken/cmsfiles/contents/0000557/557699/00_koukokubun.pdf,1.1.0-candidate2,True,True,False,cloud,1,False,False,False,False,True,False,False,False,False,False,False,13,2022-02-10T19:06:44+09:00,pdf,17905.0,,,,,,,2,"[{""name"":""02 【資料1】入札説明書(PDF形式, 425KB)"",""uri"":""https://www.city.osaka.lg.jp/templates/buppin_nyusatsuanken/cmsfiles/contents/0000557/557699/02_nyuusatusetumeisyo.pdf""},{""name"":""03 【資料2】委託仕様書(PDF形式, 2.77MB)"",""uri"":""https://www.city.osaka.lg.jp/templates/buppin_nyusatsuanken/cmsfiles/contents/0000557/557699/03_siyousyo.pdf""}]"
dG9reW8vbXVyYXlhbWFfaXJ5b19jZW50ZXIvMjAyMi8yMDIyMDIxMF8wMDI0MAo=,病院情報システム更新及びサーバー室改修にかかるコンサルティング業務委託,独立行政法人国立病院機構村山医療センター,13,東京都,132233,武蔵村山市,2022-02-10T00:00:00+09:00,2022,役務,,https://www.murayama-hosp.jp/pdf/nyusatsu/20220210_2.pdf,1.1.0-candidate2,True,True,False,system_development|network_infrastructure|it_consulting_planning,3,True,False,False,False,False,False,True,False,False,False,True,49,2022-12-27T19:21:16+09:00,pdf,127137.0,,,,,,,0,[]
aG9ra2FpZG8vb2JpaGlyb19ob3NwLzIwMjIvMjAyMjAyMjJfMDAwNDIK,病院情報システム一式及び保守業務委託,独立行政法人国立病院機構帯広病院,01,北海道,012076,帯広市,2022-02-22T00:00:00+09:00,2022,役務,,https://www.obihiro-hosp.org/wp/wp-content/uploads/2022/02/f821be80eeccf62d1febf51b4ca2d166.pdf,1.1.0-candidate2,True,True,False,operations_maintenance,1,False,False,False,True,False,False,False,False,False,False,False,3,2022-02-24T19:11:51+09:00,pdf,351660.0,,,,,,,0,[]
Z292Ny9jYnJfbWxpdC8yMDIyLzIwMjIwMjI0XzA0MDk0Cg==,令和４年度 地すべり監視サーバ賃貸借,国土交通省中部地方整備局,23,愛知県,231002,名古屋市,2022-02-24T00:00:00+09:00,2022,役務,,https://www.cbr.mlit.go.jp/contract/buppin/bukoukoku/r3/220224-server-hamamatu.pdf,1.1.0-candidate2,True,True,False,network_infrastructure,1,False,False,False,False,False,False,True,False,False,False,False,15,2022-02-24T19:05:10+09:00,pdf,172700.0,C D,,,,,,0,[]
Z292My9tb2RfZ3NkZl9lYWVfZWFmaW4vMjAyMi8yMDIyMDMwMV8wNzg1Nwo=,運用室等デジタル化役務ほか２件,防衛省陸上自衛隊東部方面会計隊,13,東京都,131041,新宿区,2022-03-01T00:00:00+09:00,2022,役務,,https://www.mod.go.jp/gsdf/eae/kaikei/eafin/koukoku/20220308-ENGS-0600.pdf,1.1.0-candidate2,True,False,True,data_digital,1,False,False,False,False,False,False,False,False,True,False,False,42,2022-03-01T19:34:35+09:00,pdf,2995183.0,,,,,,,0,[]
Z292MTMvY2JyX21saXRfY2h1YnVfa293YW4vMjAyMi8yMDIyMDMwMl8wMDA4Mwo=,令和4年度 中部地方整備局港湾WANシステムサーバ等機器保守業務,国土交通省中部地方整備局港湾空港部,23,愛知県,231002,名古屋市,2022-03-02T00:00:00+09:00,2022,役務,,http://www.pa.cbr.mlit.go.jp/file/contract/result/buppin/220302_01koukoku.pdf,1.1.0-candidate2,True,True,False,operations_maintenance|network_infrastructure,2,False,False,False,True,False,False,True,False,False,False,False,70,2022-03-03T19:05:05+09:00,pdf,127627.0,,,,,,,0,[]
Z292My9tb2RfZ3NkZl9lYWVfZWFmaW4vMjAyMi8yMDIyMDMwM18wNzkyMAo=,[変更公告］運用室等デジタル化役務ほか２件,防衛省陸上自衛隊東部方面会計隊,13,東京都,131041,新宿区,2022-03-03T00:00:00+09:00,2022,役務,,https://www.mod.go.jp/gsdf/eae/kaikei/eafin/koukoku/20220308-ENGS-0601.pdf,1.1.0-candidate2,True,False,True,data_digital,1,False,False,False,False,False,False,False,False,True,False,False,36,2022-03-03T19:30:08+09:00,pdf,67423.0,,,,,,,0,[]
b3Nha2Evb3Nha2FfY2l0eS8yMDIyLzIwMjIwMzA0XzAwNDI1Cg==,自治体DXに伴う就学援助システム標準化対応並びに学校園システム再編成計画策定支援業務委託,大阪府大阪市,27,大阪府,271004,大阪市,2022-03-04T00:00:00+09:00,2022,役務,,https://www.city.osaka.lg.jp/templates/buppin_nyusatsuanken/cmsfiles/contents/0000560/560789/1nilyuusatusetumeisilyo.pdf,1.1.0-candidate2,True,True,False,data_digital|it_consulting_planning,2,False,False,False,False,False,False,False,False,True,False,True,10,2022-03-04T19:12:46+09:00,pdf,17905.0,,,,,,,2,"[{""name"":""2-1 仕様書(PDF形式, 1.64MB)"",""uri"":""https://www.city.osaka.lg.jp/templates/buppin_nyusatsuanken/cmsfiles/contents/0000560/560789/2-1siyousilyo.pdf""},{""name"":""2-2 仕様書（別紙）(PDF形式, 1.65MB)"",""uri"":""https://www.city.osaka.lg.jp/templates/buppin_nyusatsuanken/cmsfiles/contents/0000560/560789/2-2siyousilyobessi.pdf""}]"
b3Nha2Evb3Nha2FfY2l0eS8yMDIyLzIwMjIwMzA0XzAwNDI2Cg==,自治体DXに伴う就学援助システム標準化対応並びに学校園システム再編成計画策定支援業務委託,大阪府大阪市,27,大阪府,271004,大阪市,2022-03-04T00:00:00+09:00,2022,役務,,https://www.city.osaka.lg.jp/templates/buppin_nyusatsuanken/cmsfiles/contents/0000560/560789/0seigohyou.pdf,1.1.0-candidate2,True,True,False,data_digital|it_consulting_planning,2,False,False,False,False,False,False,False,False,True,False,True,9,2022-03-07T19:12:22+09:00,pdf,17905.0,,,,,,,3,"[{""name"":""1 入札説明書(PDF形式, 465KB)"",""uri"":""https://www.city.osaka.lg.jp/templates/buppin_nyusatsuanken/cmsfiles/contents/0000560/560789/1nilyuusatusetumeisilyo.pdf""},{""name"":""2-1 仕様書(PDF形式, 1.64MB)"",""uri"":""https://www.city.osaka.lg.jp/templates/buppin_nyusatsuanken/cmsfiles/contents/0000560/560789/2-1siyousilyo.pdf""},{""name"":""2-2 仕様書（別紙）(PDF形式, 1.65MB)"",""uri"":""https://www.city.osaka.lg.jp/templates/buppin_nyusatsuanken/cmsfiles/contents/0000560/560789/2-2siyousilyobessi.pdf""}]"
Z292My9tb2RfZ3NkZl9lYWVfZWFmaW4vMjAyMi8yMDIyMDMwN18wNzk5NQo=,変更公告 運用室等デジタル化役務ほか２件,防衛省陸上自衛隊東部方面会計隊,13,東京都,131041,新宿区,2022-03-07T00:00:00+09:00,2022,役務,,https://www.mod.go.jp/gsdf/eae/kaikei/eafin/koukoku/20220311-ENGS-0602.pdf,1.1.0-candidate2,True,False,True,data_digital,1,False,False,False,False,False,False,False,False,True,False,False,29,2022-03-07T19:37:58+09:00,pdf,79793.0,,,,,,,0,[]
a2FuYWdhd2Eva3VyaWhhbWFfaXJ5b19jZW50ZXIvMjAyMi8yMDIyMDMxMF8wMDEyOAo=,研修管理システム導入及び管理業務委託 一式,独立行政法人国立病院機構久里浜医療センター,14,神奈川県,142018,横須賀市,2022-03-10T00:00:00+09:00,2022,役務,,https://kurihama.hosp.go.jp/about/pdf/bid-2022-03-10-01.pdf,1.1.0-candidate2,True,True,False,system_development,1,True,False,False,False,False,False,False,False,False,False,False,15,2022-03-10T19:11:33+09:00,pdf,150809.0,,,,,,,0,[]
a2FuYWdhd2Eva3VyaWhhbWFfaXJ5b19jZW50ZXIvMjAyMi8yMDIyMDMxMF8wMDEzMQo=,研修管理システム導入及び管理業務委託 一式,独立行政法人国立病院機構久里浜医療センター,14,神奈川県,142018,横須賀市,2022-03-10T00:00:00+09:00,2022,役務,,https://kurihama.hosp.go.jp/about/pdf/bid-2022-03-10-01b.pdf,1.1.0-candidate2,True,True,False,system_development,1,True,False,False,False,False,False,False,False,False,False,False,14,2022-03-18T19:14:48+09:00,pdf,164997.0,,,,,,,0,[]
Z292My9tb2RfZ3NkZl9lYWVfZWFmaW4vMjAyMi8yMDIyMDMxMV8wODAzOQo=,［変更公告］運用室等デジタル化役務ほか２件,防衛省陸上自衛隊東部方面会計隊,13,東京都,131041,新宿区,2022-03-11T00:00:00+09:00,2022,役務,,https://www.mod.go.jp/gsdf/eae/kaikei/eafin/koukoku/20220311-ENGS-0603.pdf,1.1.0-candidate2,True,False,True,data_digital,1,False,False,False,False,False,False,False,False,True,False,False,17,2022-03-11T19:34:00+09:00,pdf,79904.0,,,,,,,0,[]
b3Nha2Evb3Nha2FfY2l0eS8yMDIyLzIwMjIwMzExXzAwNDI4Cg==,大阪港湾局船舶動静・施設使用料管理・運航調整システム再構築・運用保守業務委託,大阪府大阪市,27,大阪府,271004,大阪市,2022-03-11T00:00:00+09:00,2022,役務,,https://www.city.osaka.lg.jp/templates/buppin_nyusatsuanken/cmsfiles/contents/0000560/560688/shiryo1.pdf,1.1.0-candidate2,True,True,False,system_development|operations_maintenance,2,True,False,False,True,False,False,False,False,False,False,False,6,2022-03-11T19:11:28+09:00,pdf,17905.0,,,,,,,2,"[{""name"":""資料2 委託仕様書(PDF形式, 10.82MB)"",""uri"":""https://www.city.osaka.lg.jp/templates/buppin_nyusatsuanken/cmsfiles/contents/0000560/560688/shiryo2.pdf""},{""name"":""資料6 経費積算にあたっての留意事項(PDF形式, 119KB)"",""uri"":""https://www.city.osaka.lg.jp/templates/buppin_nyusatsuanken/cmsfiles/contents/0000560/560688/shiryo6.pdf""}]"
ZnVrdW9rYS9reXVzaHVfaXJ5b19jZW50ZXIvMjAyMi8yMDIyMDMyMl8wMDQ1Mwo=,ホームページリニューアル業務委託,独立行政法人国立病院機構九州医療センター,40,福岡県,401307,福岡市,2022-03-22T00:00:00+09:00,2022,役務,,http://www.kyumed.jp/about/jimu/history.html?cate=3&id=1039&sess=2,1.1.0-candidate2,True,True,False,software_applications,1,False,False,True,False,False,False,False,False,False,False,False,2,2022-03-22T19:08:40+09:00,html,,,,,,,,0,[]
Z292NS9yb2Z1a3UvMjAyMi8yMDIyMDMyNF8wMTUwMAo=,病院情報システム一式及び６年間の保守業務委託 （浜松労災病院）,独立行政法人労働者健康安全機構,14,神奈川県,141305,川崎市,2022-03-24T00:00:00+09:00,2022,役務,,https://www.johas.go.jp/Portals/0/data0/jigyogaiyo/choutatsu/nyusatsu/0403/nyuusatsu040324.pdf,1.1.0-candidate2,True,True,False,operations_maintenance,1,False,False,False,True,False,False,False,False,False,False,False,2,2022-03-24T00:00:00+09:00,pdf,158749.0,,,,,,,0,[]
b3Nha2Evb3Nha2FfY2l0eS8yMDIyLzIwMjIwNDA0XzAwNDM4Cg==,大阪市共通クラウド及び情報系共通基盤の構築・運用保守業務委託,大阪府大阪市,27,大阪府,271004,大阪市,2022-04-04T00:00:00+09:00,2022,役務,,https://www.city.osaka.lg.jp/templates/buppin_nyusatsuanken/cmsfiles/contents/0000563/563788/01_kooukokubunn.pdf,1.1.0-candidate2,True,True,False,cloud,1,False,False,False,False,True,False,False,False,False,False,False,24,2022-04-04T19:14:58+09:00,pdf,17803.0,,,,,,,2,"[{""name"":""02_【資料1】入札説明書(PDF形式, 167KB)"",""uri"":""https://www.city.osaka.lg.jp/templates/buppin_nyusatsuanken/cmsfiles/contents/0000563/563788/02_nyuusatusetumeisyo.pdf""},{""name"":""02_【資料1】入札説明書(DOCX形式, 42KB)"",""uri"":""https://www.city.osaka.lg.jp/templates/buppin_nyusatsuanken/cmsfiles/contents/0000563/563788/03_nyuusatusetumeisyo.docx""}]"
a2FuYWdhd2EvaGFkYW5vX2NpdHkvMjAyMi8yMDIyMDQwNl8wMjIzMgo=,秦野市・伊勢原市共同消防指令センター（仮称）消防総合指令システム・消防救急デジタル無線整備調達支援及び監理委託業務（令和４年度債務負担行為設定）,神奈川県秦野市,14,神奈川県,142115,秦野市,2022-04-06T00:00:00+09:00,2022,役務,,https://www.city.hadano.kanagawa.jp/sekkeitosho/2_gaiyou/5042005.pdf,1.1.0-candidate2,True,True,False,it_consulting_planning,1,False,False,False,False,False,False,False,False,False,False,True,20,2022-04-06T19:09:33+09:00,pdf,330428.0,,,,,,,0,[]
Z292NS9yb2Z1a3UvMjAyMi8yMDIyMDQxNV8wMTUwOQo=,２０２２年度情報セキュリティ監査、脆弱性診断、標的型メール攻撃 訓練業務委託 一式 （本部）,独立行政法人労働者健康安全機構,14,神奈川県,141305,川崎市,2022-04-15T00:00:00+09:00,2022,役務,,https://www.johas.go.jp/Portals/0/data0/jigyogaiyo/choutatsu/nyusatsu/0404/nyuusatsu040415(1).pdf,1.1.0-candidate2,True,True,False,cybersecurity,1,False,False,False,False,False,True,False,False,False,False,False,17,2022-04-15T00:00:00+09:00,pdf,154585.0,,,,,,,0,[]
Z292Ni9xc3JfbWxpdC8yMDIyLzIwMjIwNDE1XzA5MDMyCg==,用地調査等業務委託設計書作成システム改良及び保守,国土交通省九州地方整備局,40,福岡県,401307,福岡市,2022-04-15T00:00:00+09:00,2022,役務,,https://www.qsr.mlit.go.jp/site_files/file/nyusatu_joho/buppin-ekimu-nyuusatukoukoku/R4/e15.pdf,1.1.0-candidate2,True,True,False,system_development|operations_maintenance,2,True,False,False,True,False,False,False,False,False,False,False,5,2022-04-15T19:20:39+09:00,pdf,159917.0,C D,,,,,,0,[]
Z292NS9tYWZmX2pmYS8yMDIyLzIwMjIwNDIwXzAwMTE1Cg==,令和4年度行政情報システム用パーソナルコンピュータ賃貸借及び保守等業務（水産庁漁業調整事務所等）(PDF : 115KB),水産庁,13,東京都,131016,千代田区,2022-04-20T00:00:00+09:00,2022,役務,,https://www.jfa.maff.go.jp/j/gyosei/supply/nyusatu/attach/pdf/ekimu_kiki-5.pdf,1.1.0-candidate2,True,True,False,operations_maintenance,1,False,False,False,True,False,False,False,False,False,False,False,25,2022-05-16T19:38:28+09:00,pdf,117254.0,A B C D,,,,,,1,"[{""name"":""仕様書(PDF : 825KB)"",""uri"":""https://www.jfa.maff.go.jp/j/gyosei/supply/nyusatu/attach/pdf/ekimu_kiki-6.pdf""}]"
Z292Ny9jYnJfbWxpdC8yMDIyLzIwMjIwNDI4XzA0MTk1Cg==,令和４年度 中部地方整備局行政情報サーバ機器賃貸借,国土交通省中部地方整備局,23,愛知県,231002,名古屋市,2022-04-28T00:00:00+09:00,2022,役務,,https://www.cbr.mlit.go.jp/contract/buppin/bukoukoku/r4/220428-server-kyoku.pdf,1.1.0-candidate2,True,True,False,network_infrastructure,1,False,False,False,False,False,False,True,False,False,False,False,2,2022-04-28T19:05:35+09:00,pdf,363586.0,A,,,,,,0,[]
ZnVrdW9rYS9reXV0ZWNoX3VuaXYvMjAyMi8yMDIyMDUxMV8wMTAxMAo=,情報工学部共通アプリケーションシステム 一式,国立大学法人九州工業大学,40,福岡県,,,2022-05-11T00:00:00+09:00,2022,役務,,https://db.jimu.kyutech.ac.jp/cgi-bin/cbdb/db.cgi/%E5%AE%98%E5%A0%B1%E5%85%AC%E5%91%8A%EF%BC%89%E6%83%85%E5%A0%B1%E5%B7%A5%E5%AD%A6%E9%83%A8%E5%85%B1%E9%80%9A%E3%82%A2%E3%83%97%E3%83%AA%E3%82%B1%E3%83%BC%E3%82%B7%E3%83%A7%E3%83%B3%E3%82%B7%E3%82%B9%E3%83%86%E3%83%A0%EF%BC%88%E8%B3%83%E8%B2%B8%E5%80%9F%EF%BC%89%20%E4%B8%80%E5%BC%8F.pdf?page=DBDownload&did=252&rid=2265&fid=12&ct=1&fileext=.pdf,1.1.0-candidate2,True,True,False,software_applications,1,False,False,True,False,False,False,False,False,False,False,False,10,2022-05-11T00:00:00+09:00,pdf,849210.0,A B C,,,2022-08-10T00:00:00+09:00,,,0,[]
a2FuYWdhd2EvaGFkYW5vX2NpdHkvMjAyMi8yMDIyMDUxMV8wMjMzMQo=,令和４年度秦野市市営住宅管理システム構築及び運用保守委託業務（長期継続契約）,神奈川県秦野市,14,神奈川県,142115,秦野市,2022-05-11T00:00:00+09:00,2022,役務,,https://www.city.hadano.kanagawa.jp/sekkeitosho/2_gaiyou/5043075.pdf,1.1.0-candidate2,True,True,False,system_development|operations_maintenance,2,True,False,False,True,False,False,False,False,False,False,False,38,2022-05-11T19:08:55+09:00,pdf,400155.0,,,,,,,0,[]
ZnVrdW9rYS9reXV0ZWNoX3VuaXYvMjAyMi8yMDIyMDUxM18wMTAxMQo=,統合創薬AIプラットフォームのユーザインタフェースの拡張 一式,国立大学法人九州工業大学,40,福岡県,,,2022-05-13T00:00:00+09:00,2022,役務,,https://db.jimu.kyutech.ac.jp/cgi-bin/cbdb/db.cgi/%E5%85%AC%E5%91%8A%EF%BC%89%E7%B5%B1%E5%90%88%E5%89%B5%E8%96%ACAI%E3%83%97%E3%83%A9%E3%83%83%E3%83%88%E3%83%95%E3%82%A9%E3%83%BC%E3%83%A0%E3%81%AE%E3%83%A6%E3%83%BC%E3%82%B6%E3%82%A4%E3%83%B3%E3%82%BF%E3%83%95%E3%82%A7%E3%83%BC%E3%82%B9%E3%81%AE%E6%8B%A1%E5%BC%B5%20%E4%B8%80%E5%BC%8F.pdf?page=DBDownload&did=252&rid=2266&fid=12&ct=1&fileext=.pdf,1.1.0-candidate2,True,True,False,system_development|software_applications|artificial_intelligence,3,True,False,True,False,False,False,False,False,False,True,False,9,2022-05-13T00:00:00+09:00,pdf,68391.0,,,,2022-06-08T00:00:00+09:00,,,0,[]
aG9ra2FpZG8vaGtkX21saXRfZ29fcnVtb2kvMjAyMi8yMDIyMDUxOF8wMDM2OQo=,4．留萌管内防災情報ネットワーク設備調整点検,国土交通省北海道開発局留萌開発建設部,01,北海道,012122,留萌市,2022-05-18T00:00:00+09:00,2022,役務,,https://www.hkd.mlit.go.jp/rm/keiyaku/f6h4sv0000000i3g-att/s2j3ut000000294d.pdf,1.1.0-candidate2,True,True,False,network_infrastructure,1,False,False,False,False,False,False,True,False,False,False,False,6,2022-05-18T19:07:07+09:00,pdf,126913.0,C D,,,,,,0,[]
dG9reW8vbmNjX2dvLzIwMjIvMjAyMjA2MDNfMDE1OTcK,ゲノムデータ連携解析基盤の構築・運用 業務委託 一式,国立研究開発法人国立がん研究センター,13,東京都,,,2022-06-03T00:00:00+09:00,2022,役務,一般競争入札,https://www.ncc.go.jp/jp/other/chotatsu/../../chotatsu/tsukiji/././288koukoku.pdf,1.1.0-candidate2,True,True,False,system_development|data_digital,2,True,False,False,False,False,False,False,False,True,False,False,41,2022-06-03T19:17:07+09:00,pdf,152588.0,,,,,,,0,[]
b3Nha2Eva2lua2ljaHVvX2tva3l1a2lfY2VudGVyLzIwMjIvMjAyMjA2MTRfMDAxNTMK,・令和4年6月14日付 部門システム一式及び7年間の保守業務委託（資料招請）,独立行政法人国立病院機構近畿中央呼吸器センター,27,大阪府,271403,堺市,2022-06-14T00:00:00+09:00,2022,役務,,https://kcmc.hosp.go.jp/files/000175942.pdf,1.1.0-candidate2,True,True,False,operations_maintenance,1,False,False,False,True,False,False,False,False,False,False,False,13,2022-06-14T19:09:40+09:00,pdf,129576.0,,,,,,,0,[]
b3Nha2EvbWlub2hfY2l0eS8yMDIyLzIwMjIwNjE2XzAwMjgzCg==,箕面市教育ICTクラウド（いじめ未然防止システム）構築等業務委託及び箕面市教育ICTクラウド（いじめ未然防止システム）サービス提供等業務委託に係る総合評価落札方式による一般競争入札の実施について,大阪府箕面市,27,大阪府,272205,箕面市,2022-06-16T00:00:00+09:00,2022,役務,,https://www.city.minoh.lg.jp/jidoseito/system.html,1.1.0-candidate2,True,True,False,system_development|system_services|cloud,3,True,True,False,False,True,False,False,False,False,False,False,12,2025-10-21T19:13:47+09:00,html,,,,,,,,21,"[{""name"":""入札説明書（PDF：180KB）"",""uri"":""https://www.city.minoh.lg.jp/jidoseito/documents/setsumeisho.pdf""},{""name"":""仕様書（PDF：204KB）"",""uri"":""https://www.city.minoh.lg.jp/jidoseito/documents/shiyousho.pdf""},{""name"":""資料図（PDF：61KB）"",""uri"":""https://www.city.minoh.lg.jp/jidoseito/documents/shiryouzu.pdf""},{""name"":""自己資本比率の状況（ワード：10KB）"",""uri"":""https://www.city.minoh.lg.jp/jidoseito/documents/004.docx""},{""name"":""流動比率の状況（ワード：10KB）"",""uri"":""https://www.city.minoh.lg.jp/jidoseito/documents/005.docx""},{""name"":""経常利益の状況（ワード：11KB）"",""uri"":""https://www.city.minoh.lg.jp/jidoseito/documents/006.docx""},{""name"":""過去3ヶ年の決算状況（ワード：10KB）"",""uri"":""https://www.city.minoh.lg.jp/jidoseito/documents/007.docx""},{""name"":""キャッシュフローの状況（ワード：10KB）"",""uri"":""https://www.city.minoh.lg.jp/jidoseito/documents/008.docx""},{""name"":""事業者の所在地（ワード：10KB）"",""uri"":""https://www.city.minoh.lg.jp/jidoseito/documents/009.docx""},{""name"":""市との災害時応援協定等の締結による地域貢献の実績（ワード：10KB）"",""uri"":""https://www.city.minoh.lg.jp/jidoseito/documents/010.docx""},{""name"":""事業者の同種・類似業務の実績（ワード：10KB）"",""uri"":""https://www.city.minoh.lg.jp/jidoseito/documents/011.docx""},{""name"":""配置予定従事者の業務実績及び国家資格並びに専門知識（ワード：11KB）"",""uri"":""https://www.city.minoh.lg.jp/jidoseito/documents/012.docx""},{""name"":""研修体制（ワード：11KB）"",""uri"":""https://www.city.minoh.lg.jp/jidoseito/documents/013.docx""},{""name"":""適正な履行確保のための業務体制（ワード：10KB）"",""uri"":""https://www.city.minoh.lg.jp/jidoseito/documents/014.docx""},{""name"":""品質保証への取組（ワード：10KB）"",""uri"":""https://www.city.minoh.lg.jp/jidoseito/documents/015.docx""},{""name"":""個人情報保護に関する取組状況（ワード：9KB）"",""uri"":""https://www.city.minoh.lg.jp/jidoseito/documents/016.docx""},{""name"":""情報セキュリティに関する取組状況（ワード：9KB）"",""uri"":""https://www.city.minoh.lg.jp/jidoseito/documents/017.docx""},{""name"":""業務の実施方法や実施体制、工程表等（ワード：9KB）"",""uri"":""https://www.city.minoh.lg.jp/jidoseito/documents/018.docx""},{""name"":""契約（業務）期間終了後の引継ぎ（ワード：9KB）"",""uri"":""https://www.city.minoh.lg.jp/jidoseito/documents/019.docx""},{""name"":""特定提案など（ワード：9KB）"",""uri"":""https://www.city.minoh.lg.jp/jidoseito/documents/020.docx""},{""name"":""開札立会参加申込書（ワード：18KB）"",""uri"":""https://www.city.minoh.lg.jp/jidoseito/documents/022.doc""}]"
Z292NC9tb2RfbmFpa3lva3UvMjAyMi8yMDIyMDYxN18wNDA1Nwo=,【訂正公告】人事・給与情報システム 次期システム適合化改修役務,防衛省自衛隊,13,東京都,131041,新宿区,2022-06-17T00:00:00+09:00,2022,役務,,https://www.mod.go.jp/j/budget/chotatsu/naikyoku/nyuusatu/2022/0617b.pdf,1.1.0-candidate2,True,True,False,system_development,1,True,False,False,False,False,False,False,False,False,False,False,21,2023-06-22T20:12:00+09:00,pdf,76343.0,,,,,,,0,[]
b3Nha2Evb3Nha2FfY2l0eS8yMDIyLzIwMjIwNjIxXzAwNDU0Cg==,市民の声データベースシステムサービス提供業務委託,大阪府大阪市,27,大阪府,271004,大阪市,2022-06-21T00:00:00+09:00,2022,役務,,https://www.city.osaka.lg.jp/templates/buppin_nyusatsuanken/cmsfiles/contents/0000569/569940/01_koukokubun.pdf,1.1.0-candidate2,True,True,False,system_services,1,False,True,False,False,False,False,False,False,False,False,False,9,2022-06-21T19:10:30+09:00,pdf,17803.0,,,,,,,2,"[{""name"":""（資料1）入札説明書(PDF形式, 274KB)"",""uri"":""https://www.city.osaka.lg.jp/templates/buppin_nyusatsuanken/cmsfiles/contents/0000569/569940/02_nyusatusetumeisyo.pdf""},{""name"":""（資料2）仕様書(PDF形式, 554KB)"",""uri"":""https://www.city.osaka.lg.jp/templates/buppin_nyusatsuanken/cmsfiles/contents/0000569/569940/03_siyousyo.pdf""}]"
b3Nha2EvbWlub2hfY2l0eS8yMDIyLzIwMjIwNjIyXzAwMjgwCg==,箕面市ネットワーク強靭化サーバ等更新等業務委託に係る総合評価落札方式による一般競争入札の実施について,大阪府箕面市,27,大阪府,272205,箕面市,2022-06-22T00:00:00+09:00,2022,役務,,https://www.city.minoh.lg.jp/jigyou/soumu/gyouseijyouhou/kyouzinnka.html,1.1.0-candidate2,True,True,False,network_infrastructure,1,False,False,False,False,False,False,True,False,False,False,False,8,2025-10-21T19:13:40+09:00,html,,,,,,,,1,"[{""name"":""入札説明書（PDF：180KB）"",""uri"":""https://www.city.minoh.lg.jp/jigyou/soumu/gyouseijyouhou/documents/100_nyusatsusetsumeisho.pdf""}]"
b3Nha2EvbWlub2hfY2l0eS8yMDIyLzIwMjIwNjIyXzAwMjgxCg==,農地台帳電子化等業務委託及び農地台帳システム保守業務委託に係る総合評価落札方式による一般競争入札の実施について,大阪府箕面市,27,大阪府,272205,箕面市,2022-06-22T00:00:00+09:00,2022,役務,,https://www.city.minoh.lg.jp/nougyou/r4sougouhyoukanyusatu.html,1.1.0-candidate2,True,True,False,operations_maintenance,1,False,False,False,True,False,False,False,False,False,False,False,7,2025-10-21T19:13:42+09:00,html,,,,,,,,4,"[{""name"":""入札説明書（PDF：163KB）"",""uri"":""https://www.city.minoh.lg.jp/nougyou/documents/nyusatusetumeisyo.pdf""},{""name"":""農地台帳電子化等業務委託（PDF：164KB）"",""uri"":""https://www.city.minoh.lg.jp/nougyou/documents/denshikasiyousyo.pdf""},{""name"":""農地台帳システム保守業務委託（PDF：116KB）"",""uri"":""https://www.city.minoh.lg.jp/nougyou/documents/hosyusiyousyo.pdf""},{""name"":""機能要件書（PDF：178KB）"",""uri"":""https://www.city.minoh.lg.jp/nougyou/documents/kinouyouken.pdf""}]"
b3Nha2Eva2Fkb21hX2NpdHkvMjAyMi8yMDIyMDYyN18wMDIwNgo=,門真市保健福祉センター診療所歯科レセプトコンピューター一式借上業務委託,大阪府門真市,27,大阪府,272230,門真市,2022-06-27T00:00:00+09:00,2022,役務,,https://www.city.kadoma.osaka.jp/material/files/group/23/0001sika.pdf,1.1.0-candidate2,True,True,False,end_user_computing,1,False,False,False,False,False,False,False,True,False,False,False,3,2022-06-27T19:05:11+09:00,pdf,325144.0,,,,,,,1,"[{""name"":""仕様書 (PDFファイル: 224.7KB)"",""uri"":""https://www.city.kadoma.osaka.jp/material/files/group/23/3ika.pdf""}]"
b3Nha2Eva2Fkb21hX2NpdHkvMjAyMi8yMDIyMDYyN18wMDIwNwo=,門真市保健福祉センター診療所医科レセプトコンピューター一式借上業務委託,大阪府門真市,27,大阪府,272230,門真市,2022-06-27T00:00:00+09:00,2022,役務,,https://www.city.kadoma.osaka.jp/material/files/group/23/001ika.pdf,1.1.0-candidate2,True,True,False,end_user_computing,1,False,False,False,False,False,False,False,True,False,False,False,2,2022-06-27T19:05:12+09:00,pdf,324251.0,,,,,,,1,"[{""name"":""仕様書 (PDFファイル: 224.7KB)"",""uri"":""https://www.city.kadoma.osaka.jp/material/files/group/23/3ika.pdf""}]"
Z292My9tb2Rfam9pbnRfc3RhZmYvMjAyMi8yMDIyMDcwMV8wMDY1Nwo=,統合ＩＰ伝送システムのシステム維持整備に係る運用支援等役務,防衛省統合幕僚監部,13,東京都,131041,新宿区,2022-07-01T00:00:00+09:00,2022,役務,,https://www.mod.go.jp/js/Supply/open_bid/c20220701_01.pdf,1.1.0-candidate2,True,True,False,operations_maintenance,1,False,False,False,True,False,False,False,False,False,False,False,78,2022-07-01T19:38:06+09:00,pdf,94918.0,,,,,,,0,[]
dG9reW8va2VpZGFpLzIwMjIvMjAyMjA3MDFfMDA0ODEK,車載ネットワークからのデータ取得役務（形式：59KB）,国家公安委員会（警察庁）警察大学校,13,東京都,132063,府中市,2022-07-01T00:00:00+09:00,2022,役務,,https://www.npa.go.jp/keidai/resources/kobo/tyotatsu/2022/R4-5.pdf,1.1.0-candidate2,True,True,False,network_infrastructure,1,False,False,False,False,False,False,True,False,False,False,False,76,2022-08-03T19:11:28+09:00,pdf,59948.0,,,,,,,0,[]
b3Nha2Eva2Fkb21hX2NpdHkvMjAyMi8yMDIyMDcwNF8wMDIxMAo=,門真市保健福祉センター診療所歯科レセプトコンピューター一式借上業務委託,大阪府門真市,27,大阪府,272230,門真市,2022-07-04T00:00:00+09:00,2022,役務,,https://www.city.kadoma.osaka.jp/material/files/group/23/1sikarese.pdf,1.1.0-candidate2,True,True,False,end_user_computing,1,False,False,False,False,False,False,False,True,False,False,False,23,2022-07-04T19:05:12+09:00,pdf,325429.0,,,,,,,3,"[{""name"":""仕様書 (PDFファイル: 259.5KB)"",""uri"":""https://www.city.kadoma.osaka.jp/material/files/group/23/3sikarese.pdf""},{""name"":""入札参加申請取下書 (Wordファイル: 28.5KB)"",""uri"":""https://www.city.kadoma.osaka.jp/material/files/group/23/sika6.doc""},{""name"":""郵便入札開札立会申込書 (Wordファイル: 16.2KB)"",""uri"":""https://www.city.kadoma.osaka.jp/material/files/group/23/sika7.docx""}]"
b3Nha2Evb3Nha2FfY2l0eS8yMDIyLzIwMjIwNzA1XzAwNDYyCg==,大阪市水道局災害情報システム再構築・運用保守業務委託,大阪府大阪市,27,大阪府,271004,大阪市,2022-07-05T00:00:00+09:00,2022,役務,,https://www.city.osaka.lg.jp/templates/buppin_nyusatsuanken/cmsfiles/contents/0000570/570734/01_KB2022000489.pdf,1.1.0-candidate2,True,True,False,system_development|operations_maintenance,2,True,False,False,True,False,False,False,False,False,False,False,20,2022-07-05T19:10:08+09:00,pdf,17803.0,,,,,,,2,"[{""name"":""資料1 入札説明書(PDF形式, 425KB)"",""uri"":""https://www.city.osaka.lg.jp/templates/buppin_nyusatsuanken/cmsfiles/contents/0000570/570734/02_siryou1_2022000489.pdf""},{""name"":""資料2 業務委託設計書(PDF形式, 1.28MB)"",""uri"":""https://www.city.osaka.lg.jp/templates/buppin_nyusatsuanken/cmsfiles/contents/0000570/570734/03_siryou2_2022000489.pdf""}]"
Z292Ny9jYnJfbWxpdC8yMDIyLzIwMjIwNzExXzA0MjQ2Cg==,令和４年度 工事契約管理システム改良業務,国土交通省中部地方整備局,23,愛知県,231002,名古屋市,2022-07-11T00:00:00+09:00,2022,役務,,https://www.cbr.mlit.go.jp/contract/buppin/bukoukoku/r4/220711-system-kyoku.pdf,1.1.0-candidate2,True,True,False,system_development,1,True,False,False,False,False,False,False,False,False,False,False,11,2022-07-11T19:05:08+09:00,pdf,127545.0,,,,,,,0,[]
ZnVrdW9rYS9reXV0ZWNoX3VuaXYvMjAyMi8yMDIyMDcxM18wMTAzMgo=,生薬の組み合わせから適応可能疾患を予測する計算サーバの拡張 一式,国立大学法人九州工業大学,40,福岡県,,,2022-07-13T00:00:00+09:00,2022,役務,,https://db.jimu.kyutech.ac.jp/cgi-bin/cbdb/db.cgi/%E5%85%AC%E5%91%8A%EF%BC%89%E7%94%9F%E8%96%AC%E3%81%AE%E7%B5%84%E3%81%BF%E5%90%88%E3%82%8F%E3%81%9B%E3%81%8B%E3%82%89%E9%81%A9%E5%BF%9C%E5%8F%AF%E8%83%BD%E7%96%BE%E6%82%A3%E3%82%92%E4%BA%88%E6%B8%AC%E3%81%99%E3%82%8B%E8%A8%88%E7%AE%97%E3%82%B5%E3%83%BC%E3%83%90%E3%81%AE%E6%8B%A1%E5%BC%B5%20%E4%B8%80%E5%BC%8F.pdf?page=DBDownload&did=252&rid=2288&fid=12&ct=1&fileext=.pdf,1.1.0-candidate2,True,True,False,network_infrastructure,1,False,False,False,False,False,False,True,False,False,False,False,10,2022-07-13T00:00:00+09:00,pdf,70337.0,,,,2022-08-05T00:00:00+09:00,,,0,[]
b3Nha2EvbWlub2hfY2l0eS8yMDIyLzIwMjIwNzEzXzAwMjc3Cg==,箕面市行政情報ネットワークにおけるEDRソフトウェア等導入業務委託及び箕面市行政情報ネットワークにおけるEDRソフトウェア等保守業務委託にかかる一般競争入札の実施について,大阪府箕面市,27,大阪府,272205,箕面市,2022-07-13T00:00:00+09:00,2022,役務,,https://www.city.minoh.lg.jp/keiyaku/ippannkyousounyuusatu/documents/edrsoftwaregyoumuitaku.html,1.1.0-candidate2,True,True,False,software_applications|network_infrastructure,2,False,False,True,False,False,False,True,False,False,False,False,13,2025-10-21T19:13:37+09:00,html,,,,,,,,3,"[{""name"":""入札説明書（PDF：268KB）"",""uri"":""https://www.city.minoh.lg.jp/keiyaku/ippannkyousounyuusatu/documents/documents/01nyuusatusetumeisyoedrsoftwaregyoumuitaku.pdf""},{""name"":""仕様書（箕面市行政情報ネットワークにおけるEDRソフトウェア等導入業務委託）（PDF：189KB）"",""uri"":""https://www.city.minoh.lg.jp/keiyaku/ippannkyousounyuusatu/documents/documents/02-1siyousyoedrsoftwaregyoumuitaku.pdf""},{""name"":""仕様書（箕面市行政情報ネットワークにおけるEDRソフトウェア等保守業務委託）（PDF：190KB）"",""uri"":""https://www.city.minoh.lg.jp/keiyaku/ippannkyousounyuusatu/documents/documents/02-2siyousyoedrsoftwaregyoumuitaku.pdf""}]"
Z292NS9yb2Z1a3UvMjAyMi8yMDIyMDcyN18wMTU4OAo=,病院情報システム一式 及び7年間のシステム保守業務委託 （愛媛労災病院）,独立行政法人労働者健康安全機構,14,神奈川県,141305,川崎市,2022-07-27T00:00:00+09:00,2022,役務,,https://www.johas.go.jp/Portals/0/data0/jigyogaiyo/choutatsu/nyusatsu/0407/nyuusatsu040727(1).pdf,1.1.0-candidate2,True,True,False,operations_maintenance,1,False,False,False,True,False,False,False,False,False,False,False,4,2022-07-27T00:00:00+09:00,pdf,180837.0,,,,,,,0,[]
dG9reW8vaGlnYXNoaWt1cnVtZV9jaXR5LzIwMjIvMjAyMjA3MjlfMDAwMTkK,窓口デジタル化支援システム導入業務委託に係る公募型プロポーザル審査結果,東京都東久留米市,13,東京都,132225,東久留米市,2022-07-29T00:00:00+09:00,2022,役務,,https://www.city.higashikurume.lg.jp/_res/projects/default_project/_page_/001/020/075/proposaljisshiyouryoukakutei.pdf,1.1.0-candidate2,True,True,False,system_development|data_digital,2,True,False,False,False,False,False,False,False,True,False,False,1,2025-06-23T20:00:30+09:00,pdf,389090.0,,,,,,,0,[]
Z292Ny9jYnJfbWxpdC8yMDIyLzIwMjIwODA0XzA0Mjc0Cg==,令和４年度 紀勢国道事務所ホームページ作成業務,国土交通省中部地方整備局,23,愛知県,231002,名古屋市,2022-08-04T00:00:00+09:00,2022,役務,,https://www.cbr.mlit.go.jp/contract/buppin/bukoukoku/r4/220804-hp-kisei.pdf,1.1.0-candidate2,True,True,False,software_applications,1,False,False,True,False,False,False,False,False,False,False,False,10,2022-08-04T19:05:09+09:00,pdf,175722.0,B C,,,,,,0,[]
aG9ra2FpZG8vaGtkX21saXRfZ29fcnVtb2kvMjAyMi8yMDIyMDgxMF8wMDM5MQo=,2．洪水予測システム端末及び水文水質データベース管理用端末外一式借入及び保守,国土交通省北海道開発局留萌開発建設部,01,北海道,012122,留萌市,2022-08-10T00:00:00+09:00,2022,役務,,https://www.hkd.mlit.go.jp/rm/keiyaku/f6h4sv0000000i3g-att/s2j3ut0000002nan.pdf,1.1.0-candidate2,True,True,False,operations_maintenance,1,False,False,False,True,False,False,False,False,False,False,False,6,2022-08-10T19:05:32+09:00,pdf,157740.0,A B C D,,,,,,0,[]
dG9reW8va2VpZGFpLzIwMjIvMjAyMjA4MTZfMDA0ODYK,車載ネットワークからのデータ取得役務 一式（形式：56KB）,国家公安委員会（警察庁）警察大学校,13,東京都,132063,府中市,2022-08-16T00:00:00+09:00,2022,役務,,https://www.npa.go.jp/keidai/resources/kobo/tyotatsu/2022/R04-10.pdf,1.1.0-candidate2,True,True,False,network_infrastructure,1,False,False,False,False,False,False,True,False,False,False,False,44,2022-08-16T19:10:03+09:00,pdf,56984.0,,,,,,,0,[]
Z292Ny9jYnJfbWxpdC8yMDIyLzIwMjIwODE3XzA0Mjc5Cg==,令和４年度 河川景観判読ＡＩの高精度化作業,国土交通省中部地方整備局,23,愛知県,231002,名古屋市,2022-08-17T00:00:00+09:00,2022,役務,,https://www.cbr.mlit.go.jp/contract/buppin/bukoukoku/r4/220817-ai-chugi.pdf,1.1.0-candidate2,True,True,False,system_development|artificial_intelligence,2,True,False,False,False,False,False,False,False,False,True,False,6,2022-08-17T19:05:11+09:00,pdf,180520.0,C,,,,,,0,[]
Z292Ny9jYnJfbWxpdC8yMDIyLzIwMjIwODE3XzA0MjgxCg==,令和４年度 津駅前地下道エレベーター監視システム更新作業,国土交通省中部地方整備局,23,愛知県,231002,名古屋市,2022-08-17T00:00:00+09:00,2022,役務,,https://www.cbr.mlit.go.jp/contract/buppin/bukoukoku/r4/220817-elevator-mie.pdf,1.1.0-candidate2,True,True,False,system_development,1,True,False,False,False,False,False,False,False,False,False,False,4,2022-08-17T19:05:12+09:00,pdf,170811.0,A B C D,,,,,,0,[]
b3Nha2Eva2lua2ljaHVvX2tva3l1a2lfY2VudGVyLzIwMjIvMjAyMjA5MDVfMDAxNjIK,・令和4年9月5日付 部門システム一式及び7年間の保守業務委託,独立行政法人国立病院機構近畿中央呼吸器センター,27,大阪府,271403,堺市,2022-09-05T00:00:00+09:00,2022,役務,,https://kcmc.hosp.go.jp/files/000180074.pdf,1.1.0-candidate2,True,True,False,operations_maintenance,1,False,False,False,True,False,False,False,False,False,False,False,10,2022-09-05T19:09:55+09:00,pdf,331440.0,,,,,,,0,[]
dG9reW8vbmlkcy8yMDIyLzIwMjIwOTA4XzAwNTAzCg==,公告「防衛研究所電算機システムデータ移行支援役務」,防衛省防衛研究所,13,東京都,131041,新宿区,2022-09-08T00:00:00+09:00,2022,役務,,http://www.nids.mod.go.jp/procurement/../procurement/ippan/pdf/2022/19_a.pdf,1.1.0-candidate2,True,True,False,network_infrastructure|data_digital,2,False,False,False,False,False,False,True,False,True,False,False,57,2022-09-08T19:21:50+09:00,pdf,183409.0,,,,,,,1,"[{""name"":""仕様書"",""uri"":""http://www.nids.mod.go.jp/procurement/../procurement/ippan/pdf/2022/19_b.pdf""}]"
Z292Ny9jYnJfbWxpdC8yMDIyLzIwMjIwOTEzXzA0MzAxCg==,令和４年度 ２３号地下道エレベーター監視システム更新作業,国土交通省中部地方整備局,23,愛知県,231002,名古屋市,2022-09-13T00:00:00+09:00,2022,役務,,https://www.cbr.mlit.go.jp/contract/buppin/bukoukoku/r4/220913-elevator-mie.pdf,1.1.0-candidate2,True,True,False,system_development,1,True,False,False,False,False,False,False,False,False,False,False,5,2022-09-13T19:05:22+09:00,pdf,169690.0,A B C D,,,,,,0,[]
Z292NC9tb2RfbmFpa3lva3UvMjAyMi8yMDIyMDkxNF8wNDAwNwo=,勤務時間管理システムのプログラム改修役務,防衛省自衛隊,13,東京都,131041,新宿区,2022-09-14T00:00:00+09:00,2022,役務,,https://www.mod.go.jp/j/budget/chotatsu/naikyoku/nyuusatu/2022/0914a.pdf,1.1.0-candidate2,True,True,False,system_development,1,True,False,False,False,False,False,False,False,False,False,False,38,2023-06-22T20:07:00+09:00,pdf,109047.0,,,,,,,0,[]
aG9ra2FpZG8vaGtkX21saXRfZ29fcnVtb2kvMjAyMi8yMDIyMDkyMV8wMDM5OAo=,3．留萌管内 防災情報ネットワーク設備等機器類点検,国土交通省北海道開発局留萌開発建設部,01,北海道,012122,留萌市,2022-09-21T00:00:00+09:00,2022,役務,,https://www.hkd.mlit.go.jp/rm/keiyaku/f6h4sv0000000i3g-att/s2j3ut00000033di.pdf,1.1.0-candidate2,True,True,False,network_infrastructure,1,False,False,False,False,False,False,True,False,False,False,False,9,2022-09-21T19:05:38+09:00,pdf,151172.0,A B C D,,,,,,0,[]
ZnVrdW9rYS9reXV0ZWNoX3VuaXYvMjAyMi8yMDIyMDkyMl8wMTA1Mwo=,ソフトウェア使用許諾権の更新 一式,国立大学法人九州工業大学,40,福岡県,,,2022-09-22T00:00:00+09:00,2022,役務,,https://db.jimu.kyutech.ac.jp/cgi-bin/cbdb/db.cgi/%E5%AE%98%E5%A0%B1%E5%85%AC%E5%91%8A%EF%BC%88%E3%82%BD%E3%83%95%E3%83%88%E3%82%A6%E3%82%A7%E3%82%A2%E4%BD%BF%E7%94%A8%E8%A8%B1%E8%AB%BE%E6%A8%A9%E3%81%AE%E6%9B%B4%E6%96%B0%E4%B8%80%E5%BC%8F%EF%BC%89.pdf?page=DBDownload&did=252&rid=2304&fid=12&ct=1&fileext=.pdf,1.1.0-candidate2,True,True,False,software_applications,1,False,False,True,False,False,False,False,False,False,False,False,2,2022-09-22T00:00:00+09:00,pdf,179134.0,A B C,,,2022-12-12T00:00:00+09:00,,,0,[]
a2FuYWdhd2EvaGFkYW5vX2NpdHkvMjAyMi8yMDIyMDkyOF8wMjU4NAo=,令和４年度秦野市横野区有文書デジタルデータ作成委託業務,神奈川県秦野市,14,神奈川県,142115,秦野市,2022-09-28T00:00:00+09:00,2022,役務,,https://www.city.hadano.kanagawa.jp/sekkeitosho/2_gaiyou/5043139.pdf,1.1.0-candidate2,True,False,True,data_digital,1,False,False,False,False,False,False,False,False,True,False,False,5,2022-09-28T19:08:58+09:00,pdf,395163.0,,,,,,,0,[]
dG9reW8vbmlkcy8yMDIyLzIwMjIwOTI5XzAwNTA2Cg==,再公告「防衛研究所電算機システムデータ移行支援役務」,防衛省防衛研究所,13,東京都,131041,新宿区,2022-09-29T00:00:00+09:00,2022,役務,,http://www.nids.mod.go.jp/procurement/../procurement/ippan/pdf/2022/22_a.pdf,1.1.0-candidate2,True,True,False,network_infrastructure|data_digital,2,False,False,False,False,False,False,True,False,True,False,False,3,2022-09-29T19:26:25+09:00,pdf,169912.0,,,,,,,1,"[{""name"":""仕様書"",""uri"":""http://www.nids.mod.go.jp/procurement/../procurement/ippan/pdf/2022/22_b.pdf""}]"
b3Nha2EvbWlub2hfY2l0eS8yMDIyLzIwMjIxMDAzXzAwMzQ2Cg==,令和4年度箕面市情報セキュリティ監査業務委託に係る一般競争入札の実施について,大阪府箕面市,27,大阪府,272205,箕面市,2022-10-03T00:00:00+09:00,2022,役務,,https://www.city.minoh.lg.jp/keiyaku/ippannkyousounyuusatu/documents/jouhoukannsasekyuriti.html,1.1.0-candidate2,True,True,False,cybersecurity,1,False,False,False,False,False,True,False,False,False,False,False,26,2026-03-23T19:07:47+09:00,html,,,,,,,,2,"[{""name"":""入札説明書（PDF：125KB）"",""uri"":""https://www.city.minoh.lg.jp/keiyaku/ippannkyousounyuusatu/documents/documents/01setsumeisyo.pdf""},{""name"":""仕様書（PDF：244KB）"",""uri"":""https://www.city.minoh.lg.jp/keiyaku/ippannkyousounyuusatu/documents/documents/02shiyousyojouhousekyuritelikansa.pdf""}]"
Z292NS9tYWZmX2pmYS8yMDIyLzIwMjIxMDA2XzAwMTczCg==,令和4年度水産基盤整備事業情報管理システムのアプリケーションバージョンアップ及び試行運用業務B(PDF : 121KB),水産庁,13,東京都,131016,千代田区,2022-10-06T00:00:00+09:00,2022,役務,,https://www.jfa.maff.go.jp/j/gyosei/supply/nyusatu/attach/pdf/ekimu_system-1.pdf,1.1.0-candidate2,True,True,False,software_applications|operations_maintenance,2,False,False,True,True,False,False,False,False,False,False,False,61,2022-10-06T19:30:24+09:00,pdf,123737.0,A B C D,,,,,,1,"[{""name"":""仕様書(PDF : 1,088KB)"",""uri"":""https://www.jfa.maff.go.jp/j/gyosei/supply/nyusatu/attach/pdf/ekimu_system-2.pdf""}]"
YWljaGkvbmNnZy8yMDIyLzIwMjIxMDExXzAwOTQxCg==,生理検査システム保守業務委託契約,国立研究開発法人国立長寿医療研究センター,23,愛知県,232238,大府市,2022-10-11T00:00:00+09:00,2022,役務,,https://www.ncgg.go.jp/ncgg-chotatsu/documents/20221011.pdf,1.1.0-candidate2,True,True,False,operations_maintenance,1,False,False,False,True,False,False,False,False,False,False,False,9,2022-10-11T19:13:39+09:00,pdf,142509.0,,,,,,,0,[]
b3Nha2Eva2Fkb21hX2NpdHkvMjAyMi8yMDIyMTAxMV8wMDI0OQo=,門真市保健福祉センター診療所医科レセプトコンピューター一式借上業務委託,大阪府門真市,27,大阪府,272230,門真市,2022-10-11T00:00:00+09:00,2022,役務,,https://www.city.kadoma.osaka.jp/material/files/group/23/411011.pdf,1.1.0-candidate2,True,True,False,end_user_computing,1,False,False,False,False,False,False,False,True,False,False,False,21,2022-10-11T19:05:15+09:00,pdf,328063.0,,,,,,,3,"[{""name"":""仕様書 (PDFファイル: 228.9KB)"",""uri"":""https://www.city.kadoma.osaka.jp/material/files/group/23/431011.pdf""},{""name"":""入札参加申請取下書 (Wordファイル: 28.5KB)"",""uri"":""https://www.city.kadoma.osaka.jp/material/files/group/23/4061011.doc""},{""name"":""郵便入札開札立会申込書 (Wordファイル: 16.3KB)"",""uri"":""https://www.city.kadoma.osaka.jp/material/files/group/23/4071011.docx""}]"
b3Nha2Eva2Fkb21hX2NpdHkvMjAyMi8yMDIyMTAxMV8wMDI1MAo=,門真市保健福祉センター診療所歯科レセプトコンピューター一式借上業務委託,大阪府門真市,27,大阪府,272230,門真市,2022-10-11T00:00:00+09:00,2022,役務,,https://www.city.kadoma.osaka.jp/material/files/group/23/1011jissi.pdf,1.1.0-candidate2,True,True,False,end_user_computing,1,False,False,False,False,False,False,False,True,False,False,False,22,2022-10-11T19:05:16+09:00,pdf,326909.0,,,,,,,3,"[{""name"":""仕様書 (PDFファイル: 275.8KB)"",""uri"":""https://www.city.kadoma.osaka.jp/material/files/group/23/3011siyou.pdf""},{""name"":""入札参加申請取下書 (Wordファイル: 28.5KB)"",""uri"":""https://www.city.kadoma.osaka.jp/material/files/group/23/0611torisage.doc""},{""name"":""郵便入札開札立会申込書 (Wordファイル: 16.2KB)"",""uri"":""https://www.city.kadoma.osaka.jp/material/files/group/23/0711tatiai.docx""}]"
Z292Mi90Yl9tbGl0X2NodWJ1LzIwMjIvMjAyMjEwMTJfMDAxNjAK,中部運輸局等行政情報ネットワークシステム運用・管理及び保守業務に係る請負契約,国土交通省中部運輸局,23,愛知県,231002,名古屋市,2022-10-12T00:00:00+09:00,2022,役務,,https://wwwtb.mlit.go.jp/chubu/soumu/nyuusatsu/koukoku.pdf,1.1.0-candidate2,True,True,False,operations_maintenance|network_infrastructure,2,False,False,False,True,False,False,True,False,False,False,False,8,2022-10-12T19:53:54+09:00,pdf,84834.0,,,,,,,2,"[{""name"":""仕様書"",""uri"":""https://wwwtb.mlit.go.jp/chubu/soumu/nyuusatsu/siyousyo.pdf""},{""name"":""入札説明書"",""uri"":""https://wwwtb.mlit.go.jp/chubu/soumu/nyuusatsu/setsumeisyo.pdf""}]"
Z292Ny9jYnJfbWxpdC8yMDIyLzIwMjIxMDE4XzA0MzI2Cg==,令和４年度 RPAソフトウェアライセンス調達及び操作補助業務,国土交通省中部地方整備局,23,愛知県,231002,名古屋市,2022-10-18T00:00:00+09:00,2022,役務,,https://www.cbr.mlit.go.jp/contract/buppin/bukoukoku/r4/221018-rpa-kyoku.pdf,1.1.0-candidate2,True,True,False,software_applications,1,False,False,True,False,False,False,False,False,False,False,False,6,2022-10-18T19:05:10+09:00,pdf,192362.0,B C,,,,,,0,[]
Z292Ny9jYnJfbWxpdC8yMDIyLzIwMjIxMDI0XzA0MzI5Cg==,令和４年度 ２３号津駅前エレベーター監視システム更新作業,国土交通省中部地方整備局,23,愛知県,231002,名古屋市,2022-10-24T00:00:00+09:00,2022,役務,,https://www.cbr.mlit.go.jp/contract/buppin/bukoukoku/r4/221024-elevator-mie.pdf,1.1.0-candidate2,True,True,False,system_development,1,True,False,False,False,False,False,False,False,False,False,False,4,2022-10-24T19:05:15+09:00,pdf,170892.0,A B C D,,,,,,0,[]
b3Nha2Eva2Fkb21hX2NpdHkvMjAyMi8yMDIyMTAyNF8wMDI2MAo=,門真市保健福祉センター診療所歯科レセプトコンピューター一式借上業務委託,大阪府門真市,27,大阪府,272230,門真市,2022-10-24T00:00:00+09:00,2022,役務,,https://www.city.kadoma.osaka.jp/material/files/group/23/11024jisi.pdf,1.1.0-candidate2,True,True,False,end_user_computing,1,False,False,False,False,False,False,False,True,False,False,False,5,2022-10-24T19:05:26+09:00,pdf,335547.0,,,,,,,3,"[{""name"":""仕様書 (PDFファイル: 272.4KB)"",""uri"":""https://www.city.kadoma.osaka.jp/material/files/group/23/31024sikasiyousyo.pdf""},{""name"":""入札参加申請取下書 (Wordファイル: 28.5KB)"",""uri"":""https://www.city.kadoma.osaka.jp/material/files/group/23/61024sikatorisage.doc""},{""name"":""郵便入札開札立会申込書 (Wordファイル: 16.2KB)"",""uri"":""https://www.city.kadoma.osaka.jp/material/files/group/23/71024sikatatiai.docx""}]"
b3Nha2Eva2Fkb21hX2NpdHkvMjAyMi8yMDIyMTAyNF8wMDI2MQo=,門真市保健福祉センター診療所医科レセプトコンピューター一式借上業務委託,大阪府門真市,27,大阪府,272230,門真市,2022-10-24T00:00:00+09:00,2022,役務,,https://www.city.kadoma.osaka.jp/material/files/group/23/11024ikajissi.pdf,1.1.0-candidate2,True,True,False,end_user_computing,1,False,False,False,False,False,False,False,True,False,False,False,4,2022-10-24T19:05:27+09:00,pdf,326297.0,,,,,,,3,"[{""name"":""仕様書 (PDFファイル: 229.1KB)"",""uri"":""https://www.city.kadoma.osaka.jp/material/files/group/23/31024siyousyo.pdf""},{""name"":""入札参加申請取下書 (Wordファイル: 28.5KB)"",""uri"":""https://www.city.kadoma.osaka.jp/material/files/group/23/61024ikatorisage.doc""},{""name"":""郵便入札開札立会申込書 (Wordファイル: 16.3KB)"",""uri"":""https://www.city.kadoma.osaka.jp/material/files/group/23/70124ikayuubintatiai.docx""}]"
Z292Ny9jYnJfbWxpdC8yMDIyLzIwMjIxMDI1XzA0MzMyCg==,令和４年度 飯田国道ホームページ作成業務,国土交通省中部地方整備局,23,愛知県,231002,名古屋市,2022-10-25T00:00:00+09:00,2022,役務,,https://www.cbr.mlit.go.jp/contract/buppin/bukoukoku/r4/221025-hp-iida.pdf,1.1.0-candidate2,True,True,False,software_applications,1,False,False,True,False,False,False,False,False,False,False,False,2,2022-10-25T19:05:16+09:00,pdf,221552.0,C D,,,,,,0,[]
aG9ra2FpZG8vaG9ra2FpZG9fcHJlZi8yMDIyLzIwMjIxMDMxXzAwMDM4Cg==,北海道立北の森づくり専門学院教務システム改修委託業務の入札,北海道,01,北海道,,,2022-10-31T00:00:00+09:00,2022,役務,,https://www.pref.hokkaido.lg.jp/sr/kms/132902.html,1.1.0-candidate2,True,True,False,system_development,1,True,False,False,False,False,False,False,False,False,False,False,1,2022-11-28T19:48:32+09:00,html,,,,,,,,2,"[{""name"":""北海道立北の森づくり専門学院告示第１０号ほか (ZIP 475KB)"",""uri"":""https://www.pref.hokkaido.lg.jp/fs/7/0/7/8/3/8/4/_/%E5%85%A5%E6%9C%AD%E3%81%AE%E5%85%AC%E5%91%8A.zip""},{""name"":""資料 (ZIP 1.01MB)"",""uri"":""https://www.pref.hokkaido.lg.jp/fs/7/0/7/8/3/8/7/_/%E8%B3%87%E6%96%99.zip""}]"
ZnVrdW9rYS9reXVzaHVfZ2FuX2NlbnRlci8yMDIyLzIwMjIxMTAxXzAwMzIyCg==,病院物流システムの管理運用に係る業務委託 一式,独立行政法人国立病院機構九州がんセンター,40,福岡県,401307,福岡市,2022-11-01T00:00:00+09:00,2022,役務,,https://kyushu-cc.hosp.go.jp/filebox/resources/1667180107_2022110101_nyusatsu.pdf,1.1.0-candidate2,True,True,False,operations_maintenance,1,False,False,False,True,False,False,False,False,False,False,False,12,2025-01-31T19:24:35+09:00,pdf,86540.0,,,,,,,0,[]
Z292Ny9jYnJfbWxpdC8yMDIyLzIwMjIxMTA3XzA0MzM4Cg==,令和４年度 業者検索システム改良業務,国土交通省中部地方整備局,23,愛知県,231002,名古屋市,2022-11-07T00:00:00+09:00,2022,役務,,https://www.cbr.mlit.go.jp/contract/buppin/bukoukoku/r4/221107_kensaku_kyoku.pdf,1.1.0-candidate2,True,True,False,system_development,1,True,False,False,False,False,False,False,False,False,False,False,15,2022-11-07T19:05:11+09:00,pdf,129268.0,C D,,,,,,0,[]
b3Nha2EvbWlub2hfY2l0eS8yMDIyLzIwMjIxMTE3XzAwMjY2Cg==,箕面市AIチャットボット構築及び本格稼働に向けた運用支援業務委託に係る総合評価落札方式による一般競争入札の実施について,大阪府箕面市,27,大阪府,272205,箕面市,2022-11-17T00:00:00+09:00,2022,役務,,https://www.city.minoh.lg.jp/gyoukaku/chatobot.html,1.1.0-candidate2,True,True,False,system_development|software_applications|artificial_intelligence,3,True,False,True,False,False,False,False,False,False,True,False,6,2025-10-21T19:13:23+09:00,html,,,,,,,,2,"[{""name"":""入札説明書（PDF：157KB）"",""uri"":""https://www.city.minoh.lg.jp/gyoukaku/documents/setsumesho.pdf""},{""name"":""仕様書（PDF：117KB）"",""uri"":""https://www.city.minoh.lg.jp/gyoukaku/documents/shiyosho.pdf""}]"
Z292NC9tb2RfbmFpa3lva3UvMjAyMi8yMDIyMTEyOV8wMzk0NQo=,人事・給与情報システム システム運用支援役務,防衛省自衛隊,13,東京都,131041,新宿区,2022-11-29T00:00:00+09:00,2022,役務,,https://www.mod.go.jp/j/budget/chotatsu/naikyoku/nyuusatu/2022/1129a.pdf,1.1.0-candidate2,True,True,False,operations_maintenance,1,False,False,False,True,False,False,False,False,False,False,False,5,2023-06-22T20:00:48+09:00,pdf,234103.0,,,,,,,0,[]
Z292NC9tb2RfbmFpa3lva3UvMjAyMi8yMDIyMTEyOV8wMzk0Ngo=,人事・給与情報システム ヘルプデスク業務支援役務,防衛省自衛隊,13,東京都,131041,新宿区,2022-11-29T00:00:00+09:00,2022,役務,,https://www.mod.go.jp/j/budget/chotatsu/naikyoku/nyuusatu/2022/1129b.pdf,1.1.0-candidate2,True,True,False,operations_maintenance,1,False,False,False,True,False,False,False,False,False,False,False,4,2023-06-22T20:00:53+09:00,pdf,153249.0,,,,,,,0,[]
Z292NC9tb2RfbmFpa3lva3UvMjAyMi8yMDIyMTEyOV8wMzk0Nwo=,人事・給与情報システム アプリケーション保守役務,防衛省自衛隊,13,東京都,131041,新宿区,2022-11-29T00:00:00+09:00,2022,役務,,https://www.mod.go.jp/j/budget/chotatsu/naikyoku/nyuusatu/2022/1129c.pdf,1.1.0-candidate2,True,True,False,software_applications|operations_maintenance,2,False,False,True,True,False,False,False,False,False,False,False,3,2023-06-22T20:01:00+09:00,pdf,234020.0,,,,,,,0,[]
dG9reW8vbmlkcy8yMDIyLzIwMjIxMjA2XzAwNTEzCg==,公告「防衛研究所電算機システムの運用支援役務」,防衛省防衛研究所,13,東京都,131041,新宿区,2022-12-06T00:00:00+09:00,2022,役務,,http://www.nids.mod.go.jp/procurement/../procurement/ippan/pdf/2022/29_a.pdf,1.1.0-candidate2,True,True,False,operations_maintenance,1,False,False,False,True,False,False,False,False,False,False,False,75,2022-12-06T19:31:47+09:00,pdf,217142.0,,,,,,,0,[]
Z292NC9tb2RfbmFpa3lva3UvMjAyMi8yMDIyMTIwOV8wMzkzMQo=,防衛省・自衛隊システムにおけるクラウド技術活用のための検討支援等役務,防衛省自衛隊,13,東京都,131041,新宿区,2022-12-09T00:00:00+09:00,2022,役務,,https://www.mod.go.jp/j/budget/chotatsu/naikyoku/nyuusatu/2022/1209b.pdf,1.1.0-candidate2,True,True,False,cloud,1,False,False,False,False,True,False,False,False,False,False,False,59,2023-06-22T19:59:23+09:00,pdf,230304.0,,,,,,,0,[]
ZnVrdW9rYS9reXV0ZWNoX3VuaXYvMjAyMi8yMDIyMTIxNF8wMTA4MAo=,レザバー計算用ソフトウェアのクラウド設置基本設計業務および性能評価業務 一式,国立大学法人九州工業大学,40,福岡県,,,2022-12-14T00:00:00+09:00,2022,役務,,https://db.jimu.kyutech.ac.jp/cgi-bin/cbdb/db.cgi/%E5%85%AC%E5%91%8A%EF%BC%89%E3%83%AC%E3%82%B6%E3%83%90%E3%83%BC%E8%A8%88%E7%AE%97%E7%94%A8%E3%82%BD%E3%83%95%E3%83%88%E3%82%A6%E3%82%A7%E3%82%A2%E3%81%AE%E3%82%AF%E3%83%A9%E3%82%A6%E3%83%89%E8%A8%AD%E7%BD%AE%E5%9F%BA%E6%9C%AC%E8%A8%AD%E8%A8%88%E6%A5%AD%E5%8B%99%E3%81%8A%E3%82%88%E3%81%B3%E6%80%A7%E8%83%BD%E8%A9%95%E4%BE%A1%E6%A5%AD%E5%8B%99.pdf?page=DBDownload&did=252&rid=2336&fid=12&ct=1&fileext=.pdf,1.1.0-candidate2,True,True,False,software_applications|cloud,2,False,False,True,False,True,False,False,False,False,False,False,2,2022-12-14T00:00:00+09:00,pdf,65593.0,,,,2023-01-11T00:00:00+09:00,,,0,[]
a2FuYWdhd2EvaGFkYW5vX2NpdHkvMjAyMi8yMDIyMTIxNF8wMjY3MQo=,令和４年度秦野市表丹沢野外活動センター屋外無線ＬＡＮネットワーク構築委託業務,神奈川県秦野市,14,神奈川県,142115,秦野市,2022-12-14T00:00:00+09:00,2022,役務,,https://www.city.hadano.kanagawa.jp/sekkeitosho/2_gaiyou/5043170.pdf,1.1.0-candidate2,True,True,False,network_infrastructure,1,False,False,False,False,False,False,True,False,False,False,False,30,2022-12-14T19:10:36+09:00,pdf,1148625.0,,,,,,,0,[]
YWljaGkvbmNnZy8yMDIyLzIwMjIxMjE1XzAwOTc1Cg==,レーザーシステム GreenLight HPS 保守業務委託契約,国立研究開発法人国立長寿医療研究センター,23,愛知県,232238,大府市,2022-12-15T00:00:00+09:00,2022,役務,,https://www.ncgg.go.jp/ncgg-chotatsu/documents/20221215-1.pdf,1.1.0-candidate2,True,True,False,operations_maintenance,1,False,False,False,True,False,False,False,False,False,False,False,26,2022-12-15T19:17:47+09:00,pdf,135040.0,,,,,,,0,[]
Z292Ny9jYnJfbWxpdC8yMDIyLzIwMjIxMjE1XzA0MzcxCg==,令和４年度 電線共同溝許認可管理システム検証・改修作業,国土交通省中部地方整備局,23,愛知県,231002,名古屋市,2022-12-15T00:00:00+09:00,2022,役務,,https://www.cbr.mlit.go.jp/contract/buppin/bukoukoku/r4/221215-system-kyoku.pdf,1.1.0-candidate2,True,True,False,system_development,1,True,False,False,False,False,False,False,False,False,False,False,23,2022-12-15T19:05:11+09:00,pdf,231467.0,C D,,,,,,0,[]
Z292OS9qcGYvMjAyMi8yMDIyMTIxOV8wMDQ3Mgo=,次世代事業情報システムの設計・開発等に係る工程管理支援等業務委託,独立行政法人国際交流基金,13,東京都,131041,新宿区,2022-12-19T00:00:00+09:00,2022,役務,,https://www.jpf.go.jp/j/about/bid/published/dl/221219_1.pdf,1.1.0-candidate2,True,True,False,system_development,1,True,False,False,False,False,False,False,False,False,False,False,34,2022-12-19T19:05:12+09:00,pdf,183844.0,A B C,,,,,,0,[]
Z292NS9tYWZmX2pmYS8yMDIzLzIwMjMwMTA2XzAwMTkzCg==,船舶航跡システム（VMAC）に係る船舶用端末等の設置及び保守・運用業務(PDF : 110KB),水産庁,13,東京都,131016,千代田区,2023-01-06T00:00:00+09:00,2023,役務,,https://www.jfa.maff.go.jp/j/gyosei/supply/nyusatu/attach/pdf/ekimu_sonota-146.pdf,1.1.0-candidate2,True,True,False,operations_maintenance,1,False,False,False,True,False,False,False,False,False,False,False,108,2023-01-06T19:22:21+09:00,pdf,111908.0,A B C,,,,,,1,"[{""name"":""仕様書(PDF : 1,656KB)"",""uri"":""https://www.jfa.maff.go.jp/j/gyosei/supply/nyusatu/attach/pdf/ekimu_sonota-147.pdf""}]"
aG9ra2FpZG8vaGtkX21saXRfZ29fcnVtb2kvMjAyMy8yMDIzMDExMV8wMDQyMQo=,7. 留萌開発建設部管内 情報通信システム装置保守点検,国土交通省北海道開発局留萌開発建設部,01,北海道,012122,留萌市,2023-01-11T00:00:00+09:00,2023,役務,,https://www.hkd.mlit.go.jp/rm/keiyaku/f6h4sv0000000i3g-att/s2j3ut0000003jfh.pdf,1.1.0-candidate2,True,True,False,system_development|operations_maintenance,2,True,False,False,True,False,False,False,False,False,False,False,48,2023-01-11T19:06:15+09:00,pdf,123409.0,A B C D,,,,,,0,[]
Z292NC9tb2RfbmFpa3lva3UvMjAyMy8yMDIzMDExOF8wMzkwMQo=,特別調達資金事務処理システム運用管理支援役務,防衛省自衛隊,13,東京都,131041,新宿区,2023-01-18T00:00:00+09:00,2023,役務,,https://www.mod.go.jp/j/budget/chotatsu/naikyoku/nyuusatu/2023/0118a.pdf,1.1.0-candidate2,True,True,False,operations_maintenance,1,False,False,False,True,False,False,False,False,False,False,False,76,2023-06-22T19:56:20+09:00,pdf,143220.0,,,,,,,0,[]
b3Nha2Evb3Nha2FfY2l0eS8yMDIzLzIwMjMwMTE5XzAwNTQ0Cg==,ごみ収集車両運行管理システムサービス提供業務委託【総合評価方式】,大阪府大阪市,27,大阪府,271004,大阪市,2023-01-19T00:00:00+09:00,2023,役務,,https://www.city.osaka.lg.jp/templates/buppin_nyusatsuanken/cmsfiles/contents/0000586/586983/04.koukokubunn.pdf,1.1.0-candidate2,True,True,False,system_services,1,False,True,False,False,False,False,False,False,False,False,False,20,2023-01-19T19:14:32+09:00,pdf,17803.0,,,,,,,6,"[{""name"":""入札説明書(PDF形式, 636KB)"",""uri"":""https://www.city.osaka.lg.jp/templates/buppin_nyusatsuanken/cmsfiles/contents/0000586/586983/05.nyuusatusetumeisyo.pdf""},{""name"":""初期費用・維持費用積算書(XLSX形式, 16KB)"",""uri"":""https://www.city.osaka.lg.jp/templates/buppin_nyusatsuanken/cmsfiles/contents/0000586/586983/05.syokihiyouijihiyousekisannsyo.xlsx""},{""name"":""仕様書(PDF形式, 818KB)"",""uri"":""https://www.city.osaka.lg.jp/templates/buppin_nyusatsuanken/cmsfiles/contents/0000586/586983/06.siyousyo.pdf""},{""name"":""一般競争入札参加申出書(PDF形式, 87KB)"",""uri"":""https://www.city.osaka.lg.jp/templates/buppin_nyusatsuanken/cmsfiles/contents/0000586/586983/08.sannkamousidesyo.pdf""},{""name"":""特定調達についての入札の手引(PDF形式, 169KB)"",""uri"":""https://www.city.osaka.lg.jp/templates/buppin_nyusatsuanken/cmsfiles/contents/0000586/586983/11.nyuusatunotebiki.pdf""},{""name"":""大阪市競争入札参加者心得(PDF形式, 150KB)"",""uri"":""https://www.city.osaka.lg.jp/templates/buppin_nyusatsuanken/cmsfiles/contents/0000586/586983/12.kokoroe.pdf""}]"
b3Nha2Evb3Nha2FfY2l0eS8yMDIzLzIwMjMwMTE5XzAwNTQ1Cg==,令和5年度マイクロソフト社製ソフトウェア等ライセンス取得業務委託（概算契約）,大阪府大阪市,27,大阪府,271004,大阪市,2023-01-19T00:00:00+09:00,2023,役務,,https://www.city.osaka.lg.jp/templates/buppin_nyusatsuanken/cmsfiles/contents/0000589/589994/00_koukokubun.pdf,1.1.0-candidate2,True,True,False,software_applications,1,False,False,True,False,False,False,False,False,False,False,False,19,2023-01-19T19:14:33+09:00,pdf,17803.0,,,,,,,4,"[{""name"":""01_入札説明書(DOC形式, 64KB)"",""uri"":""https://www.city.osaka.lg.jp/templates/buppin_nyusatsuanken/cmsfiles/contents/0000589/589994/01_nyusatusetumeisyo.doc""},{""name"":""01_入札説明書(PDF形式, 170KB)"",""uri"":""https://www.city.osaka.lg.jp/templates/buppin_nyusatsuanken/cmsfiles/contents/0000589/589994/01_nyusatusetumeisyo.pdf""},{""name"":""04_仕様書(DOC形式, 151KB)"",""uri"":""https://www.city.osaka.lg.jp/templates/buppin_nyusatsuanken/cmsfiles/contents/0000589/589994/04_shiyousyo.doc""},{""name"":""04_仕様書(PDF形式, 545KB)"",""uri"":""https://www.city.osaka.lg.jp/templates/buppin_nyusatsuanken/cmsfiles/contents/0000589/589994/04_shiyousyo.pdf""}]"
b3Nha2Evb3Nha2FfY2l0eS8yMDIzLzIwMjMwMTE5XzAwNTQyCg==,令和5年度Musarubra Japan社製ソフトウェア等ライセンス取得業務委託（概算契約）,大阪府大阪市,27,大阪府,271004,大阪市,2023-01-19T00:00:00+09:00,2023,役務,,https://www.city.osaka.lg.jp/templates/buppin_nyusatsuanken/cmsfiles/contents/0000590/590002/00_koukokubun.pdf,1.1.0-candidate2,True,True,False,software_applications,1,False,False,True,False,False,False,False,False,False,False,False,18,2023-01-19T19:14:29+09:00,pdf,17803.0,,,,,,,4,"[{""name"":""01_入札説明書(DOC形式, 65KB)"",""uri"":""https://www.city.osaka.lg.jp/templates/buppin_nyusatsuanken/cmsfiles/contents/0000590/590002/01_nyusatusetumeisyo.doc""},{""name"":""01_入札説明書(PDF形式, 182KB)"",""uri"":""https://www.city.osaka.lg.jp/templates/buppin_nyusatsuanken/cmsfiles/contents/0000590/590002/01_nyusatusetumeisyo.pdf""},{""name"":""04_仕様書(DOC形式, 109KB)"",""uri"":""https://www.city.osaka.lg.jp/templates/buppin_nyusatsuanken/cmsfiles/contents/0000590/590002/04_shiyousyo.doc""},{""name"":""04_仕様書(PDF形式, 490KB)"",""uri"":""https://www.city.osaka.lg.jp/templates/buppin_nyusatsuanken/cmsfiles/contents/0000590/590002/04_shiyousyo.pdf""}]"
Z292NC9tb2RfbmFpa3lva3UvMjAyMy8yMDIzMDEyMF8wMzg5NAo=,情報セキュリティ対策に関する調査実施役務,防衛省自衛隊,13,東京都,131041,新宿区,2023-01-20T00:00:00+09:00,2023,役務,,https://www.mod.go.jp/j/budget/chotatsu/naikyoku/nyuusatu/2023/0120a.pdf,1.1.0-candidate2,True,True,False,cybersecurity,1,False,False,False,False,False,True,False,False,False,False,False,68,2023-06-22T19:55:38+09:00,pdf,155548.0,,,,,,,0,[]
Z292Ny9jYnJfbWxpdC8yMDIzLzIwMjMwMTIwXzA0NDc0Cg==,令和５年度 単価契約ホームページ等更新業務,国土交通省中部地方整備局,23,愛知県,231002,名古屋市,2023-01-20T00:00:00+09:00,2023,役務,,https://www.cbr.mlit.go.jp/contract/buppin/bukoukoku/r4/230120-hp-kyoku.pdf,1.1.0-candidate2,True,True,False,software_applications,1,False,False,True,False,False,False,False,False,False,False,False,54,2023-01-20T19:05:16+09:00,pdf,218131.0,C,,,,,,0,[]
ZnVrdW9rYS9wb2xpY2VfZnVrdW9rYS8yMDIzLzIwMjMwMTIzXzAxMTIyCg==,交通規制集データ化業務委託契約に係る入札について,国家公安委員会（警察庁）福岡県警察,40,福岡県,401307,福岡市,2023-01-23T00:00:00+09:00,2023,役務,,https://www.police.pref.fukuoka.jp/data/open/cnt/3/15636/1/6koutuukiseishuukoukou.pdf,1.1.0-candidate2,True,False,True,data_digital,1,False,False,False,False,False,False,False,False,True,False,False,15,2023-01-23T19:12:23+09:00,pdf,175347.0,,,,,,,1,"[{""name"":""交通規制集データ化業務委託契約に係る入札について（入札説明書） （4,090kbyte）"",""uri"":""https://www.police.pref.fukuoka.jp/data/open/cnt/3/15636/1/6koutuukiseishuusetumei.pdf""}]"
Z292NS9tYWZmX2pmYS8yMDIzLzIwMjMwMTI0XzAwMjE0Cg==,令和5年度新たな資源管理システム構築促進事業のうち国際資源の管理体制構築促進事業のうち輸入まぐろ類流通管理事業に係るまぐろ類流通管理データベースの運用・保守及びサーバのOS等バージョンアップ業務の公募について(企画競争)(PDF : 259KB),水産庁,13,東京都,131016,千代田区,2023-01-24T00:00:00+09:00,2023,役務,,https://www.jfa.maff.go.jp/j/gyosei/supply/nyusatu/attach/pdf/ekimu_system-4.pdf,1.1.0-candidate2,True,True,False,operations_maintenance|network_infrastructure,2,False,False,False,True,False,False,True,False,False,False,False,50,2023-01-24T19:24:27+09:00,pdf,265012.0,A B C D,,,,,,3,"[{""name"":""応募要領(PDF : 479KB)"",""uri"":""https://www.jfa.maff.go.jp/j/gyosei/supply/nyusatu/attach/pdf/ekimu_system-8.pdf""},{""name"":""仕様書(PDF : 1,240KB)"",""uri"":""https://www.jfa.maff.go.jp/j/gyosei/supply/nyusatu/attach/pdf/ekimu_system-5.pdf""},{""name"":""審査基準(PDF : 355KB)"",""uri"":""https://www.jfa.maff.go.jp/j/gyosei/supply/nyusatu/attach/pdf/ekimu_system-3.pdf""}]"
Z292NS9tYWZmX2pmYS8yMDIzLzIwMjMwMTI0XzAwMjEzCg==,令和5年度スマート水産業推進事業のうちスマート水産業情報システム構築推進事業（漁獲情報収集・管理等デジタル化推進事業）業務(PDF : 144KB),水産庁,13,東京都,131016,千代田区,2023-01-24T00:00:00+09:00,2023,役務,,https://www.jfa.maff.go.jp/j/gyosei/supply/nyusatu/attach/pdf/ekimu_system-6.pdf,1.1.0-candidate2,True,True,False,system_development|data_digital,2,True,False,False,False,False,False,False,False,True,False,False,51,2023-01-24T19:23:52+09:00,pdf,146635.0,A B C D,,,,,,1,"[{""name"":""応募要領(PDF : 5,839KB)"",""uri"":""https://www.jfa.maff.go.jp/j/gyosei/supply/nyusatu/attach/pdf/ekimu_system-7.pdf""}]"
Z292Ny9jYnJfbWxpdC8yMDIzLzIwMjMwMTI0XzA0NDc4Cg==,令和5年度 積算システム運用管理業務,国土交通省中部地方整備局,23,愛知県,231002,名古屋市,2023-01-24T00:00:00+09:00,2023,役務,,https://www.cbr.mlit.go.jp/contract/buppin/bukoukoku/r4/230124-system-kyoku.pdf,1.1.0-candidate2,True,True,False,operations_maintenance,1,False,False,False,True,False,False,False,False,False,False,False,49,2023-01-24T19:05:07+09:00,pdf,188839.0,A B,,,,,,0,[]
Z292NC9tb2RfbmFpa3lva3UvMjAyMy8yMDIzMDEyNl8wMzg4MAo=,【訂正公告】人事・給与情報システム システム運用支援役務,防衛省自衛隊,13,東京都,131041,新宿区,2023-01-26T00:00:00+09:00,2023,役務,,https://www.mod.go.jp/j/budget/chotatsu/naikyoku/nyuusatu/2023/0126c.pdf,1.1.0-candidate2,True,True,False,operations_maintenance,1,False,False,False,True,False,False,False,False,False,False,False,30,2023-06-22T19:54:10+09:00,pdf,145253.0,,,,,,,0,[]
Z292NC9tb2RfbmFpa3lva3UvMjAyMy8yMDIzMDEyNl8wMzg4MQo=,【訂正公告】人事・給与情報システム ヘルプデスク業務支援役務,防衛省自衛隊,13,東京都,131041,新宿区,2023-01-26T00:00:00+09:00,2023,役務,,https://www.mod.go.jp/j/budget/chotatsu/naikyoku/nyuusatu/2023/0126d.pdf,1.1.0-candidate2,True,True,False,operations_maintenance,1,False,False,False,True,False,False,False,False,False,False,False,29,2023-06-22T19:54:19+09:00,pdf,145601.0,,,,,,,0,[]
Z292NC9tb2RfbmFpa3lva3UvMjAyMy8yMDIzMDEyNl8wMzg4Mgo=,【訂正公告】人事・給与情報システム アプリケーション保守役務,防衛省自衛隊,13,東京都,131041,新宿区,2023-01-26T00:00:00+09:00,2023,役務,,https://www.mod.go.jp/j/budget/chotatsu/naikyoku/nyuusatu/2023/0126e.pdf,1.1.0-candidate2,True,True,False,software_applications|operations_maintenance,2,False,False,True,True,False,False,False,False,False,False,False,28,2023-06-22T19:54:25+09:00,pdf,145379.0,,,,,,,0,[]
Z292NS9tYWZmX2pmYS8yMDIzLzIwMjMwMTI2XzAwMjIyCg==,令和5年度かつお・まぐろ・遠底VMSシステムに係る現行システムの運用・保守、クラウド移行・移行後の運用保守業務の公募について(企画競争)(PDF : 139KB),水産庁,13,東京都,131016,千代田区,2023-01-26T00:00:00+09:00,2023,役務,,https://www.jfa.maff.go.jp/j/gyosei/supply/nyusatu/attach/pdf/ekimu_system-10.pdf,1.1.0-candidate2,True,True,False,operations_maintenance|cloud,2,False,False,False,True,True,False,False,False,False,False,False,27,2023-01-26T19:25:19+09:00,pdf,141431.0,A B C D,,,,,,4,"[{""name"":""応募要領(PDF : 467KB)"",""uri"":""https://www.jfa.maff.go.jp/j/gyosei/supply/nyusatu/attach/pdf/ekimu_system-9.pdf""},{""name"":""応募要領（別紙）(PDF : 193KB)"",""uri"":""https://www.jfa.maff.go.jp/j/gyosei/supply/nyusatu/attach/pdf/ekimu_system-11.pdf""},{""name"":""別紙1業務仕様書(PDF : 1,097KB)"",""uri"":""https://www.jfa.maff.go.jp/j/gyosei/supply/nyusatu/attach/pdf/ekimu_system-13.pdf""},{""name"":""別紙1業務仕様書別紙(PDF : 17,334KB)"",""uri"":""https://www.jfa.maff.go.jp/j/gyosei/supply/nyusatu/attach/pdf/ekimu_system-12.pdf""}]"
Z292NS9tYWZmX2pmYS8yMDIzLzIwMjMwMTI3XzAwMjIzCg==,令和5年度スマート水産業情報システム構築推進事業のうち漁獲番号等伝達サブシステムの運用・保守業務(PDF : 213KB),水産庁,13,東京都,131016,千代田区,2023-01-27T00:00:00+09:00,2023,役務,,https://www.jfa.maff.go.jp/j/gyosei/supply/nyusatu/attach/pdf/ekimu_system-15.pdf,1.1.0-candidate2,True,True,False,system_development|operations_maintenance,2,True,False,False,True,False,False,False,False,False,False,False,22,2023-01-27T19:20:47+09:00,pdf,217169.0,A B C,,,,,,6,"[{""name"":""仕様書(PDF : 2,801KB)"",""uri"":""https://www.jfa.maff.go.jp/j/gyosei/supply/nyusatu/attach/pdf/ekimu_system-14.pdf""},{""name"":""契約書（案）(PDF : 345KB)"",""uri"":""https://www.jfa.maff.go.jp/j/gyosei/supply/nyusatu/attach/pdf/ekimu_system-18.pdf""},{""name"":""応札資料作成要領(PDF : 190KB)"",""uri"":""https://www.jfa.maff.go.jp/j/gyosei/supply/nyusatu/attach/pdf/ekimu_system-16.pdf""},{""name"":""入札説明書(PDF : 341KB)"",""uri"":""https://www.jfa.maff.go.jp/j/gyosei/supply/nyusatu/attach/pdf/ekimu_system-17.pdf""},{""name"":""評価項目(PDF : 917KB)"",""uri"":""https://www.jfa.maff.go.jp/j/gyosei/supply/nyusatu/attach/pdf/ekimu_system-19.pdf""},{""name"":""評価手順書(PDF : 101KB)"",""uri"":""https://www.jfa.maff.go.jp/j/gyosei/supply/nyusatu/attach/pdf/ekimu_system-20.pdf""}]"
Z292Ny9jYnJfbWxpdC8yMDIzLzIwMjMwMTI3XzA0NDk4Cg==,令和５年度 AI-OCRサービス提供業務,国土交通省中部地方整備局,23,愛知県,231002,名古屋市,2023-01-27T00:00:00+09:00,2023,役務,,https://www.cbr.mlit.go.jp/contract/buppin/bukoukoku/r4/230127-ai-kyoku.pdf,1.1.0-candidate2,True,True,False,software_applications|artificial_intelligence,2,False,False,True,False,False,False,False,False,False,True,False,21,2023-01-27T19:05:09+09:00,pdf,192034.0,C D,,,,,,0,[]
Z292NC9tb2RfbmFpa3lva3UvMjAyMy8yMDIzMDEzMF8wMzg3NAo=,防衛省ホームページ等の維持管理・運営等に係る支援役務,防衛省自衛隊,13,東京都,131041,新宿区,2023-01-30T00:00:00+09:00,2023,役務,,https://www.mod.go.jp/j/budget/chotatsu/naikyoku/nyuusatu/2023/0130c.pdf,1.1.0-candidate2,True,True,False,software_applications,1,False,False,True,False,False,False,False,False,False,False,False,17,2023-06-22T19:53:33+09:00,pdf,149471.0,,,,,,,0,[]
Z292Ny9jYnJfbWxpdC8yMDIzLzIwMjMwMTMwXzA0NTA0Cg==,令和５年度 電子納品保管管理システム改良業務,国土交通省中部地方整備局,23,愛知県,231002,名古屋市,2023-01-30T00:00:00+09:00,2023,役務,,https://www.cbr.mlit.go.jp/contract/buppin/bukoukoku/r4/230130-hokankanri-kyoku.pdf,1.1.0-candidate2,True,True,False,system_development,1,True,False,False,False,False,False,False,False,False,False,False,12,2023-01-30T19:05:12+09:00,pdf,186829.0,A B,,,,,,0,[]
Z292Ny9jYnJfbWxpdC8yMDIzLzIwMjMwMTMwXzA0NTAzCg==,令和５年度 オンライン電子納品システム改良業務,国土交通省中部地方整備局,23,愛知県,231002,名古屋市,2023-01-30T00:00:00+09:00,2023,役務,,https://www.cbr.mlit.go.jp/contract/buppin/bukoukoku/r4/230130-online-kyoku.pdf,1.1.0-candidate2,True,True,False,system_development,1,True,False,False,False,False,False,False,False,False,False,False,13,2023-01-30T19:05:11+09:00,pdf,187188.0,A B,,,,,,0,[]
ZnVrdW9rYS9reXV0ZWNoX3VuaXYvMjAyMy8yMDIzMDEzMV8wMTA5Mwo=,ニューロモルフィックダイナミクスに基づく超低電力エッジAIチップ活用APIのROS化 一式,国立大学法人九州工業大学,40,福岡県,,,2023-01-31T00:00:00+09:00,2023,役務,,https://db.jimu.kyutech.ac.jp/cgi-bin/cbdb/db.cgi/%E5%85%AC%E5%91%8A%EF%BC%89%E3%83%8B%E3%83%A5%E3%83%BC%E3%83%AD%E3%83%A2%E3%83%AB%E3%83%95%E3%82%A3%E3%83%83%E3%82%AF%E3%83%80%E3%82%A4%E3%83%8A%E3%83%9F%E3%82%AF%E3%82%B9%E3%81%AB%E5%9F%BA%E3%81%A5%E3%81%8F%E8%B6%85%E4%BD%8E%E9%9B%BB%E5%8A%9B%E3%82%A8%E3%83%83%E3%82%B8AI%E3%83%81%E3%83%83%E3%83%97%E6%B4%BB%E7%94%A8API%E3%81%AEROS%E5%8C%96%20%E4%B8%80%E5%BC%8F.pdf?page=DBDownload&did=252&rid=2348&fid=12&ct=1&fileext=.pdf,1.1.0-candidate2,True,True,False,system_development|software_applications|artificial_intelligence,3,True,False,True,False,False,False,False,False,False,True,False,2,2023-01-31T00:00:00+09:00,pdf,69452.0,A B C D,,,2023-02-22T00:00:00+09:00,,,0,[]
aG9ra2FpZG8vaG9ra2FpZG9fZ2FuX2NlbnRlci8yMDIzLzIwMjMwMTMxXzAwMjQ2Cg==,病院情報システム一式調達及びシステム保守業務委託契約（265KB）,独立行政法人国立病院機構北海道がんセンター,01,北海道,011002,札幌市,2023-01-31T00:00:00+09:00,2023,役務,,https://hokkaido-cc.hosp.go.jp/information/file/nyusatsu/20230131_nyusatsu.pdf,1.1.0-candidate2,True,True,False,operations_maintenance,1,False,False,False,True,False,False,False,False,False,False,False,2,2023-01-31T19:06:19+09:00,pdf,271349.0,,,,,,,0,[]
Z292Ni9rYWlob19tbGl0XzA0a2Fua3UvMjAyMy8yMDIzMDIwMV8wMDExNQo=,R5D整備001：海上交通情報処理システム装置保守委託,海上保安庁第四管区海上保安本部,23,愛知県,231002,名古屋市,2023-02-01T00:00:00+09:00,2023,役務,,https://www.kaiho.mlit.go.jp/04kanku/nyusatsu/dd38763da88a1035af168b9c7f55280557744427.pdf,1.1.0-candidate2,True,True,False,operations_maintenance,1,False,False,False,True,False,False,False,False,False,False,False,196,2023-02-01T19:16:59+09:00,pdf,98556.0,A D,,,,,,2,"[{""name"":""説明書"",""uri"":""https://www.kaiho.mlit.go.jp/04kanku/nyusatsu/181e7f84ecd83beb5208fad2e12ee134be871518.pdf""},{""name"":""仕様書"",""uri"":""https://www.kaiho.mlit.go.jp/04kanku/nyusatsu/4a23aec5468775651c48a0dcf76f93099b5855d4.pdf""}]"
aG9ra2FpZG8vaGtkX21saXRfZ29fcnVtb2kvMjAyMy8yMDIzMDIwMV8wMDQzMQo=,14. 留萌ダム管理支所 情報通信システム装置保守点検,国土交通省北海道開発局留萌開発建設部,01,北海道,012122,留萌市,2023-02-01T00:00:00+09:00,2023,役務,,https://www.hkd.mlit.go.jp/rm/keiyaku/f6h4sv0000000i3g-att/s2j3ut0000003ma5.pdf,1.1.0-candidate2,True,True,False,operations_maintenance,1,False,False,False,True,False,False,False,False,False,False,False,89,2023-02-01T19:07:47+09:00,pdf,125962.0,A B C D,,,,,,0,[]
b3Nha2Evb3Nha2FfY2l0eS8yMDIzLzIwMjMwMjAxXzAwNTU3Cg==,大阪市予算編成業務デジタル化に係るシステム構築業務委託,大阪府大阪市,27,大阪府,271004,大阪市,2023-02-01T00:00:00+09:00,2023,役務,,https://www.city.osaka.lg.jp/templates/buppin_nyusatsuanken/cmsfiles/contents/0000590/590379/shiryou1word.docx,1.1.0-candidate2,True,True,False,system_development|data_digital,2,True,False,False,False,False,False,False,False,True,False,False,22,2023-02-01T19:36:21+09:00,docx,17803.0,,,,,,,3,"[{""name"":""資料1 入札説明書(PDF形式, 332KB)"",""uri"":""https://www.city.osaka.lg.jp/templates/buppin_nyusatsuanken/cmsfiles/contents/0000590/590379/shiryou1pdf.pdf""},{""name"":""資料2 業務委託仕様書(DOCX形式, 369KB)"",""uri"":""https://www.city.osaka.lg.jp/templates/buppin_nyusatsuanken/cmsfiles/contents/0000590/590379/shiryou2word.docx""},{""name"":""資料2 業務委託仕様書(PDF形式, 1.91MB)"",""uri"":""https://www.city.osaka.lg.jp/templates/buppin_nyusatsuanken/cmsfiles/contents/0000590/590379/shiryou2pdf.pdf""}]"
dG9reW8va29rdXJpdHN1X3NoaW5fYmlqdXRzdWthbi8yMDIzLzIwMjMwMjAxXzAwMDEzCg==,国立新美術館ウェブサーバ・ウェブシステム及びウェブサイト保守運用業務委託,独立行政法人国立美術館国立新美術館,13,東京都,131032,港区,2023-02-01T00:00:00+09:00,2023,役務,,https://www.nact.jp/choutatsu/pdf/2023/0201/website_hoshu.pdf,1.1.0-candidate2,True,True,False,software_applications|operations_maintenance|network_infrastructure,3,False,False,True,True,False,False,True,False,False,False,False,156,2023-02-01T19:21:05+09:00,pdf,138856.0,,,,,,,0,[]
Z292My9uaG9faG9uYnUvMjAyMy8yMDIzMDIwMl8wMDM3Nwo=,医療材料費、医薬品費に係るベンチマークシステムの利用及び総合コンサルティング業務委託（PDF：226KB）,独立行政法人国立病院機構,13,東京都,131105,目黒区,2023-02-02T00:00:00+09:00,2023,役務,,https://nho.hosp.go.jp/files/000188925.pdf,1.1.0-candidate2,True,True,False,system_services,1,False,True,False,False,False,False,False,False,False,False,False,149,2023-02-02T20:14:43+09:00,pdf,230764.0,,,,,,,0,[]
YWljaGkvYWljaGlfcm91ZG91a3lva3UvMjAyMy8yMDIzMDIwM18wMDQ4Ngo=,2/3～2/27公告 令和5年度愛知労働局ネットワーク（IP電話通信網）保守関連業務委託契約,厚生労働省愛知労働局,23,愛知県,231002,名古屋市,2023-02-03T00:00:00+09:00,2023,役務,,https://jsite.mhlw.go.jp/aichi-roudoukyoku/content/contents/001368119.pdf,1.1.0-candidate2,True,True,False,network_infrastructure,1,False,False,False,False,False,False,True,False,False,False,False,173,2023-02-03T19:05:07+09:00,pdf,111708.0,,,,,,,0,[]
Z292NS9tYWZmX2pmYS8yMDIzLzIwMjMwMjAzXzAwMjI4Cg==,令和5年度水産基盤整備事業情報管理システムの保守・運用業務(PDF : 127KB),水産庁,13,東京都,131016,千代田区,2023-02-03T00:00:00+09:00,2023,役務,,https://www.jfa.maff.go.jp/j/gyosei/supply/nyusatu/attach/pdf/ekimu_system-23.pdf,1.1.0-candidate2,True,True,False,operations_maintenance,1,False,False,False,True,False,False,False,False,False,False,False,140,2023-02-03T19:28:44+09:00,pdf,,A B C D,,,,,,2,"[{""name"":""仕様書(PDF : 13,801KB)"",""uri"":""https://www.jfa.maff.go.jp/j/gyosei/supply/nyusatu/attach/pdf/ekimu_system-22.pdf""},{""name"":""入札説明書(PDF : 551KB)"",""uri"":""https://www.jfa.maff.go.jp/j/gyosei/supply/nyusatu/attach/pdf/ekimu_system-21.pdf""}]"
YWljaGkvbmNnZy8yMDIzLzIwMjMwMjA3XzAxMDA3Cg==,臨床情報バックアップシステム保守業務委託契約,国立研究開発法人国立長寿医療研究センター,23,愛知県,232238,大府市,2023-02-07T00:00:00+09:00,2023,役務,,https://www.ncgg.go.jp/ncgg-chotatsu/documents/20230207-2.pdf,1.1.0-candidate2,True,True,False,operations_maintenance,1,False,False,False,True,False,False,False,False,False,False,False,164,2023-02-07T19:18:51+09:00,pdf,135415.0,,,,,,,0,[]
Z292Ny9jYnJfbWxpdC8yMDIzLzIwMjMwMjA3XzA0NTU4Cg==,令和５年度 中部技術システムホスティング環境提供業務,国土交通省中部地方整備局,23,愛知県,231002,名古屋市,2023-02-07T00:00:00+09:00,2023,役務,,https://www.cbr.mlit.go.jp/contract/buppin/bukoukoku/r4/230207-system-chugi.pdf,1.1.0-candidate2,True,True,False,system_services,1,False,True,False,False,False,False,False,False,False,False,False,144,2023-02-07T19:05:19+09:00,pdf,101046.0,A B C D,,,,,,0,[]
Z292NC9tb2RfbmFpa3lva3UvMjAyMy8yMDIzMDIwOF8wMzg1Ngo=,ICカード立入証等発行管理システム点検保守役務,防衛省自衛隊,13,東京都,131041,新宿区,2023-02-08T00:00:00+09:00,2023,役務,,https://www.mod.go.jp/j/budget/chotatsu/naikyoku/nyuusatu/2023/0208b.pdf,1.1.0-candidate2,True,True,False,operations_maintenance,1,False,False,False,True,False,False,False,False,False,False,False,112,2023-06-22T19:51:42+09:00,pdf,155666.0,,,,,,,0,[]
b3Nha2Evb3Nha2FfY2l0eS8yMDIzLzIwMjMwMjA4XzAwNTYxCg==,大阪市水道局財務会計システム開発・運用保守業務委託,大阪府大阪市,27,大阪府,271004,大阪市,2023-02-08T00:00:00+09:00,2023,役務,,https://www.city.osaka.lg.jp/templates/buppin_nyusatsuanken/cmsfiles/contents/0000591/591443/01_KB2023000097.pdf,1.1.0-candidate2,True,True,False,system_development|operations_maintenance,2,True,False,False,True,False,False,False,False,False,False,False,16,2023-02-08T19:39:53+09:00,pdf,17803.0,,,,,,,14,"[{""name"":""資料1 入札説明書(PDF形式, 425KB)"",""uri"":""https://www.city.osaka.lg.jp/templates/buppin_nyusatsuanken/cmsfiles/contents/0000591/591443/02_siryou1_2023000097.pdf""},{""name"":""資料2 業務委託設計書1(PDF形式, 1.41MB)"",""uri"":""https://www.city.osaka.lg.jp/templates/buppin_nyusatsuanken/cmsfiles/contents/0000591/591443/03_siryou2_1_2023000097.pdf""},{""name"":""資料2 業務委託設計書2(PDF形式, 1.77MB)"",""uri"":""https://www.city.osaka.lg.jp/templates/buppin_nyusatsuanken/cmsfiles/contents/0000591/591443/04_siryou2_2_2023000097.pdf""},{""name"":""資料2 業務委託設計書3(PDF形式, 1.36MB)"",""uri"":""https://www.city.osaka.lg.jp/templates/buppin_nyusatsuanken/cmsfiles/contents/0000591/591443/05_siryou2_3_2023000097.pdf""},{""name"":""資料2 業務委託設計書4(PDF形式, 893KB)"",""uri"":""https://www.city.osaka.lg.jp/templates/buppin_nyusatsuanken/cmsfiles/contents/0000591/591443/06_siryou2_4_2023000097.pdf""},{""name"":""資料2 業務委託設計書5(PDF形式, 1.27MB)"",""uri"":""https://www.city.osaka.lg.jp/templates/buppin_nyusatsuanken/cmsfiles/contents/0000591/591443/07_siryou2_5_2023000097.pdf""},{""name"":""資料2 業務委託設計書6(PDF形式, 852KB)"",""uri"":""https://www.city.osaka.lg.jp/templates/buppin_nyusatsuanken/cmsfiles/contents/0000591/591443/08_siryou2_6_2023000097.pdf""},{""name"":""資料2 業務委託設計書7(PDF形式, 1.80MB)"",""uri"":""https://www.city.osaka.lg.jp/templates/buppin_nyusatsuanken/cmsfiles/contents/0000591/591443/09_siryou2_7_2023000097.pdf""},{""name"":""資料2 業務委託設計書8(PDF形式, 1.89MB)"",""uri"":""https://www.city.osaka.lg.jp/templates/buppin_nyusatsuanken/cmsfiles/contents/0000591/591443/10_siryou2_8_2023000097.pdf""},{""name"":""資料2 業務委託設計書9(PDF形式, 1.43MB)"",""uri"":""https://www.city.osaka.lg.jp/templates/buppin_nyusatsuanken/cmsfiles/contents/0000591/591443/11_siryou2_9_2023000097.pdf""},{""name"":""資料2 業務委託設計書10(PDF形式, 1.42MB)"",""uri"":""https://www.city.osaka.lg.jp/templates/buppin_nyusatsuanken/cmsfiles/contents/0000591/591443/12_siryou2_10_2023000097.pdf""},{""name"":""資料2 業務委託設計書11(PDF形式, 818KB)"",""uri"":""https://www.city.osaka.lg.jp/templates/buppin_nyusatsuanken/cmsfiles/contents/0000591/591443/13_siryou2_11_2023000097.pdf""},{""name"":""資料2 業務委託設計書12(PDF形式, 1.01MB)"",""uri"":""https://www.city.osaka.lg.jp/templates/buppin_nyusatsuanken/cmsfiles/contents/0000591/591443/14_siryou2_12_2023000097.pdf""},{""name"":""資料4−3 機能要件一覧(XLSX形式, 201KB)"",""uri"":""https://www.city.osaka.lg.jp/templates/buppin_nyusatsuanken/cmsfiles/contents/0000591/591443/18_siryou4_3_2023000097.xlsx""}]"
Z292My9tb2RfZ3NkZl9lYWVfZWFmaW4vMjAyMy8yMDIzMDIwOV8xMDQzMQo=,陸自情報支援システムの運用・維持に係る技術役務,防衛省陸上自衛隊東部方面会計隊,13,東京都,131041,新宿区,2023-02-09T00:00:00+09:00,2023,役務,,https://www.mod.go.jp/gsdf/eae/kaikei/eafin/R4koukoku/20230228-GYOU-0220.pdf,1.1.0-candidate2,True,True,False,operations_maintenance,1,False,False,False,True,False,False,False,False,False,False,False,109,2023-02-09T19:49:49+09:00,pdf,223779.0,,,,,,,0,[]
Z292OS9tb2RfcmRiX2t5dXNodS8yMDIzLzIwMjMwMjEwXzAwNTU0Cg==,九州防衛局ＯＡネットワーク・システムの運用支援役務,防衛省九州防衛局,40,福岡県,401307,福岡市,2023-02-10T00:00:00+09:00,2023,役務,,https://www.mod.go.jp/rdb/kyushu/nyuusatsukoukoku/fukuoka/050210-3.pdf,1.1.0-candidate2,True,True,False,operations_maintenance|network_infrastructure,2,False,False,False,True,False,False,True,False,False,False,False,5,2023-02-10T19:13:04+09:00,pdf,2148736.0,,,,,2023-03-06T00:00:00+09:00,,0,[]
YWljaGkvbmNnZy8yMDIzLzIwMjMwMjEzXzAxMDExCg==,患者レジストリシステム保守業務委託契約,国立研究開発法人国立長寿医療研究センター,23,愛知県,232238,大府市,2023-02-13T00:00:00+09:00,2023,役務,,https://www.ncgg.go.jp/ncgg-chotatsu/documents/20230213-4.pdf,1.1.0-candidate2,True,True,False,operations_maintenance,1,False,False,False,True,False,False,False,False,False,False,False,103,2023-02-13T19:13:32+09:00,pdf,134371.0,,,,,,,0,[]
Z292NS9tYWZmX2pmYS8yMDIzLzIwMjMwMjE0XzAwMjM3Cg==,令和5年度新たな資源管理システム構築促進事業のうち遊漁採捕量等実態調査事業における遊漁採捕量等報告システムの改修及び運用・保守等業務(PDF : 131KB),水産庁,13,東京都,131016,千代田区,2023-02-14T00:00:00+09:00,2023,役務,,https://www.jfa.maff.go.jp/j/gyosei/supply/nyusatu/attach/pdf/ekimu_system-31.pdf,1.1.0-candidate2,True,True,False,system_development|operations_maintenance,2,True,False,False,True,False,False,False,False,False,False,False,88,2023-02-14T19:24:03+09:00,pdf,133403.0,A B C D,,,,,,2,"[{""name"":""仕様書(PDF : 913KB)"",""uri"":""https://www.jfa.maff.go.jp/j/gyosei/supply/nyusatu/attach/pdf/ekimu_system-34.pdf""},{""name"":""入札説明書(PDF : 735KB)"",""uri"":""https://www.jfa.maff.go.jp/j/gyosei/supply/nyusatu/attach/pdf/ekimu_system-33.pdf""}]"
Z292NS9tYWZmX2pmYS8yMDIzLzIwMjMwMjE0XzAwMjQyCg==,令和5年度新たな資源管理システム構築促進事業のうち遊漁採捕量等実態調査事業における遊漁採捕量等報告システムの改修及び運用・保守等業務(PDF : 134KB),水産庁,13,東京都,131016,千代田区,2023-02-14T00:00:00+09:00,2023,役務,,https://www.jfa.maff.go.jp/j/gyosei/supply/nyusatu/attach/pdf/ekimu_system-35.pdf,1.1.0-candidate2,True,True,False,system_development|operations_maintenance,2,True,False,False,True,False,False,False,False,False,False,False,87,2023-03-03T19:29:30+09:00,pdf,137087.0,A B C D,,,,,,2,"[{""name"":""仕様書(PDF : 913KB)"",""uri"":""https://www.jfa.maff.go.jp/j/gyosei/supply/nyusatu/attach/pdf/ekimu_system-34.pdf""},{""name"":""入札説明書(PDF : 737KB)"",""uri"":""https://www.jfa.maff.go.jp/j/gyosei/supply/nyusatu/attach/pdf/ekimu_system-36.pdf""}]"
Z292NC9tb2RfbmFpa3lva3UvMjAyMy8yMDIzMDIxNl8wMzg0Mgo=,防衛省予算編成支援システムの改修及び構築、保守役務,防衛省自衛隊,13,東京都,131041,新宿区,2023-02-16T00:00:00+09:00,2023,役務,,https://www.mod.go.jp/j/budget/chotatsu/naikyoku/nyuusatu/2023/0216b.pdf,1.1.0-candidate2,True,True,False,system_development|operations_maintenance,2,True,False,False,True,False,False,False,False,False,False,False,75,2023-06-22T19:50:14+09:00,pdf,239174.0,,,,,,,0,[]
Z292Ni9rYWlob19tbGl0XzAza2Fua3UvMjAyMy8yMDIzMDIxNl8wMTE0MAo=,海上交通情報処理システム装置（東京湾）保守,海上保安庁第三管区海上保安本部,14,神奈川県,141003,横浜市,2023-02-16T00:00:00+09:00,2023,役務,,https://www.kaiho.mlit.go.jp/03kanku/nyusatsu/R5_koukoku/watanabe/nenn6%20koukoku.pdf,1.1.0-candidate2,True,True,False,operations_maintenance,1,False,False,False,True,False,False,False,False,False,False,False,37,2023-02-16T19:12:43+09:00,pdf,269949.0,A B C D,,,,,,1,"[{""name"":""仕様書"",""uri"":""https://www.kaiho.mlit.go.jp/03kanku/nyusatsu/R5_koukoku/watanabe/nenn6%20siyousyo.pdf""}]"
Z292Ny9jYnJfbWxpdC8yMDIzLzIwMjMwMjE3XzA0NjIxCg==,令和５年度 中部地方整備局 AI-OCRサービス提供業務,国土交通省中部地方整備局,23,愛知県,231002,名古屋市,2023-02-17T00:00:00+09:00,2023,役務,,https://www.cbr.mlit.go.jp/contract/buppin/bukoukoku/r4/230217-ai-kyoku.pdf,1.1.0-candidate2,True,True,False,software_applications|artificial_intelligence,2,False,False,True,False,False,False,False,False,False,True,False,56,2023-02-17T19:05:11+09:00,pdf,192123.0,C D,,,,,,0,[]
Z292Ny9jYnJfbWxpdC8yMDIzLzIwMjMwMjIxXzA0NjQzCg==,令和５年度 地すべり監視サーバ賃貸借,国土交通省中部地方整備局,23,愛知県,231002,名古屋市,2023-02-21T00:00:00+09:00,2023,役務,,https://www.cbr.mlit.go.jp/contract/buppin/bukoukoku/r4/230221-server-hamamatu.pdf,1.1.0-candidate2,True,True,False,network_infrastructure,1,False,False,False,False,False,False,True,False,False,False,False,30,2023-02-21T19:05:22+09:00,pdf,175910.0,A B C D,,,,,,0,[]
dG9reW8vbmlkcy8yMDIzLzIwMjMwMjIxXzAwNTMwCg==,公告「防衛研究所電算機システムの運用支援役務」,防衛省防衛研究所,13,東京都,131041,新宿区,2023-02-21T00:00:00+09:00,2023,役務,,http://www.nids.mod.go.jp/procurement/../procurement/ippan/pdf/2023/8_a.pdf,1.1.0-candidate2,True,True,False,operations_maintenance,1,False,False,False,True,False,False,False,False,False,False,False,37,2023-02-21T19:31:23+09:00,pdf,227189.0,,,,,,,0,[]
aG9ra2FpZG8vaG9ra2FpZG9fcHJlZi8yMDIzLzIwMjMwMjI0XzAwMjg5Cg==,一般競争入札実施のお知らせ【重症部門患者情報システム保守管理業務委託契約】,北海道,01,北海道,,,2023-02-24T00:00:00+09:00,2023,役務,,https://www.pref.hokkaido.lg.jp/db/hkr/144312.html,1.1.0-candidate2,True,True,False,operations_maintenance,1,False,False,False,True,False,False,False,False,False,False,False,7,2023-02-24T19:25:55+09:00,html,,,,,,,,1,"[{""name"":""関係書類一式（重症部門患者情報システム保守管理業務委託契約） (ZIP 246KB)"",""uri"":""https://www.pref.hokkaido.lg.jp/fs/7/9/9/6/9/8/6/_/%E9%96%A2%E4%BF%82%E6%9B%B8%E9%A1%9E%E4%B8%80%E5%BC%8F.zip""}]"
Z292My9tb2RfcmRiX3Rva2FpLzIwMjMvMjAyMzAyMjdfMDAwMDQK,・東海防衛支局（５）近畿中部防衛局ＯＡネットワーク・システム（東海防衛支局）の運用支援役務,防衛省東海防衛支局,23,愛知県,231002,名古屋市,2023-02-27T00:00:00+09:00,2023,役務,,https://www.mod.go.jp/rdb/tokai/info/kooji/buppin/koukoku/koukoku_R4_oa_netto_050206.pdf,1.1.0-candidate2,True,True,False,operations_maintenance|network_infrastructure,2,False,False,False,True,False,False,True,False,False,False,False,7,2023-02-27T20:29:49+09:00,pdf,424021.0,,,,,,,0,[]
Z292NC9tb2RfbmFpa3lva3UvMjAyMy8yMDIzMDIyOF8wMzgyMgo=,ＲＭＦ支援システムの導入に向けた調査研究及び一元管理シートの作成役務,防衛省自衛隊,13,東京都,131041,新宿区,2023-02-28T00:00:00+09:00,2023,役務,,https://www.mod.go.jp/j/budget/chotatsu/naikyoku/nyuusatu/2023/0228c.pdf,1.1.0-candidate2,True,True,False,system_development,1,True,False,False,False,False,False,False,False,False,False,False,3,2023-06-22T19:47:45+09:00,pdf,248965.0,,,,,,,0,[]
Z292NC9tb2RfbmFpa3lva3UvMjAyMy8yMDIzMDMwMV8wMzgyMQo=,【訂正公告】ＲＭＦ支援システムの導入に向けた調査研究及び一元管理シートの作成役務,防衛省自衛隊,13,東京都,131041,新宿区,2023-03-01T00:00:00+09:00,2023,役務,,https://www.mod.go.jp/j/budget/chotatsu/naikyoku/nyuusatu/2023/0301a.pdf,1.1.0-candidate2,True,True,False,system_development,1,True,False,False,False,False,False,False,False,False,False,False,76,2023-06-22T19:47:39+09:00,pdf,143136.0,,,,,,,0,[]
Z292My9tb2RfZ3NkZl9lYWVfZWFmaW4vMjAyMy8yMDIzMDMwMl8xMDc5Ngo=,運用室等のデジタル化役務,防衛省陸上自衛隊東部方面会計隊,13,東京都,131041,新宿区,2023-03-02T00:00:00+09:00,2023,役務,,https://www.mod.go.jp/gsdf/eae/kaikei/eafin/R4koukoku/20230310-ENGS-0690.pdf,1.1.0-candidate2,True,False,True,data_digital,1,False,False,False,False,False,False,False,False,True,False,False,68,2023-03-02T19:46:09+09:00,pdf,251333.0,,,,,,,0,[]
Z292NC9tb2RfbmFpa3lva3UvMjAyMy8yMDIzMDMwM18wMzgxMwo=,（再公告）ICカード立入証等発行管理システム点検保守役務,防衛省自衛隊,13,東京都,131041,新宿区,2023-03-03T00:00:00+09:00,2023,役務,,https://www.mod.go.jp/j/budget/chotatsu/naikyoku/nyuusatu/2023/0303b.pdf,1.1.0-candidate2,True,True,False,operations_maintenance,1,False,False,False,True,False,False,False,False,False,False,False,59,2023-06-22T19:46:36+09:00,pdf,93450.0,,,,,,,0,[]
a2FuYWdhd2Eva3VyaWhhbWFfaXJ5b19jZW50ZXIvMjAyMy8yMDIzMDMwNl8wMDE4NAo=,研修管理システム導入及び運用管理業務委託,独立行政法人国立病院機構久里浜医療センター,14,神奈川県,142018,横須賀市,2023-03-06T00:00:00+09:00,2023,役務,,https://kurihama.hosp.go.jp/about/bid/bid-2023-03-06kenshu.pdf,1.1.0-candidate2,True,True,False,system_development|operations_maintenance,2,True,False,False,True,False,False,False,False,False,False,False,26,2023-03-07T19:15:41+09:00,pdf,152507.0,,,,,,,0,[]
Z292Mi90Yl9tbGl0X2NodWJ1LzIwMjMvMjAyMzAzMTNfMDAyMDEK,中部運輸局等行政情報ネットワークシステム運用・管理及び保守業務,国土交通省中部運輸局,23,愛知県,231002,名古屋市,2023-03-13T00:00:00+09:00,2023,役務,,https://wwwtb.mlit.go.jp/chubu/soumu/nyuusatsu/help_koukoku.pdf,1.1.0-candidate2,True,True,False,operations_maintenance|network_infrastructure,2,False,False,False,True,False,False,True,False,False,False,False,44,2023-03-17T19:47:26+09:00,pdf,141425.0,,,,,,,2,"[{""name"":""仕様書"",""uri"":""https://wwwtb.mlit.go.jp/chubu/soumu/nyuusatsu/help_siyousho.pdf""},{""name"":""入札説明書"",""uri"":""https://wwwtb.mlit.go.jp/chubu/soumu/nyuusatsu/help_setumeisho.pdf""}]"
YWljaGkvbmNnZy8yMDIzLzIwMjMwMzE2XzAxMDQ1Cg==,医用画像管理システム保守業務委託契約,国立研究開発法人国立長寿医療研究センター,23,愛知県,232238,大府市,2023-03-16T00:00:00+09:00,2023,役務,,https://www.ncgg.go.jp/ncgg-chotatsu/documents/20230316.pdf,1.1.0-candidate2,True,True,False,operations_maintenance,1,False,False,False,True,False,False,False,False,False,False,False,24,2023-03-16T19:10:14+09:00,pdf,133509.0,,,,,,,0,[]
ZnVrdW9rYS9mdWt1b2thX3ByZWYvMjAyMy8yMDIzMDMxN18wMjY5MAo=,一般競争入札の公告「福岡県デジタル化基盤導入応援補助金審査等業務委託」,福岡県,40,福岡県,,,2023-03-17T00:00:00+09:00,2023,役務,,https://www.pref.fukuoka.lg.jp/bid-info/2023digital.html,1.1.0-candidate2,True,False,True,data_digital,1,False,False,False,False,False,False,False,False,True,False,False,8,2023-03-17T19:05:31+09:00,html,,,,,,,,2,"[{""name"":""入札説明書 [PDFファイル／319KB]"",""uri"":""https://www.pref.fukuoka.lg.jp/uploaded/attachment/188418.pdf""},{""name"":""仕様書 [PDFファイル／259KB]"",""uri"":""https://www.pref.fukuoka.lg.jp/uploaded/attachment/188413.pdf""}]"
b3Nha2Evb3Nha2FfY2l0eS8yMDIzLzIwMjMwMzIwXzAwNTc5Cg==,大阪市住民記録システム及び印鑑登録システム標準化対応業務委託,大阪府大阪市,27,大阪府,271004,大阪市,2023-03-20T00:00:00+09:00,2023,役務,,https://www.city.osaka.lg.jp/templates/buppin_nyusatsuanken/cmsfiles/contents/0000595/595369/shiryou1.pdf,1.1.0-candidate2,True,True,False,it_consulting_planning,1,False,False,False,False,False,False,False,False,False,False,True,3,2023-03-20T19:26:15+09:00,pdf,17920.0,,,,,,,2,"[{""name"":""資料2 仕様書(PDF形式, 3.37MB)"",""uri"":""https://www.city.osaka.lg.jp/templates/buppin_nyusatsuanken/cmsfiles/contents/0000595/595369/shiryou2.pdf""},{""name"":""資料6 経費積算にあたっての留意事項(PDF形式, 3KB)"",""uri"":""https://www.city.osaka.lg.jp/templates/buppin_nyusatsuanken/cmsfiles/contents/0000595/595369/shiryou6.pdf""}]"
b3Nha2Evb3Nha2FfY2l0eS8yMDIzLzIwMjMwMzIwXzAwNTgwCg==,令和5年度マイクロソフト社製ソフトウェア等ライセンス取得業務委託（概算契約）（その2）,大阪府大阪市,27,大阪府,271004,大阪市,2023-03-20T00:00:00+09:00,2023,役務,,https://www.city.osaka.lg.jp/templates/buppin_nyusatsuanken/cmsfiles/contents/0000595/595444/00_koukokubun.pdf,1.1.0-candidate2,True,True,False,software_applications,1,False,False,True,False,False,False,False,False,False,False,False,2,2023-03-20T19:26:17+09:00,pdf,17920.0,,,,,,,4,"[{""name"":""01_入札説明書(DOC形式, 64KB)"",""uri"":""https://www.city.osaka.lg.jp/templates/buppin_nyusatsuanken/cmsfiles/contents/0000595/595444/01_nyusatusetumeisyo.doc""},{""name"":""01_入札説明書(PDF形式, 189KB)"",""uri"":""https://www.city.osaka.lg.jp/templates/buppin_nyusatsuanken/cmsfiles/contents/0000595/595444/01_nyusatusetumeisyo.pdf""},{""name"":""04_仕様書(DOC形式, 146KB)"",""uri"":""https://www.city.osaka.lg.jp/templates/buppin_nyusatsuanken/cmsfiles/contents/0000595/595444/04_shiyousyo2.doc""},{""name"":""04_仕様書(PDF形式, 534KB)"",""uri"":""https://www.city.osaka.lg.jp/templates/buppin_nyusatsuanken/cmsfiles/contents/0000595/595444/04_shiyousyo2.pdf""}]"
Z292NC9tb2RfbmFpa3lva3UvMjAyMy8yMDIzMDMyMl8wMzc5OAo=,防衛省・自衛隊におけるクラウド整備指針及び整備計画作成支援役務,防衛省自衛隊,13,東京都,131041,新宿区,2023-03-22T00:00:00+09:00,2023,役務,,https://www.mod.go.jp/j/budget/chotatsu/naikyoku/nyuusatu/2023/0322a.pdf,1.1.0-candidate2,True,True,False,cloud,1,False,False,False,False,True,False,False,False,False,False,False,21,2023-06-22T19:44:53+09:00,pdf,152587.0,,,,,,,0,[]
Z292NC9tb2RfbmFpa3lva3UvMjAyMy8yMDIzMDMyNF8wMzc5NAo=,【訂正公告】ICカード立入証等発行管理システム点検保守役務,防衛省自衛隊,13,東京都,131041,新宿区,2023-03-24T00:00:00+09:00,2023,役務,,https://www.mod.go.jp/j/budget/chotatsu/naikyoku/nyuusatu/2023/0324c.pdf,1.1.0-candidate2,True,True,False,operations_maintenance,1,False,False,False,True,False,False,False,False,False,False,False,14,2023-06-22T19:44:29+09:00,pdf,71726.0,,,,,,,0,[]
YWljaGkvdG95b2hhc2hpX2lyeW9fY2VudGVyLzIwMjMvMjAyMzAzMzBfMDAyNzIK,入札公告（病院情報システム等運用管理業務委託）（PDF:594kb）[2023/3/30],独立行政法人国立病院機構豊橋医療センター,23,愛知県,232017,豊橋市,2023-03-30T00:00:00+09:00,2023,役務,,https://toyohashi.hosp.go.jp/info/pdf/20230330_1.pdf,1.1.0-candidate2,True,True,False,operations_maintenance,1,False,False,False,True,False,False,False,False,False,False,False,6,2023-03-30T19:12:54+09:00,pdf,607941.0,,,,,,,0,[]
aG9ra2FpZG8vaG9ra2FpZG9fcHJlZi8yMDIzLzIwMjMwNDA0XzAwNDE2Cg==,総合評価一般競争入札の実施（北海道人事給与システム再構築業務委託契約）,北海道,01,北海道,,,2023-04-04T00:00:00+09:00,2023,役務,,https://www.pref.hokkaido.lg.jp/sm/jnj/147266.html,1.1.0-candidate2,True,True,False,system_development,1,True,False,False,False,False,False,False,False,False,False,False,61,2023-04-04T19:14:14+09:00,html,,,,,,,,3,"[{""name"":""令和5年4月4日付け北海道告示第186号 (PDF 123KB)"",""uri"":""https://www.pref.hokkaido.lg.jp/fs/8/2/4/0/1/4/6/_/01_%E5%85%AC%E5%91%8A%E6%96%87(%E4%BA%BA%E4%BA%8B%E7%B5%A6%E4%B8%8E%E3%82%B7%E3%82%B9%E3%83%86%E3%83%A0%E5%86%8D%E6%A7%8B%E7%AF%89%E6%A5%AD%E5%8B%99)_R5.4.4%E5%91%8A%E7%A4%BA%E7%AC%AC186%E5%8F%B7.pdf""},{""name"":""1.北海道人事給与システム再構築業務委託契約仕様書 (PDF 2.18MB)"",""uri"":""https://www.pref.hokkaido.lg.jp/fs/8/2/2/7/2/3/1/_/02_%E4%BA%BA%E4%BA%8B%E7%B5%A6%E4%B8%8E%E3%82%B7%E3%82%B9%E3%83%86%E3%83%A0%E5%86%8D%E6%A7%8B%E7%AF%89%E6%A5%AD%E5%8B%99%E5%A7%94%E8%A8%97%E5%A5%91%E7%B4%84%E4%BB%95%E6%A7%98%E6%9B%B8.pdf""},{""name"":""8.総合評価基準 (PDF 897KB)"",""uri"":""https://www.pref.hokkaido.lg.jp/fs/8/2/2/7/1/0/8/_/08_%E7%B7%8F%E5%90%88%E8%A9%95%E4%BE%A1%E5%9F%BA%E6%BA%96(%E4%BA%BA%E4%BA%8B%E7%B5%A6%E4%B8%8E%E3%82%B7%E3%82%B9%E3%83%86%E3%83%A0%E5%86%8D%E6%A7%8B%E7%AF%89%E6%A5%AD%E5%8B%99).pdf""}]"
Z292NC9tb2RfbmFpa3lva3UvMjAyMy8yMDIzMDQwNV8wMzc5MQo=,自衛隊就職援護情報ネットワークシステムの次期システム検討支援役務,防衛省自衛隊,13,東京都,131041,新宿区,2023-04-05T00:00:00+09:00,2023,役務,,https://www.mod.go.jp/j/budget/chotatsu/naikyoku/nyuusatu/2023/0405b.pdf,1.1.0-candidate2,True,True,False,network_infrastructure,1,False,False,False,False,False,False,True,False,False,False,False,61,2023-06-22T19:44:11+09:00,pdf,237900.0,,,,,,,0,[]
YWljaGkvbmNnZy8yMDIzLzIwMjMwNDEwXzAxMDU0Cg==,検査情報システム保守業務委託契約,国立研究開発法人国立長寿医療研究センター,23,愛知県,232238,大府市,2023-04-10T00:00:00+09:00,2023,役務,,https://www.ncgg.go.jp/ncgg-chotatsu/documents/20230410-3.pdf,1.1.0-candidate2,True,True,False,operations_maintenance,1,False,False,False,True,False,False,False,False,False,False,False,21,2023-04-11T19:12:25+09:00,pdf,133862.0,,,,,,,0,[]
YWljaGkvbmNnZy8yMDIzLzIwMjMwNDEwXzAxMDUzCg==,病理検査システム保守業務委託契約,国立研究開発法人国立長寿医療研究センター,23,愛知県,232238,大府市,2023-04-10T00:00:00+09:00,2023,役務,,https://www.ncgg.go.jp/ncgg-chotatsu/documents/20230410-4.pdf,1.1.0-candidate2,True,True,False,operations_maintenance,1,False,False,False,True,False,False,False,False,False,False,False,22,2023-04-11T19:12:25+09:00,pdf,133894.0,,,,,,,0,[]
Z292L2puaW9zaF9nby8yMDIzLzIwMjMwNDEwXzAwNjgxCg==,「過労死等に関する実態把握のための労働・社会面調査のデータ分析と報告資料作成」の実施に係る業務委託 05-12[PDF],独立行政法人労働者健康安全機構労働安全衛生総合研究所,13,東京都,132217,清瀬市,2023-04-10T00:00:00+09:00,2023,役務,,https://www.jniosh.johas.go.jp/procure/pdf/tendering_05-12_1.pdf,1.1.0-candidate2,True,False,True,data_digital,1,False,False,False,False,False,False,False,False,True,False,False,52,2023-04-10T19:12:39+09:00,pdf,163368.0,,,,,2023-05-12T00:00:00+09:00,,0,[]
dG9reW8vdG9reW9faXJ5b19jZW50ZXIvMjAyMy8yMDIzMDQxMF8wMDU3Nwo=,手術部門システム保守業務委託一式（4月10日～4月24日）（PDF：102KB）,独立行政法人国立病院機構東京医療センター,13,東京都,131105,目黒区,2023-04-10T00:00:00+09:00,2023,役務,,https://tokyo-mc.hosp.go.jp/wp-content/uploads/2023/04/procure20230410.pdf,1.1.0-candidate2,True,True,False,operations_maintenance,1,False,False,False,True,False,False,False,False,False,False,False,49,2023-04-10T19:24:53+09:00,pdf,103628.0,,,,,,,0,[]
Z292Ni9xc3JfbWxpdC8yMDIzLzIwMjMwNDE4XzA5NjY4Cg==,用地調査等業務委託設計書作成システム改良及び保守,国土交通省九州地方整備局,40,福岡県,401307,福岡市,2023-04-18T00:00:00+09:00,2023,役務,,https://www.qsr.mlit.go.jp/site_files/file/nyusatu_joho/buppin-ekimu-nyuusatukoukoku/R5/e07.pdf,1.1.0-candidate2,True,True,False,system_development|operations_maintenance,2,True,False,False,True,False,False,False,False,False,False,False,19,2023-04-18T19:16:24+09:00,pdf,202987.0,C D,,,,,,0,[]
ZnVrdW9rYS9mdWt1b2thX3ByZWYvMjAyMy8yMDIzMDQxOF8wMjcyNAo=,【政府調達】一般競争入札の公告について（福岡県県土整備部土木積算システム構築に係る業務委託）,福岡県,40,福岡県,,,2023-04-18T00:00:00+09:00,2023,役務,,https://www.pref.fukuoka.lg.jp/bid-info/gijutsu0418.html,1.1.0-candidate2,True,True,False,system_development,1,True,False,False,False,False,False,False,False,False,False,False,20,2023-04-18T19:05:23+09:00,html,,,,,,,,1,"[{""name"":""入札説明書 [PDFファイル／180KB]"",""uri"":""https://www.pref.fukuoka.lg.jp/uploaded/attachment/191432.pdf""}]"
Z292NS9yb2Z1a3UvMjAyMy8yMDIzMDQyN18wMTczNQo=,2023 年度情報セキュリティ監査、脆弱性診断、標的型メール攻撃訓練 業務委託 一式（本部）,独立行政法人労働者健康安全機構,14,神奈川県,141305,川崎市,2023-04-27T00:00:00+09:00,2023,役務,,https://www.johas.go.jp/Portals/0/data0/jigyogaiyo/choutatsu/nyusatsu/0504/nyuusatsu050427(1).pdf,1.1.0-candidate2,True,True,False,cybersecurity,1,False,False,False,False,False,True,False,False,False,False,False,3,2023-04-27T00:00:00+09:00,pdf,161268.0,,,,,,,0,[]
b3Nha2Eva2lua2ljaHVvX2tva3l1a2lfY2VudGVyLzIwMjMvMjAyMzA1MDFfMDAxOTMK,・令和５年5月1日付 病院情報処理システム運用管理業務委託 一式,独立行政法人国立病院機構近畿中央呼吸器センター,27,大阪府,271403,堺市,2023-05-01T00:00:00+09:00,2023,役務,,https://kcmc.hosp.go.jp/files/000193820.pdf,1.1.0-candidate2,True,True,False,operations_maintenance,1,False,False,False,True,False,False,False,False,False,False,False,36,2023-05-01T19:09:12+09:00,pdf,104837.0,,,,,,,0,[]
dG9reW8vdGl0ZWNoX2FjLzIwMjMvMjAyMzA1MDFfMDAwMjYK,教務基幹システム，教務WebシステムおよびTOKYO TECH OCW/OCW-i統合Webシステム 保守・運用支援業務 一式,国立大学法人東京工業大学,13,東京都,131105,目黒区,2023-05-01T00:00:00+09:00,2023,役務,,http://www.zaimu.titech.ac.jp/keiyaku/kanren/koukoku/wpsys/wp-content/uploads/%E6%95%99%E5%8B%99%E5%9F%BA%E5%B9%B9%E3%82%B7%E3%82%B9%E3%83%86%E3%83%A0%EF%BC%8C%E6%95%99%E5%8B%99Web%E3%82%B7%E3%82%B9%E3%83%86%E3%83%A0%E3%81%8A%E3%82%88%E3%81%B3TOKYO-TECH-OCWOCW-i%E7%B5%B1%E5%90%88Web%E3%82%B7%E3%82%B9%E3%83%86%E3%83%A0-%E4%BF%9D%E5%AE%88%E3%83%BB%E9%81%8B%E7%94%A8%E6%94%AF%E6%8F%B4%E6%A5%AD%E5%8B%99-%E4%B8%80%E5%BC%8F_R5.5.1_R5.6.23.pdf,1.1.0-candidate2,True,True,False,operations_maintenance,1,False,False,False,True,False,False,False,False,False,False,False,110,2023-05-01T19:34:34+09:00,pdf,78845.0,,,,,,,0,[]
dG9reW8vcmlueWFfbWFmZl9nby8yMDIzLzIwMjMwNTEwXzAwMDA3Cg==,電子調達システム用パーソナルコンピューター賃貸借及び保守等業務（森林管理局等）(PDF : 117KB),林野庁,13,東京都,131016,千代田区,2023-05-10T00:00:00+09:00,2023,役務,,https://www.rinya.maff.go.jp/j/supply/nyusatu/buppin/attach/pdf/kiki-13.pdf,1.1.0-candidate2,True,True,False,operations_maintenance,1,False,False,False,True,False,False,False,False,False,False,False,86,2025-09-08T19:08:57+09:00,pdf,118918.0,A B,,,,,,2,"[{""name"":""入札説明書(PDF : 460KB)"",""uri"":""https://www.rinya.maff.go.jp/j/supply/nyusatu/buppin/attach/pdf/kiki-14.pdf""},{""name"":""仕様書(PDF : 807KB)"",""uri"":""https://www.rinya.maff.go.jp/j/supply/nyusatu/buppin/attach/pdf/kiki-15.pdf""}]"
b3Nha2EvbWlub2hfY2l0eS8yMDIzLzIwMjMwNTE1XzAwMjM3Cg==,箕面市行政手続案内システム提供業務委託にかかる総合評価落札方式による一般競争入札の実施について,大阪府箕面市,27,大阪府,272205,箕面市,2023-05-15T00:00:00+09:00,2023,役務,,https://www.city.minoh.lg.jp/koseki/tetuduki-nyusatu.html,1.1.0-candidate2,True,True,False,system_services,1,False,True,False,False,False,False,False,False,False,False,False,22,2025-10-21T19:12:46+09:00,html,,,,,,,,2,"[{""name"":""(資料1)入札説明書（PDF：151KB）"",""uri"":""https://www.city.minoh.lg.jp/koseki/documents/1setumeisyo.pdf""},{""name"":""(資料2)業務委託仕様書（PDF：141KB）"",""uri"":""https://www.city.minoh.lg.jp/koseki/documents/2shiyousyo.pdf""}]"
Z292My9tb2RfZ3NkZl9lYWVfZWFmaW4vMjAyMy8yMDIzMDUxNl8xMTI5OQo=,商用衛星画像運用役務,防衛省陸上自衛隊東部方面会計隊,13,東京都,131041,新宿区,2023-05-16T00:00:00+09:00,2023,役務,,https://www.mod.go.jp/gsdf/eae/kaikei/eafin/R4koukoku/20230530-338A-0620.pdf,1.1.0-candidate2,True,False,True,data_digital,1,False,False,False,False,False,False,False,False,True,False,False,68,2023-05-16T19:37:46+09:00,pdf,811886.0,,,,,,,0,[]
aG9ra2FpZG8vaG9ra2FpZG9fcHJlZi8yMDIzLzIwMjMwNTE2XzAwNDg4Cg==,総合評価一般競争入札の実施（北海道人事給与システム再構築業務委託契約）,北海道,01,北海道,,,2023-05-16T00:00:00+09:00,2023,役務,,https://www.pref.hokkaido.lg.jp/sm/jnj/147266.html,1.1.0-candidate2,True,True,False,system_development,1,True,False,False,False,False,False,False,False,False,False,False,25,2023-05-16T19:13:22+09:00,html,,,,,,,,3,"[{""name"":""令和5年4月4日付け北海道告示第186号 (PDF 123KB)"",""uri"":""https://www.pref.hokkaido.lg.jp/fs/8/4/9/8/9/4/3/_/01_%E5%85%AC%E5%91%8A%E6%96%87(%E4%BA%BA%E4%BA%8B%E7%B5%A6%E4%B8%8E%E3%82%B7%E3%82%B9%E3%83%86%E3%83%A0%E5%86%8D%E6%A7%8B%E7%AF%89%E6%A5%AD%E5%8B%99)_R5.4.4%E5%91%8A%E7%A4%BA%E7%AC%AC186%E5%8F%B7.pdf""},{""name"":""1.北海道人事給与システム再構築業務委託契約仕様書 (PDF 2.18MB)"",""uri"":""https://www.pref.hokkaido.lg.jp/fs/8/4/9/8/9/4/4/_/02_%E4%BA%BA%E4%BA%8B%E7%B5%A6%E4%B8%8E%E3%82%B7%E3%82%B9%E3%83%86%E3%83%A0%E5%86%8D%E6%A7%8B%E7%AF%89%E6%A5%AD%E5%8B%99%E5%A7%94%E8%A8%97%E5%A5%91%E7%B4%84%E4%BB%95%E6%A7%98%E6%9B%B8.pdf""},{""name"":""8.総合評価基準 (PDF 897KB)"",""uri"":""https://www.pref.hokkaido.lg.jp/fs/8/4/9/8/9/5/2/_/08_%E7%B7%8F%E5%90%88%E8%A9%95%E4%BE%A1%E5%9F%BA%E6%BA%96(%E4%BA%BA%E4%BA%8B%E7%B5%A6%E4%B8%8E%E3%82%B7%E3%82%B9%E3%83%86%E3%83%A0%E5%86%8D%E6%A7%8B%E7%AF%89%E6%A5%AD%E5%8B%99).pdf""}]"
Z292NC9tb2RfbmFpa3lva3UvMjAyMy8yMDIzMDUxOF8wMzc2Ngo=,人事・給与情報システム次期システム適合化改修役務（その２）,防衛省自衛隊,13,東京都,131041,新宿区,2023-05-18T00:00:00+09:00,2023,役務,,https://www.mod.go.jp/j/budget/chotatsu/naikyoku/nyuusatu/2023/0518b.pdf,1.1.0-candidate2,True,True,False,system_development,1,True,False,False,False,False,False,False,False,False,False,False,47,2023-06-22T19:40:21+09:00,pdf,154863.0,,,,,,,0,[]
Z292NC9tb2RfbmFpa3lva3UvMjAyMy8yMDIzMDUxOF8wMzc2Nwo=,人事・給与情報システムデータ移行支援役務,防衛省自衛隊,13,東京都,131041,新宿区,2023-05-18T00:00:00+09:00,2023,役務,,https://www.mod.go.jp/j/budget/chotatsu/naikyoku/nyuusatu/2023/0518c.pdf,1.1.0-candidate2,True,True,False,network_infrastructure|data_digital,2,False,False,False,False,False,False,True,False,True,False,False,46,2023-06-22T19:40:27+09:00,pdf,154707.0,,,,,,,0,[]
Z292NC9tb2RfbmFpa3lva3UvMjAyMy8yMDIzMDUxOV8wMzc2Mgo=,【訂正公告】人事・給与情報システムデータ移行支援役務,防衛省自衛隊,13,東京都,131041,新宿区,2023-05-19T00:00:00+09:00,2023,役務,,https://www.mod.go.jp/j/budget/chotatsu/naikyoku/nyuusatu/2023/0519b.pdf,1.1.0-candidate2,True,True,False,network_infrastructure|data_digital,2,False,False,False,False,False,False,True,False,True,False,False,35,2023-06-22T19:38:24+09:00,pdf,51794.0,,,,,,,0,[]
Z292NC9tb2RfbmFpa3lva3UvMjAyMy8yMDIzMDUxOV8wMzc2NAo=,勤務時間管理システムの運用管理支援役務,防衛省自衛隊,13,東京都,131041,新宿区,2023-05-19T00:00:00+09:00,2023,役務,,https://www.mod.go.jp/j/budget/chotatsu/naikyoku/nyuusatu/2023/0519d.pdf,1.1.0-candidate2,True,True,False,operations_maintenance,1,False,False,False,True,False,False,False,False,False,False,False,34,2023-06-22T19:39:50+09:00,pdf,147410.0,,,,,,,0,[]
Z292My9tb2RfbmRhX29iYXJhZGFpLzIwMjMvMjAyMzA1MjJfMDM3MTcK,防衛大学校共同利用電子計算機システムへのクラウド型アカウント管理サービス連携機能導入等役務,防衛省防衛大学校,14,神奈川県,142018,横須賀市,2023-05-22T00:00:00+09:00,2023,役務,,https://www.mod.go.jp/nda/procurement/anken/010050522203.pdf,1.1.0-candidate2,True,True,False,system_development|cloud,2,True,False,False,False,True,False,False,False,False,False,False,27,2023-05-22T20:13:16+09:00,pdf,201769.0,,,,,,,1,"[{""name"":""仕様書のとおり"",""uri"":""https://www.mod.go.jp/nda/procurement/anken/u010050522203.pdf""}]"
ZnVrdW9rYS9mdWt1b2thX3ByZWYvMjAyMy8yMDIzMDUyMl8wMjc5NQo=,落札者の公示について（福岡県原子力防災ネットワーク機器の賃貸借及び保守業務委託）,福岡県,40,福岡県,,,2023-05-22T00:00:00+09:00,2023,役務,,https://www.pref.fukuoka.lg.jp/bid-info/genshiryoku20230522.html,1.1.0-candidate2,True,True,False,network_infrastructure,1,False,False,False,False,False,False,True,False,False,False,False,3,2023-05-22T19:05:31+09:00,html,,,,,,,,0,[]
b3Nha2EvbWlub2hfY2l0eS8yMDIzLzIwMjMwNTIyXzAwMjMzCg==,箕面市住居表示台帳デジタル化業務委託にかかる一般競争入札の実施について,大阪府箕面市,27,大阪府,272205,箕面市,2023-05-22T00:00:00+09:00,2023,役務,,https://www.city.minoh.lg.jp/keiyaku/ippannkyousounyuusatu/documents/r5juukyohyoujidaityoudejitaruka.html,1.1.0-candidate2,True,False,True,data_digital,1,False,False,False,False,False,False,False,False,True,False,False,15,2025-10-21T19:12:37+09:00,html,,,,,,,,2,"[{""name"":""入札説明書（PDF：143KB）"",""uri"":""https://www.city.minoh.lg.jp/keiyaku/ippannkyousounyuusatu/documents/documents/r5juukyohyoujinyuusatusetumeisyo.pdf""},{""name"":""仕様書（PDF：1,943KB）"",""uri"":""https://www.city.minoh.lg.jp/keiyaku/ippannkyousounyuusatu/documents/documents/r5juukyohyoujidaityousiyousyo.pdf""}]"
dG9reW8vdGl0ZWNoX2FjLzIwMjMvMjAyMzA1MjJfMDAwNDEK,東京工業大学業務改革推進室DX運用支援業務 一式,国立大学法人東京工業大学,13,東京都,131105,目黒区,2023-05-22T00:00:00+09:00,2023,役務,,http://www.zaimu.titech.ac.jp/keiyaku/kanren/koukoku/wpsys/wp-content/uploads/%E6%9D%B1%E4%BA%AC%E5%B7%A5%E6%A5%AD%E5%A4%A7%E5%AD%A6%E6%A5%AD%E5%8B%99%E6%94%B9%E9%9D%A9%E6%8E%A8%E9%80%B2%E5%AE%A4DX%E9%81%8B%E7%94%A8%E6%94%AF%E6%8F%B4%E6%A5%AD%E5%8B%99-%E4%B8%80%E5%BC%8F_R5.5.22_R5.6.16.pdf,1.1.0-candidate2,True,False,True,data_digital,1,False,False,False,False,False,False,False,False,True,False,False,27,2023-05-22T19:29:57+09:00,pdf,127818.0,,,,,,,0,[]
Z292NC9tb2RfbmFpa3lva3UvMjAyMy8yMDIzMDUyM18wMzc1Nwo=,防衛省ＯＡシステム基盤運用管理役務,防衛省自衛隊,13,東京都,131041,新宿区,2023-05-23T00:00:00+09:00,2023,役務,,https://www.mod.go.jp/j/budget/chotatsu/naikyoku/nyuusatu/2023/0523a.pdf,1.1.0-candidate2,True,True,False,operations_maintenance,1,False,False,False,True,False,False,False,False,False,False,False,22,2023-06-22T19:36:56+09:00,pdf,153041.0,,,,,,,0,[]
aG9ra2FpZG8vZnVrYWdhd2FzaGkvMjAyMy8yMDIzMDUyNl8wMDk3OAo=,コンビニ交付システム構築業務委託（PDF:210KB）,北海道深川市,01,北海道,012289,深川市,2023-05-26T00:00:00+09:00,2023,役務,一般競争入札,http://www.city.fukagawa.lg.jp/cms/section/kikaku/dbj8cg000000519i-att/l93trv0000001ab6.pdf,1.1.0-candidate2,True,True,False,system_development,1,True,False,False,False,False,False,False,False,False,False,False,9,2023-05-26T19:05:36+09:00,pdf,214722.0,,,,,,,0,[]
aG9ra2FpZG8vaG9ra2FpZG9fcHJlZi8yMDIzLzIwMjMwNjA2XzAwNTMxCg==,総合評価一般競争入札の実施（北海道人事給与システム再構築業務委託契約）,北海道,01,北海道,,,2023-06-06T00:00:00+09:00,2023,役務,,https://www.pref.hokkaido.lg.jp/sm/jnj/147266.html,1.1.0-candidate2,True,True,False,system_development,1,True,False,False,False,False,False,False,False,False,False,False,67,2023-06-06T19:12:40+09:00,html,,,,,,,,3,"[{""name"":""令和5年4月4日付け北海道告示第186号 (PDF 123KB)"",""uri"":""https://www.pref.hokkaido.lg.jp/fs/8/6/0/1/8/5/6/_/01_%E5%85%AC%E5%91%8A%E6%96%87(%E4%BA%BA%E4%BA%8B%E7%B5%A6%E4%B8%8E%E3%82%B7%E3%82%B9%E3%83%86%E3%83%A0%E5%86%8D%E6%A7%8B%E7%AF%89%E6%A5%AD%E5%8B%99)_R5.4.4%E5%91%8A%E7%A4%BA%E7%AC%AC186%E5%8F%B7.pdf""},{""name"":""1.北海道人事給与システム再構築業務委託契約仕様書 (PDF 2.18MB)"",""uri"":""https://www.pref.hokkaido.lg.jp/fs/8/6/0/1/8/5/7/_/02_%E4%BA%BA%E4%BA%8B%E7%B5%A6%E4%B8%8E%E3%82%B7%E3%82%B9%E3%83%86%E3%83%A0%E5%86%8D%E6%A7%8B%E7%AF%89%E6%A5%AD%E5%8B%99%E5%A7%94%E8%A8%97%E5%A5%91%E7%B4%84%E4%BB%95%E6%A7%98%E6%9B%B8.pdf""},{""name"":""8.総合評価基準 (PDF 897KB)"",""uri"":""https://www.pref.hokkaido.lg.jp/fs/8/6/0/1/8/6/3/_/08_%E7%B7%8F%E5%90%88%E8%A9%95%E4%BE%A1%E5%9F%BA%E6%BA%96(%E4%BA%BA%E4%BA%8B%E7%B5%A6%E4%B8%8E%E3%82%B7%E3%82%B9%E3%83%86%E3%83%A0%E5%86%8D%E6%A7%8B%E7%AF%89%E6%A5%AD%E5%8B%99).pdf""}]"
dG9reW8vcmlueWFfbWFmZl9nby8yMDIzLzIwMjMwNjA4XzAwMDA2Cg==,【入札公告の訂正】電子調達システム用パーソナルコンピュータ賃貸借及び保守等業務（森林管理局等）(PDF : 91KB),林野庁,13,東京都,131016,千代田区,2023-06-08T00:00:00+09:00,2023,役務,,https://www.rinya.maff.go.jp/j/supply/nyusatu/buppin/attach/pdf/kiki-16.pdf,1.1.0-candidate2,True,True,False,operations_maintenance,1,False,False,False,True,False,False,False,False,False,False,False,84,2025-09-08T19:08:56+09:00,pdf,93087.0,A B,,,,,,1,"[{""name"":""【訂正版】仕様書(PDF : 790KB)"",""uri"":""https://www.rinya.maff.go.jp/j/supply/nyusatu/buppin/attach/pdf/kiki-17.pdf""}]"
Z292NC9tb2RfbmFpa3lva3UvMjAyMy8yMDIzMDYwOV8wMzc0MQo=,【中止公告】防衛省ＯＡシステム基盤運用管理役務,防衛省自衛隊,13,東京都,131041,新宿区,2023-06-09T00:00:00+09:00,2023,役務,,https://www.mod.go.jp/j/budget/chotatsu/naikyoku/nyuusatu/2023/0609a.pdf,1.1.0-candidate2,True,True,False,operations_maintenance,1,False,False,False,True,False,False,False,False,False,False,False,71,2023-06-22T19:33:50+09:00,pdf,48072.0,,,,,,,0,[]
Z292NC9tb2RfbmFpa3lva3UvMjAyMy8yMDIzMDYxM18wMzczOQo=,防衛省ＯＡシステム基盤運用管理役務,防衛省自衛隊,13,東京都,131041,新宿区,2023-06-13T00:00:00+09:00,2023,役務,,https://www.mod.go.jp/j/budget/chotatsu/naikyoku/nyuusatu/2023/0613a.pdf,1.1.0-candidate2,True,True,False,operations_maintenance,1,False,False,False,True,False,False,False,False,False,False,False,62,2023-06-22T19:33:37+09:00,pdf,152955.0,,,,,,,0,[]
Z292My9tb2RfbmRhX29iYXJhZGFpLzIwMjMvMjAyMzA2MTRfMDM3NTAK,学生舎ネットワーク配線設置役務,防衛省防衛大学校,14,神奈川県,142018,横須賀市,2023-06-14T00:00:00+09:00,2023,役務,,https://www.mod.go.jp/nda/procurement/anken/010050613236.pdf,1.1.0-candidate2,True,True,False,network_infrastructure,1,False,False,False,False,False,False,True,False,False,False,False,33,2023-06-14T20:14:12+09:00,pdf,144973.0,,,,,,,1,"[{""name"":""仕様書のとおり"",""uri"":""https://www.mod.go.jp/nda/procurement/anken/u010050613236.pdf""}]"
b3Nha2EvbWlub2hfY2l0eS8yMDIzLzIwMjMwNjE0XzAwMjIwCg==,箕面市公共施設予約システム構築等業務委託にかかる一般競争入札(総合評価落札方式)の実施について,大阪府箕面市,27,大阪府,272205,箕面市,2023-06-14T00:00:00+09:00,2023,役務,,https://www.city.minoh.lg.jp/koukyoushisetsu/yoyakusystem/nyuusatsu/r5_yoyakusystem_nyuusatsu.html,1.1.0-candidate2,True,True,False,system_development,1,True,False,False,False,False,False,False,False,False,False,False,21,2025-10-21T19:12:18+09:00,html,,,,,,,,2,"[{""name"":""（資料1）入札説明書（PDF：156KB）"",""uri"":""https://www.city.minoh.lg.jp/koukyoushisetsu/yoyakusystem/nyuusatsu/documents/s1_nyuusatsusetsumeisho.pdf""},{""name"":""（資料2）仕様書（PDF：155KB）"",""uri"":""https://www.city.minoh.lg.jp/koukyoushisetsu/yoyakusystem/nyuusatsu/documents/s2_shiyosho.pdf""}]"
b3Nha2Evb3Nha2FfY2l0eS8yMDIzLzIwMjMwNjE5XzAwNTkyCg==,Sky社製及びトレンドマイクロ社製ソフトウェアライセンス取得業務委託（概算契約）,大阪府大阪市,27,大阪府,271004,大阪市,2023-06-19T00:00:00+09:00,2023,役務,,https://www.city.osaka.lg.jp/templates/buppin_nyusatsuanken/cmsfiles/contents/0000602/602379/01.pdf,1.1.0-candidate2,True,True,False,software_applications,1,False,False,True,False,False,False,False,False,False,False,False,17,2023-06-19T19:32:02+09:00,pdf,17920.0,,,,,,,3,"[{""name"":""03_仕様書(DOCX形式, 33KB)"",""uri"":""https://www.city.osaka.lg.jp/templates/buppin_nyusatsuanken/cmsfiles/contents/0000602/602379/03.docx""},{""name"":""03_仕様書(PDF形式, 528KB)"",""uri"":""https://www.city.osaka.lg.jp/templates/buppin_nyusatsuanken/cmsfiles/contents/0000602/602379/03.pdf""},{""name"":""08_紙入札変更届(PDF形式, 182KB)"",""uri"":""https://www.city.osaka.lg.jp/templates/buppin_nyusatsuanken/cmsfiles/contents/0000602/602379/08.pdf""}]"
b3Nha2EvbWlub2hfY2l0eS8yMDIzLzIwMjMwNjIwXzAwMjE3Cg==,箕面市統合型校務支援システム環境整備に係る基盤構築等業務委託及び箕面市統合型校務支援システム環境整備に係る基盤等保守業務委託にかかる総合評価落札方式による一般競争入札の実施について,大阪府箕面市,27,大阪府,272205,箕面市,2023-06-20T00:00:00+09:00,2023,役務,,https://www.city.minoh.lg.jp/edugakkou/2in1nyusatu.html,1.1.0-candidate2,True,True,False,system_development|operations_maintenance,2,True,False,False,True,False,False,False,False,False,False,False,15,2025-10-21T19:12:06+09:00,html,,,,,,,,1,"[{""name"":""入札説明書（PDF：180KB）"",""uri"":""https://www.city.minoh.lg.jp/edugakkou/documents/01in1setumeisyo.pdf""}]"
Z292My9tb2RfbmRhX29iYXJhZGFpLzIwMjMvMjAyMzA2MjFfMDM3NTgK,（再）防衛大学校共同利用電子計算機システムへのクラウド型アカウント管理サービス連携機能導入等役務,防衛省防衛大学校,14,神奈川県,142018,横須賀市,2023-06-21T00:00:00+09:00,2023,役務,,https://www.mod.go.jp/nda/procurement/anken/010050621244.pdf,1.1.0-candidate2,True,True,False,system_development|cloud,2,True,False,False,False,True,False,False,False,False,False,False,27,2023-06-21T20:07:20+09:00,pdf,152756.0,,,,,,,1,"[{""name"":""仕様書のとおり"",""uri"":""https://www.mod.go.jp/nda/procurement/anken/u010050621244.pdf""}]"
c2VhcmNoL3BfcG9ydGFsLzIwMjMvMDYvMjAyMzA2MjZfMDEyMDYK,相続税法第58条通知書システムの開発に係る業務委託,財務省,13,東京都,,,2023-06-26T00:00:00+09:00,2023,役務,一般競争入札,https://www.p-portal.go.jp/pps-web-biz/UAA01/OAA0101,1.1.0-candidate2,True,True,False,system_development,1,True,False,False,False,False,False,False,False,False,False,False,28,2023-06-26T20:56:33+09:00,html,,,,,,,,0,[]
Z292NC9tb2RfbmFpa3lva3UvMjAyMy8yMDIzMDYyOF8wNDA5NAo=,【訂正公告】人事・給与情報システム次期システム適合化改修役務（その２）,防衛省自衛隊,13,東京都,131041,新宿区,2023-06-28T00:00:00+09:00,2023,役務,,https://www.mod.go.jp/j/budget/chotatsu/naikyoku/nyuusatu/2023/0628b.pdf,1.1.0-candidate2,True,True,False,system_development,1,True,False,False,False,False,False,False,False,False,False,False,23,2023-06-28T19:18:51+09:00,pdf,,,,,,,,0,[]
Z292NC9tb2RfbmFpa3lva3UvMjAyMy8yMDIzMDYyOF8wNDA5NQo=,【訂正公告】人事・給与情報システムデータ移行支援役務,防衛省自衛隊,13,東京都,131041,新宿区,2023-06-28T00:00:00+09:00,2023,役務,,https://www.mod.go.jp/j/budget/chotatsu/naikyoku/nyuusatu/2023/0628c.pdf,1.1.0-candidate2,True,True,False,network_infrastructure|data_digital,2,False,False,False,False,False,False,True,False,True,False,False,22,2023-06-28T19:20:58+09:00,pdf,66673.0,,,,,,,0,[]
Z292My9tb2RfZ3NkZl9lYWVfZWFmaW4vMjAyMy8yMDIzMDYyOV8xMTY1Mwo=,入退室管理システム更新役務,防衛省陸上自衛隊東部方面会計隊,13,東京都,131041,新宿区,2023-06-29T00:00:00+09:00,2023,役務,,https://www.mod.go.jp/gsdf/eae/kaikei/eafin/R4koukoku/20230719-GYOU-0520.pdf,1.1.0-candidate2,True,True,False,system_development,1,True,False,False,False,False,False,False,False,False,False,False,8,2023-06-29T19:42:45+09:00,pdf,651153.0,,,,,,,0,[]
ZnVrdW9rYS9mdWt1b2thX3ByZWYvMjAyMy8yMDIzMDYzMF8wMjg2Nwo=,一般競争入札の公告（福岡県・長崎県財務会計システム等更新に係る要件定義・基本設計業務委託）,福岡県,40,福岡県,,,2023-06-30T00:00:00+09:00,2023,役務,,https://www.pref.fukuoka.lg.jp/bid-info/zaimukaikeiyoukenteigi.html,1.1.0-candidate2,True,True,False,system_development,1,True,False,False,False,False,False,False,False,False,False,False,1,2023-06-30T19:05:26+09:00,html,,,,,,,,1,"[{""name"":""入札説明書 [PDFファイル／397KB]"",""uri"":""https://www.pref.fukuoka.lg.jp/uploaded/attachment/197123.pdf""}]"
b3Nha2EvbWlub2hfY2l0eS8yMDIzLzIwMjMwNzAzXzAwMjEyCg==,箕面市学校徴収金システム更新等業務委託に係る総合評価落札方式による一般競争入札の実施について,大阪府箕面市,27,大阪府,272205,箕面市,2023-07-03T00:00:00+09:00,2023,役務,,https://www.city.minoh.lg.jp/edushien/gakkochoshukin_r5/nyusatsu.html,1.1.0-candidate2,True,True,False,system_development,1,True,False,False,False,False,False,False,False,False,False,False,20,2025-10-21T19:12:00+09:00,html,,,,,,,,1,"[{""name"":""入札説明書（PDF：161KB）"",""uri"":""https://www.city.minoh.lg.jp/edushien/gakkochoshukin_r5/documents/setsumei.pdf""}]"
dG9reW8vbXVyYXlhbWFfaXJ5b19jZW50ZXIvMjAyMy8yMDIzMDcwM18wMDM1NAo=,【入札公告】病院情報システム一式及び7年間のシステム保守業務委託,独立行政法人国立病院機構村山医療センター,13,東京都,132233,武蔵村山市,2023-07-03T00:00:00+09:00,2023,役務,,https://www.murayama-hosp.jp/pdf/nyusatsu/20230703.pdf,1.1.0-candidate2,True,True,False,operations_maintenance,1,False,False,False,True,False,False,False,False,False,False,False,94,2023-07-03T19:24:07+09:00,pdf,799744.0,,,,,,,0,[]
c2VhcmNoL3BfcG9ydGFsLzIwMjMvMDcvMjAyMzA3MTBfMDI2MTIK,"仮想空間, ＸＲ及びＡＩ技術の防衛用途への適用に関する検討役務",防衛省,13,東京都,,,2023-07-10T00:00:00+09:00,2023,役務,一般競争入札,https://www.p-portal.go.jp/pps-web-biz/UAA01/OAA0101,1.1.0-candidate2,True,False,True,artificial_intelligence,1,False,False,False,False,False,False,False,False,False,True,False,77,2023-07-11T20:27:55+09:00,html,,,,,,,,0,[]
Z292NC9tb2RfbmFpa3lva3UvMjAyMy8yMDIzMDcxOF8wNDEwNAo=,（訂正公告）防衛省ＯＡシステム基盤運用管理役務,防衛省自衛隊,13,東京都,131041,新宿区,2023-07-18T00:00:00+09:00,2023,役務,,https://www.mod.go.jp/j/budget/chotatsu/naikyoku/nyuusatu/2023/0718a.pdf,1.1.0-candidate2,True,True,False,operations_maintenance,1,False,False,False,True,False,False,False,False,False,False,False,45,2023-07-18T19:39:34+09:00,pdf,64491.0,,,,,,,0,[]
c2VhcmNoL3BfcG9ydGFsLzIwMjMvMDcvMjAyMzA3MTlfMDMyMjcK,多重多層な通信ネットワークによるUxVとの通信確達に関する検討役務,防衛省,13,東京都,,,2023-07-19T00:00:00+09:00,2023,役務,一般競争入札,https://www.p-portal.go.jp/pps-web-biz/UAA01/OAA0101,1.1.0-candidate2,True,True,False,network_infrastructure,1,False,False,False,False,False,False,True,False,False,False,False,31,2023-07-19T20:32:43+09:00,html,,,,,,,,0,[]
dG9reW8vdGl0ZWNoX2FjLzIwMjMvMjAyMzA3MTlfMDAwOTEK,統合設備共用システム改修作業 一式,国立大学法人東京工業大学,13,東京都,131105,目黒区,2023-07-19T00:00:00+09:00,2023,役務,,http://www.zaimu.titech.ac.jp/keiyaku/kanren/koukoku/wpsys/wp-content/uploads/%E7%B5%B1%E5%90%88%E8%A8%AD%E5%82%99%E5%85%B1%E7%94%A8%E3%82%B7%E3%82%B9%E3%83%86%E3%83%A0%E6%94%B9%E4%BF%AE%E4%BD%9C%E6%A5%AD-%E4%B8%80%E5%BC%8F_R5.7.19_R5.8.31-.pdf,1.1.0-candidate2,True,True,False,system_development,1,True,False,False,False,False,False,False,False,False,False,False,29,2023-07-19T19:30:26+09:00,pdf,267527.0,,,,,,,0,[]
c2VhcmNoL3BfcG9ydGFsLzIwMjMvMDcvMjAyMzA3MjBfMDMzNDYK,大規模言語モデルを用いた行動予測に関する検討役務,防衛省,13,東京都,,,2023-07-20T00:00:00+09:00,2023,役務,一般競争入札,https://www.p-portal.go.jp/pps-web-biz/UAA01/OAA0101,1.1.0-candidate2,True,False,True,artificial_intelligence,1,False,False,False,False,False,False,False,False,False,True,False,27,2023-07-20T20:37:27+09:00,html,,,,,,,,0,[]
ZnVrdW9rYS9mdWt1b2thX3ByZWYvMjAyMy8yMDIzMDcyNV8wMjg5OAo=,一般競争入札の公告＜福岡県市町村立学校給与等連携クラウドサービス構築業務委託＞について,福岡県,40,福岡県,,,2023-07-25T00:00:00+09:00,2023,役務,,https://www.pref.fukuoka.lg.jp/bid-info/kyoikukyuyo-01.html,1.1.0-candidate2,True,True,False,cloud,1,False,False,False,False,True,False,False,False,False,False,False,1,2023-07-25T19:05:18+09:00,html,,,,,,,,7,"[{""name"":""入札説明書 [Wordファイル／130KB]"",""uri"":""https://www.pref.fukuoka.lg.jp/uploaded/attachment/198827.doc""},{""name"":""仕様書 [Wordファイル／327KB]"",""uri"":""https://www.pref.fukuoka.lg.jp/uploaded/attachment/198944.docx""},{""name"":""仕様書別添１ [Excelファイル／18KB]"",""uri"":""https://www.pref.fukuoka.lg.jp/uploaded/attachment/198747.xlsx""},{""name"":""仕様書別添２ [Wordファイル／18KB]"",""uri"":""https://www.pref.fukuoka.lg.jp/uploaded/attachment/198748.docx""},{""name"":""仕様書別添３ [Wordファイル／33KB]"",""uri"":""https://www.pref.fukuoka.lg.jp/uploaded/attachment/198749.docx""},{""name"":""仕様書別添４ [Wordファイル／16KB]"",""uri"":""https://www.pref.fukuoka.lg.jp/uploaded/attachment/198750.docx""},{""name"":""評価基準項目 [Excelファイル／19KB]"",""uri"":""https://www.pref.fukuoka.lg.jp/uploaded/attachment/198945.xlsx""}]"
YWljaGkvbmNnZy8yMDIzLzIwMjMwODA3XzAxMDg3Cg==,NILS-LSAデータ統合管理システム構築業務委託契約,国立研究開発法人国立長寿医療研究センター,23,愛知県,232238,大府市,2023-08-07T00:00:00+09:00,2023,役務,,https://www.ncgg.go.jp/ncgg-chotatsu/documents/20230807.pdf,1.1.0-candidate2,True,True,False,system_development,1,True,False,False,False,False,False,False,False,False,False,False,16,2023-08-07T19:12:32+09:00,pdf,132570.0,,,,,,,0,[]
c2VhcmNoL3BfcG9ydGFsLzIwMjMvMDgvMjAyMzA4MDdfMDQ3NjQK,供託システムの更改に係る機器・ソフトウェア等の賃貸借及び導入役務等 一式,法務省,13,東京都,,,2023-08-07T00:00:00+09:00,2023,役務,一般競争入札,https://www.p-portal.go.jp/pps-web-biz/UAA01/OAA0101,1.1.0-candidate2,True,True,False,system_development|software_applications,2,True,False,True,False,False,False,False,False,False,False,False,76,2023-08-07T19:45:34+09:00,html,,,,,,,,0,[]
aG9ra2FpZG8vaG9ra2FpZG9fcHJlZi8yMDIzLzIwMjMwODE0XzAwNjc3Cg==,道有施設への太陽光発電システム導入可能性調査（野立て）委託業務に係る総合評価一般競争入札の実施,北海道,01,北海道,,,2023-08-14T00:00:00+09:00,2023,役務,,https://www.pref.hokkaido.lg.jp/kz/tot/162269.html,1.1.0-candidate2,True,True,False,system_development,1,True,False,False,False,False,False,False,False,False,False,False,30,2023-08-14T19:29:48+09:00,html,,,,,,,,2,"[{""name"":""入札公告（北海道告示第11149号） (PDF 152KB)"",""uri"":""https://www.pref.hokkaido.lg.jp/fs/8/9/9/2/0/6/2/_/03%E5%85%A5%E6%9C%AD%E3%81%AE%E5%AE%9F%E6%96%BD(%E5%91%8A%E7%A4%BA11149).pdf""},{""name"":""入札関係書類一式 (ZIP 2.96MB)"",""uri"":""https://www.pref.hokkaido.lg.jp/fs/8/9/9/2/6/4/4/_/%E5%85%A5%E6%9C%AD%E9%96%A2%E4%BF%82%E6%9B%B8%E9%A1%9E%E4%B8%80%E5%BC%8F.zip""}]"
c2VhcmNoL3BfcG9ydGFsLzIwMjMvMDgvMjAyMzA4MTVfMDU0NjEK,【本省】令和５年度経済産業省情報セキュリティ管理規程等の改正業務役務請負,経済産業省,13,東京都,,,2023-08-15T00:00:00+09:00,2023,役務,一般競争入札,https://www.p-portal.go.jp/pps-web-biz/UAA01/OAA0101,1.1.0-candidate2,True,True,False,cybersecurity,1,False,False,False,False,False,True,False,False,False,False,False,52,2023-08-15T19:45:41+09:00,html,,,,,,,,0,[]
dG9reW8va2VpZGFpLzIwMjMvMjAyMzA4MThfMDA1MzEK,車載ネットワークからのデータ取得役務（形式：68KB）,国家公安委員会（警察庁）警察大学校,13,東京都,132063,府中市,2023-08-18T00:00:00+09:00,2023,役務,,https://www.npa.go.jp/keidai/resources/kobo/tyotatsu/2023/R5-16.pdf,1.1.0-candidate2,True,True,False,network_infrastructure,1,False,False,False,False,False,False,True,False,False,False,False,45,2023-08-18T19:15:36+09:00,pdf,69796.0,,,,,,,0,[]
Z292My9tb2RfbmRhX29iYXJhZGFpLzIwMjMvMjAyMzA4MjRfMDM4MTcK,教場用ネットワーク配線設置役務,防衛省防衛大学校,14,神奈川県,142018,横須賀市,2023-08-24T00:00:00+09:00,2023,役務,,https://www.mod.go.jp/nda/procurement/anken/010050824304.pdf,1.1.0-candidate2,True,True,False,network_infrastructure,1,False,False,False,False,False,False,True,False,False,False,False,13,2023-08-24T20:19:06+09:00,pdf,145347.0,,,,,,,1,"[{""name"":""仕様書のとおり"",""uri"":""https://www.mod.go.jp/nda/procurement/anken/u010050824304.pdf""}]"
Z292NS9yb2Z1a3UvMjAyMy8yMDIzMDgyNV8wMTgxNwo=,病院情報システム一式及び7年間のシステム保守業務委託（山陰労災病院）,独立行政法人労働者健康安全機構,14,神奈川県,141305,川崎市,2023-08-25T00:00:00+09:00,2023,役務,,https://www.johas.go.jp/Portals/0/data0/jigyogaiyo/choutatsu/nyusatsu/0508/nyuusatsu050825.pdf,1.1.0-candidate2,True,True,False,operations_maintenance,1,False,False,False,True,False,False,False,False,False,False,False,11,2023-08-25T00:00:00+09:00,pdf,161106.0,,,,,,,0,[]
YWljaGkvbmNnZy8yMDIzLzIwMjMwODI4XzAxMDkyCg==,生理検査システム保守業務委託契約,国立研究開発法人国立長寿医療研究センター,23,愛知県,232238,大府市,2023-08-28T00:00:00+09:00,2023,役務,,https://www.ncgg.go.jp/ncgg-chotatsu/documents/20230828.pdf,1.1.0-candidate2,True,True,False,operations_maintenance,1,False,False,False,True,False,False,False,False,False,False,False,3,2023-08-28T19:12:34+09:00,pdf,138905.0,,,,,,,0,[]
a2FuYWdhd2EvaGFkYW5vX2NpdHkvMjAyMy8yMDIzMDgzMF8wMzA5OAo=,令和５年度秦野市埋蔵文化財試掘確認調査デジタル化委託業務,神奈川県秦野市,14,神奈川県,142115,秦野市,2023-08-30T00:00:00+09:00,2023,役務,,https://www.city.hadano.kanagawa.jp/sekkeitosho/2_gaiyou/5053142.pdf,1.1.0-candidate2,True,False,True,data_digital,1,False,False,False,False,False,False,False,False,True,False,False,7,2023-08-30T19:09:08+09:00,pdf,291272.0,,,,,,,0,[]
dG9reW8vdGl0ZWNoX2FjLzIwMjMvMjAyMzA4MzBfMDAxMzAK,研究者情報DB構築に向けた「システム提案依頼書」作成に関する支援業務 一式,国立大学法人東京工業大学,13,東京都,131105,目黒区,2023-08-30T00:00:00+09:00,2023,役務,,http://www.zaimu.titech.ac.jp/keiyaku/kanren/koukoku/wpsys/wp-content/uploads/%E7%A0%94%E7%A9%B6%E8%80%85%E6%83%85%E5%A0%B1DB%E6%A7%8B%E7%AF%89%E3%81%AB%E5%90%91%E3%81%91%E3%81%9F%E3%80%8C%E3%82%B7%E3%82%B9%E3%83%86%E3%83%A0%E6%8F%90%E6%A1%88%E4%BE%9D%E9%A0%BC%E6%9B%B8%E3%80%8D%E4%BD%9C%E6%88%90%E3%81%AB%E9%96%A2%E3%81%99%E3%82%8B%E6%94%AF%E6%8F%B4%E6%A5%AD%E5%8B%99-%E4%B8%80%E5%BC%8F_R5.8.30-R5.9.28.pdf,1.1.0-candidate2,True,True,False,system_development,1,True,False,False,False,False,False,False,False,False,False,False,4,2023-08-30T19:34:17+09:00,pdf,129046.0,,,,,,,0,[]
Z292OS9qcG5zcG9ydC8yMDIzLzIwMjMwOTA1XzAwOTU1Cg==,例規システムの提供、運用保守等業務委託,独立行政法人日本スポーツ振興センター,13,東京都,131032,港区,2023-09-05T00:00:00+09:00,2023,役務,,https://www.jpnsport.go.jp/corp/Portals/0/corp/R5tyoutatsu/20230905_reikisisutemunoteikyou-unyouhoshyuougyoumuitaku.pdf,1.1.0-candidate2,True,True,False,system_services|operations_maintenance,2,False,True,False,True,False,False,False,False,False,False,False,78,2023-09-05T19:05:11+09:00,pdf,252320.0,,,,,,,0,[]
Z292My9tb2RfbmRhX29iYXJhZGFpLzIwMjMvMjAyMzA5MDhfMDM4MzAK,防衛大学校ホームページの刷新・技術教育・維持管理に係る支援役務,防衛省防衛大学校,14,神奈川県,142018,横須賀市,2023-09-08T00:00:00+09:00,2023,役務,,https://www.mod.go.jp/nda/procurement/anken/010050908316.pdf,1.1.0-candidate2,True,True,False,software_applications,1,False,False,True,False,False,False,False,False,False,False,False,26,2023-09-08T20:26:23+09:00,pdf,196718.0,,,,,,,1,"[{""name"":""仕様書のとおり"",""uri"":""https://www.mod.go.jp/nda/procurement/anken/u010050908316.pdf""}]"
ZnVrdW9rYS9wb2xpY2VfZnVrdW9rYS8yMDIzLzIwMjMwOTExXzAxMjMwCg==,SKYSEA及びEVEMAサーバ構築・設定業務委託に係る入札について,国家公安委員会（警察庁）福岡県警察,40,福岡県,401307,福岡市,2023-09-11T00:00:00+09:00,2023,役務,,https://www.police.pref.fukuoka.jp/data/open/cnt/3/16991/1/sabarkoukoku.pdf,1.1.0-candidate2,True,True,False,network_infrastructure,1,False,False,False,False,False,False,True,False,False,False,False,14,2023-09-11T19:13:34+09:00,pdf,173868.0,,,,,,,1,"[{""name"":""・SKYSEA及びEVEMAサーバ構築・設定業務委託に係る入札について（入札説明書） （3,239kbyte）"",""uri"":""https://www.police.pref.fukuoka.jp/data/open/cnt/3/16991/1/sabersetumei.pdf""}]"
aG9ra2FpZG8vaG9ra2FpZG9fcHJlZi8yMDIzLzIwMjMwOTEyXzAwNzM2Cg==,道有施設への太陽光発電システム導入可能性調査（野立て）委託業務に係る総合評価一般競争入札の実施,北海道,01,北海道,,,2023-09-12T00:00:00+09:00,2023,役務,,https://www.pref.hokkaido.lg.jp/kz/tot/162269.html,1.1.0-candidate2,True,True,False,system_development,1,True,False,False,False,False,False,False,False,False,False,False,40,2023-09-12T19:31:02+09:00,html,,,,,,,,1,"[{""name"":""入札関係書類一式 (ZIP 2.96MB)"",""uri"":""https://www.pref.hokkaido.lg.jp/fs/8/9/9/2/6/4/4/_/%E5%85%A5%E6%9C%AD%E9%96%A2%E4%BF%82%E6%9B%B8%E9%A1%9E%E4%B8%80%E5%BC%8F.zip""}]"
b3Nha2Evb3Nha2FfY2l0eS8yMDIzLzIwMjMwOTEyXzAwNjEzCg==,大阪市準公営企業財務会計システム再構築及び運用保守業務委託,大阪府大阪市,27,大阪府,271004,大阪市,2023-09-12T00:00:00+09:00,2023,役務,,https://www.city.osaka.lg.jp/templates/buppin_nyusatsuanken/cmsfiles/contents/0000607/607413/R5junkoushisutemusaikouchiku.pdf,1.1.0-candidate2,True,True,False,system_development|operations_maintenance,2,True,False,False,True,False,False,False,False,False,False,False,20,2023-09-12T19:27:46+09:00,pdf,17920.0,,,,,,,2,"[{""name"":""入札説明書(PDF形式, 2.41MB)"",""uri"":""https://www.city.osaka.lg.jp/templates/buppin_nyusatsuanken/cmsfiles/contents/0000607/607413/nyuusatsusetsumeisho2.pdf""},{""name"":""仕様書(PDF形式, 12.49MB)"",""uri"":""https://www.city.osaka.lg.jp/templates/buppin_nyusatsuanken/cmsfiles/contents/0000607/607413/shiyousho.pdf""}]"
ZnVrdW9rYS9mdWt1b2thX3ByZWYvMjAyMy8yMDIzMDkxM18wMjk2MQo=,一般競争入札の公告（ＡＩ−ＯＣＲ等調達・導入支援業務委託契約）,福岡県,40,福岡県,,,2023-09-13T00:00:00+09:00,2023,役務,,https://www.pref.fukuoka.lg.jp/bid-info/aiocr23kanshi.html,1.1.0-candidate2,True,False,True,artificial_intelligence,1,False,False,False,False,False,False,False,False,False,True,False,13,2023-09-13T19:05:22+09:00,html,,,,,,,,2,"[{""name"":""入札説明書 [PDFファイル／2.04MB]"",""uri"":""https://www.pref.fukuoka.lg.jp/uploaded/attachment/202051.pdf""},{""name"":""同等品チェックリスト [Excelファイル／23KB]"",""uri"":""https://www.pref.fukuoka.lg.jp/uploaded/attachment/202055.xlsx""}]"
aG9ra2FpZG8vaG9ra2FpZG9fcHJlZi8yMDIzLzIwMjMwOTE0XzAwNzQzCg==,【公告】令和５年度データセンター集積推進事業（海外データセンター誘致）委託業務 総合評価一般競争入札の実施について,北海道,01,北海道,,,2023-09-14T00:00:00+09:00,2023,役務,,https://www.pref.hokkaido.lg.jp/kz/ssg/165956.html,1.1.0-candidate2,True,True,False,network_infrastructure,1,False,False,False,False,False,False,True,False,False,False,False,35,2023-09-14T19:33:04+09:00,html,,,,,,,,1,"[{""name"":""北海道告示第11272号（入札の実施） (PDF 279KB)"",""uri"":""https://www.pref.hokkaido.lg.jp/fs/9/1/3/7/0/9/6/_/03_%E5%91%8A%E7%A4%BA%E7%AC%AC11272%E5%8F%B7(%E5%85%A5%E6%9C%AD%E3%81%AE%E5%AE%9F%E6%96%BD).pdf""}]"
ZnVrdW9rYS9mdWt1b2thX3ByZWYvMjAyMy8yMDIzMDkyNV8wMjk3Nwo=,一般競争入札の公告について(福岡県病院事業財務会計システム導入業務委託）,福岡県,40,福岡県,,,2023-09-25T00:00:00+09:00,2023,役務,,https://www.pref.fukuoka.lg.jp/bid-info/byoin01.html,1.1.0-candidate2,True,True,False,system_development,1,True,False,False,False,False,False,False,False,False,False,False,1,2023-09-25T19:05:22+09:00,html,,,,,,,,1,"[{""name"":""入札説明書 [PDFファイル／1.86MB]"",""uri"":""https://www.pref.fukuoka.lg.jp/uploaded/attachment/203074.pdf""}]"
dG9reW8vdGl0ZWNoX2FjLzIwMjMvMjAyMzA5MjVfMDAxNDgK,自立分散型エネルギーシステムと電力取引をシミュレートするソフトウェア開発 一式,国立大学法人東京工業大学,13,東京都,131105,目黒区,2023-09-25T00:00:00+09:00,2023,役務,,http://www.zaimu.titech.ac.jp/keiyaku/kanren/koukoku/wpsys/wp-content/uploads/%E8%87%AA%E7%AB%8B%E5%88%86%E6%95%A3%E5%9E%8B%E3%82%A8%E3%83%8D%E3%83%AB%E3%82%AE%E3%83%BC%E3%82%B7%E3%82%B9%E3%83%86%E3%83%A0%E3%81%A8%E9%9B%BB%E5%8A%9B%E5%8F%96%E5%BC%95%E3%82%92%E3%82%B7%E3%83%9F%E3%83%A5%E3%83%AC%E3%83%BC%E3%83%88%E3%81%99%E3%82%8B%E3%82%BD%E3%83%95%E3%83%88%E3%82%A6%E3%82%A7%E3%82%A2%E9%96%8B%E7%99%BA%20%E4%B8%80%E5%BC%8F_R5.9.25-R5.10.11.pdf,1.1.0-candidate2,True,True,False,system_development|software_applications,2,True,False,True,False,False,False,False,False,False,False,False,26,2023-09-25T19:27:09+09:00,pdf,5488.0,,,,,,,0,[]
dG9reW8vdG9reW9faXJ5b19jZW50ZXIvMjAyMy8yMDIzMDkyNl8wMDYxNgo=,病院情報システム等運用保守業務委託一式（9月26日～10月13日）（PDF：103KB）,独立行政法人国立病院機構東京医療センター,13,東京都,131105,目黒区,2023-09-26T00:00:00+09:00,2023,役務,,https://tokyo-mc.hosp.go.jp/wp-content/uploads/2023/09/procure20230926_1.pdf,1.1.0-candidate2,True,True,False,operations_maintenance,1,False,False,False,True,False,False,False,False,False,False,False,17,2023-09-26T19:25:46+09:00,pdf,105396.0,,,,,,,0,[]
b3Nha2EvbWlub2hfY2l0eS8yMDIzLzIwMjMwOTI5XzAwMTk2Cg==,令和5年度箕面市情報セキュリティ監査業務委託にかかる一般競争入札の実施について,大阪府箕面市,27,大阪府,272205,箕面市,2023-09-29T00:00:00+09:00,2023,役務,,https://www.city.minoh.lg.jp/keiyaku/ippannkyousounyuusatu/documents/5sekyurity.html,1.1.0-candidate2,True,True,False,cybersecurity,1,False,False,False,False,False,True,False,False,False,False,False,1,2025-10-21T19:11:38+09:00,html,,,,,,,,2,"[{""name"":""入札説明書（PDF：135KB）"",""uri"":""https://www.city.minoh.lg.jp/keiyaku/ippannkyousounyuusatu/documents/documents/01setumeisyor5sekyuritelikansa.pdf""},{""name"":""仕様書（PDF：238KB）"",""uri"":""https://www.city.minoh.lg.jp/keiyaku/ippannkyousounyuusatu/documents/documents/02shiyousyor5sekyuritelikansa.pdf""}]"
c2VhcmNoL3BfcG9ydGFsLzIwMjMvMTAvMjAyMzEwMDVfMDk0NjgK,【本省】令和５年度経済産業省情報セキュリティ監査等業務役務請負,経済産業省,13,東京都,,,2023-10-05T00:00:00+09:00,2023,役務,一般競争入札,https://www.p-portal.go.jp/pps-web-biz/UAA01/OAA0101,1.1.0-candidate2,True,True,False,cybersecurity,1,False,False,False,False,False,True,False,False,False,False,False,96,2023-10-05T19:34:28+09:00,html,,,,,,,,0,[]
ZnVrdW9rYS9vbXV0YV9ob3NwLzIwMjMvMjAyMzEwMDZfMDAyNzcK,病院情報システム更新等に係るコンサルティング業務委託,独立行政法人国立病院機構大牟田病院,40,福岡県,402028,大牟田市,2023-10-06T00:00:00+09:00,2023,役務,,https://omuta.hosp.go.jp/files/000201682.pdf,1.1.0-candidate2,True,True,False,system_development|it_consulting_planning,2,True,False,False,False,False,False,False,False,False,False,True,8,2023-10-09T19:10:04+09:00,pdf,289004.0,,,,,,,0,[]
Z292NS9zYW5naWluX2dvLzIwMjMvMjAyMzEwMTFfMDA0OTMK,参議院インターネット審議中継システム外４Webシステム利用環境の提供及びその運用役務一式（一般）(PDF),参議院,13,東京都,131016,千代田区,2023-10-11T00:00:00+09:00,2023,役務,,https://www.sangiin.go.jp/japanese/annai/choutatu/21buppin-ekimu/pdf/231011.pdf,1.1.0-candidate2,True,True,False,system_services|operations_maintenance,2,False,True,False,True,False,False,False,False,False,False,False,69,2023-10-11T19:42:43+09:00,pdf,132721.0,,,,,,,0,[]
c2VhcmNoL3BfcG9ydGFsLzIwMjMvMTAvMjAyMzEwMTNfMTAxMTIK,防衛省ＯＡシステム基盤端末及び防衛情報通信基盤端末等移設役務,防衛省,13,東京都,,,2023-10-13T00:00:00+09:00,2023,役務,一般競争入札,https://www.p-portal.go.jp/pps-web-biz/UAA01/OAA0101,1.1.0-candidate2,True,True,False,network_infrastructure,1,False,False,False,False,False,False,True,False,False,False,False,58,2023-10-13T19:33:14+09:00,html,,,,,,,,0,[]
Z292NC9tb2RfbmFpa3lva3UvMjAyMy8yMDIzMTAxOF8wNDE1Nwo=,クリアリングシステムにおけるクラウド技術活用のための検討支援等役務,防衛省自衛隊,13,東京都,131041,新宿区,2023-10-18T00:00:00+09:00,2023,役務,,https://www.mod.go.jp/j/budget/chotatsu/naikyoku/nyuusatu/2023/1018a.pdf,1.1.0-candidate2,True,True,False,cloud,1,False,False,False,False,True,False,False,False,False,False,False,46,2023-10-18T19:35:02+09:00,pdf,116522.0,,,,,,,0,[]
c2VhcmNoL3BfcG9ydGFsLzIwMjMvMTAvMjAyMzEwMThfMTA0NjUK,クリアリングシステムにおけるクラウド技術活用のための検討支援等役務,防衛省,13,東京都,,,2023-10-18T00:00:00+09:00,2023,役務,一般競争入札,https://www.p-portal.go.jp/pps-web-biz/UAA01/OAA0101,1.1.0-candidate2,True,True,False,cloud,1,False,False,False,False,True,False,False,False,False,False,False,45,2023-10-19T19:36:46+09:00,html,,,,,,,,0,[]
c2VhcmNoL3BfcG9ydGFsLzIwMjMvMTAvMjAyMzEwMTlfMTA0MTUK,参議院ネットワークシステムぜい弱性診断役務（令和５年度）,参議院,13,東京都,,,2023-10-19T00:00:00+09:00,2023,役務,一般競争入札,https://www.p-portal.go.jp/pps-web-biz/UAA01/OAA0101,1.1.0-candidate2,True,True,False,network_infrastructure,1,False,False,False,False,False,False,True,False,False,False,False,40,2023-10-19T19:36:31+09:00,html,,,,,,,,0,[]
Z292NC9tb2RfbmFpa3lva3UvMjAyMy8yMDIzMTAyNF8wNDE2Mgo=,人事・給与情報システムヘルプデスク業務支援役務,防衛省自衛隊,13,東京都,131041,新宿区,2023-10-24T00:00:00+09:00,2023,役務,,https://www.mod.go.jp/j/budget/chotatsu/naikyoku/nyuusatu/2023/1024a.pdf,1.1.0-candidate2,True,True,False,operations_maintenance,1,False,False,False,True,False,False,False,False,False,False,False,27,2023-10-24T19:37:06+09:00,pdf,154399.0,,,,,,,0,[]
c2VhcmNoL3BfcG9ydGFsLzIwMjMvMTAvMjAyMzEwMjRfMTA5OTIK,人事・給与情報システムヘルプデスク業務支援役務,防衛省,13,東京都,,,2023-10-24T00:00:00+09:00,2023,役務,一般競争入札,https://www.p-portal.go.jp/pps-web-biz/UAA01/OAA0101,1.1.0-candidate2,True,True,False,operations_maintenance,1,False,False,False,True,False,False,False,False,False,False,False,25,2023-10-25T19:42:22+09:00,html,,,,,,,,0,[]
Z292NC9tb2RfbmFpa3lva3UvMjAyMy8yMDIzMTAyNV8wNDE2Ngo=,【訂正公告】クリアリングシステムにおけるクラウド技術活用のための検討支援等役務,防衛省自衛隊,13,東京都,131041,新宿区,2023-10-25T00:00:00+09:00,2023,役務,,https://www.mod.go.jp/j/budget/chotatsu/naikyoku/nyuusatu/2023/1025a.pdf,1.1.0-candidate2,True,True,False,cloud,1,False,False,False,False,True,False,False,False,False,False,False,22,2023-10-25T19:35:17+09:00,pdf,54785.0,,,,,,,0,[]
a2FuYWdhd2EvaGFkYW5vX2NpdHkvMjAyMy8yMDIzMTAyNV8wMzE2NAo=,令和５年度秦野市横野区有文書デジタルデータ作成委託業務,神奈川県秦野市,14,神奈川県,142115,秦野市,2023-10-25T00:00:00+09:00,2023,役務,,https://www.city.hadano.kanagawa.jp/sekkeitosho/2_gaiyou/5053165.pdf,1.1.0-candidate2,True,False,True,data_digital,1,False,False,False,False,False,False,False,False,True,False,False,8,2023-10-25T19:09:34+09:00,pdf,291928.0,,,,,,,0,[]
ZnVrdW9rYS9jaXR5LWt1cnVtZS8yMDIzLzIwMjMxMDMwXzAyOTIzCg==,久留米市数値地形図等修正業務委託,福岡県久留米市,40,福岡県,402036,久留米市,2023-10-30T00:00:00+09:00,2023,役務,,https://www.city.kurume.fukuoka.jp/1090sangyou/2010nyuusatsu/3030koukoku/4010nyuusatsu/files/20231109-15.pdf,1.1.0-candidate2,True,False,True,data_digital,1,False,False,False,False,False,False,False,False,True,False,False,4,2024-07-22T00:00:00+09:00,pdf,176668.0,,,,,,,0,[]
c2VhcmNoL3BfcG9ydGFsLzIwMjMvMTAvMjAyMzEwMzBfMTEzMDAK,【九州局】令和５年九州経済産業局の紙資料デジタル化業務に係る役務請負,経済産業省,40,福岡県,,,2023-10-30T00:00:00+09:00,2023,役務,一般競争入札,https://www.p-portal.go.jp/pps-web-biz/UAA01/OAA0101,1.1.0-candidate2,True,False,True,data_digital,1,False,False,False,False,False,False,False,False,True,False,False,2,2023-10-30T19:41:10+09:00,html,,,,,,,,0,[]
c2VhcmNoL3BfcG9ydGFsLzIwMjMvMTEvMjAyMzExMDFfMTE2NjYK,交通事故削減に資する技術的要件の検討に関するミクロデータ分析【業務委託】,国土交通省,13,東京都,,,2023-11-01T00:00:00+09:00,2023,役務,一般競争入札,https://www.p-portal.go.jp/pps-web-biz/UAA01/OAA0101,1.1.0-candidate2,True,False,True,data_digital,1,False,False,False,False,False,False,False,False,True,False,False,138,2023-11-01T19:45:47+09:00,html,,,,,,,,0,[]
c2VhcmNoL3BfcG9ydGFsLzIwMjMvMTEvMjAyMzExMDFfMTE2ODEK,研究開発支援システムのデータ移行役務（０５換装）,防衛省,13,東京都,,,2023-11-01T00:00:00+09:00,2023,役務,一般競争入札,https://www.p-portal.go.jp/pps-web-biz/UAA01/OAA0101,1.1.0-candidate2,True,True,False,system_development|network_infrastructure|data_digital,3,True,False,False,False,False,False,True,False,True,False,False,137,2023-11-01T19:45:51+09:00,html,,,,,,,,0,[]
dG9reW8va2VpZGFpLzIwMjMvMjAyMzExMDFfMDA1MzYK,車載ネットワークからのデータ取得役務（形式：70KB）,国家公安委員会（警察庁）警察大学校,13,東京都,132063,府中市,2023-11-01T00:00:00+09:00,2023,役務,,https://www.npa.go.jp/keidai/resources/kobo/tyotatsu/2023/R5-20.pdf,1.1.0-candidate2,True,True,False,network_infrastructure,1,False,False,False,False,False,False,True,False,False,False,False,136,2023-11-01T19:17:43+09:00,pdf,71653.0,,,,,,,0,[]
ZnVrdW9rYS9rb2t1cmFfaXJ5b19jZW50ZXIvMjAyMy8yMDIzMTExNF8wMDIyOQo=,院内情報システム管理及び運用業務委託 一式,独立行政法人国立病院機構小倉医療センター,40,福岡県,401005,北九州市,2023-11-14T00:00:00+09:00,2023,役務,,https://kokura.hosp.go.jp/buppin/files/nyusatu/20240111.pdf,1.1.0-candidate2,True,True,False,operations_maintenance,1,False,False,False,True,False,False,False,False,False,False,False,8,2023-11-14T19:09:22+09:00,pdf,229075.0,,,,,,,0,[]
c2VhcmNoL3BfcG9ydGFsLzIwMjMvMTEvMjAyMzExMjBfMTMzMjQK,防衛省ＯＡシステム基盤端末及び防衛情報通信基盤端末等移設役務,防衛省,13,東京都,,,2023-11-20T00:00:00+09:00,2023,役務,一般競争入札,https://www.p-portal.go.jp/pps-web-biz/UAA01/OAA0101,1.1.0-candidate2,True,True,False,network_infrastructure,1,False,False,False,False,False,False,True,False,False,False,False,61,2023-11-21T19:40:38+09:00,html,,,,,,,,0,[]
YWljaGkvbmNnZy8yMDIzLzIwMjMxMTI3XzAxMTIyCg==,電子処方箋管理サービスシステム導入業務委託契約,国立研究開発法人国立長寿医療研究センター,23,愛知県,232238,大府市,2023-11-27T00:00:00+09:00,2023,役務,,https://www.ncgg.go.jp/ncgg-chotatsu/documents/20231127.pdf,1.1.0-candidate2,True,True,False,system_development,1,True,False,False,False,False,False,False,False,False,False,False,2,2023-11-27T19:18:15+09:00,pdf,138008.0,,,,,,,0,[]
Z292My9tb2RfZ3NkZl9jaG9zcF9maW4vMjAyMy8yMDIzMTEzMF8wMDAzNQo=,超電導磁石式全身用MR装置 ソフトウェア更新役務,防衛省自衛隊中央病院,13,東京都,131121,世田谷区,2023-11-30T00:00:00+09:00,2023,役務,,https://www.mod.go.jp/gsdf/chosp/fin/n121k.pdf,1.1.0-candidate2,True,True,False,software_applications,1,False,False,True,False,False,False,False,False,False,False,False,5,2023-11-30T20:24:30+09:00,pdf,134496.0,,,,,,,1,"[{""name"":""仕様書"",""uri"":""https://www.mod.go.jp/gsdf/chosp/fin/n121ks.pdf""}]"
Z292NC9tb2RfbmFpa3lva3UvMjAyMy8yMDIzMTEzMF8wNDIwOAo=,防衛省ＯＡシステム基盤のＳＡＳＥネットワーク接続に関するネットワーク追加・設定変更役務,防衛省自衛隊,13,東京都,131041,新宿区,2023-11-30T00:00:00+09:00,2023,役務,,https://www.mod.go.jp/j/budget/chotatsu/naikyoku/nyuusatu/2023/1130b.pdf,1.1.0-candidate2,True,True,False,network_infrastructure,1,False,False,False,False,False,False,True,False,False,False,False,1,2023-11-30T19:39:59+09:00,pdf,165857.0,,,,,,,0,[]
a2FuYWdhd2EveW9rb2hhbWFfaXJ5b19jZW50ZXIvMjAyMy8yMDIzMTIwMV8wMTE0Ngo=,病院システム運用保守業務委託 一式,独立行政法人国立病院機構横浜市南西部地域中核病院横浜医療センター,14,神奈川県,141003,横浜市,2023-12-01T00:00:00+09:00,2023,役務,,https://yokohama.hosp.go.jp/bid_info/./pdf/koukoku_gyoumu_itaku_20231130-2.pdf,1.1.0-candidate2,True,True,False,operations_maintenance,1,False,False,False,True,False,False,False,False,False,False,False,39,2023-12-01T19:19:11+09:00,pdf,238.0,,,,,,,0,[]
dG9reW8vdGl0ZWNoX2FjLzIwMjMvMjAyMzEyMDFfMDAyMTQK,キャンパスネットワーク運用・管理業務委託 一式,国立大学法人東京工業大学,13,東京都,131105,目黒区,2023-12-01T00:00:00+09:00,2023,役務,,http://www.zaimu.titech.ac.jp/keiyaku/kanren/koukoku/wpsys/wp-content/uploads/%E3%82%AD%E3%83%A3%E3%83%B3%E3%83%91%E3%82%B9%E3%83%8D%E3%83%83%E3%83%88%E3%83%AF%E3%83%BC%E3%82%AF%E9%81%8B%E7%94%A8%E3%83%BB%E7%AE%A1%E7%90%86%E6%A5%AD%E5%8B%99%E5%A7%94%E8%A8%97%20%E4%B8%80%E5%BC%8F_R5.12.1-R6.2.9.pdf,1.1.0-candidate2,True,True,False,network_infrastructure,1,False,False,False,False,False,False,True,False,False,False,False,120,2023-12-01T19:31:46+09:00,pdf,5488.0,,,,,,,0,[]
dG9reW8vdGl0ZWNoX2FjLzIwMjMvMjAyMzEyMDFfMDAyMTYK,キャンパス有線ネットワークシステム保守業務 一式,国立大学法人東京工業大学,13,東京都,131105,目黒区,2023-12-01T00:00:00+09:00,2023,役務,,http://www.zaimu.titech.ac.jp/keiyaku/kanren/koukoku/wpsys/wp-content/uploads/%E3%82%AD%E3%83%A3%E3%83%B3%E3%83%91%E3%82%B9%E6%9C%89%E7%B7%9A%E3%83%8D%E3%83%83%E3%83%88%E3%83%AF%E3%83%BC%E3%82%AF%E3%82%B7%E3%82%B9%E3%83%86%E3%83%A0%E4%BF%9D%E5%AE%88%E6%A5%AD%E5%8B%99%20%E4%B8%80%E5%BC%8F_R5.12.1-R6.2.16.pdf,1.1.0-candidate2,True,True,False,operations_maintenance|network_infrastructure,2,False,False,False,True,False,False,True,False,False,False,False,119,2023-12-01T19:31:46+09:00,pdf,5488.0,,,,,,,0,[]
YWljaGkvbmNnZy8yMDIzLzIwMjMxMjA3XzAxMTM5Cg==,EDCシステム新クラウドサーバへの移行に伴うシステム構築、データ移行の業務委託契約,国立研究開発法人国立長寿医療研究センター,23,愛知県,232238,大府市,2023-12-07T00:00:00+09:00,2023,役務,,https://www.ncgg.go.jp/ncgg-chotatsu/documents/20231207-2.pdf,1.1.0-candidate2,True,True,False,system_development|cloud|network_infrastructure|data_digital,4,True,False,False,False,True,False,True,False,True,False,False,13,2023-12-07T19:19:42+09:00,pdf,138225.0,,,,,,,0,[]
Z292Ni9rYWlob19tbGl0XzAza2Fua3UvMjAyMy8yMDIzMTIwN18wMTQxMQo=,第三管区海上保安本部ネットワーク機器調整,海上保安庁第三管区海上保安本部,14,神奈川県,141003,横浜市,2023-12-07T00:00:00+09:00,2023,役務,,https://www.kaiho.mlit.go.jp/03kanku/nyusatsu/R5_koukoku/akita/ekimu91%20koukoku.pdf,1.1.0-candidate2,True,True,False,network_infrastructure,1,False,False,False,False,False,False,True,False,False,False,False,34,2023-12-07T19:10:10+09:00,pdf,291205.0,A B C D,,,,,,0,[]
b3Nha2Evb3Nha2FfY2l0eS8yMDIzLzIwMjMxMjA4XzAwNjUwCg==,最高情報セキュリティ責任者（CISO）補佐業務委託（長期継続）,大阪府大阪市,27,大阪府,271004,大阪市,2023-12-08T00:00:00+09:00,2023,役務,,https://www.city.osaka.lg.jp/templates/buppin_nyusatsuanken/cmsfiles/contents/0000613/613954/01_nyuusatusetumeisyo.docx,1.1.0-candidate2,True,True,False,cybersecurity,1,False,False,False,False,False,True,False,False,False,False,False,11,2023-12-08T19:27:18+09:00,docx,17920.0,,,,,,,4,"[{""name"":""01_資料1 入札説明書(PDF形式, 246KB)"",""uri"":""https://www.city.osaka.lg.jp/templates/buppin_nyusatsuanken/cmsfiles/contents/0000613/613954/01_nyuusatusetumeisyo.pdf""},{""name"":""02_資料2 業務委託仕様書(PDF形式, 661KB)"",""uri"":""https://www.city.osaka.lg.jp/templates/buppin_nyusatsuanken/cmsfiles/contents/0000613/613954/02_siyousyo.pdf""},{""name"":""03_資料3 提案書作成要項(DOCX形式, 27KB)"",""uri"":""https://www.city.osaka.lg.jp/templates/buppin_nyusatsuanken/cmsfiles/contents/0000613/613954/03_teiannsyo.docx""},{""name"":""03_資料3 提案書作成要項(PDF形式, 136KB)"",""uri"":""https://www.city.osaka.lg.jp/templates/buppin_nyusatsuanken/cmsfiles/contents/0000613/613954/03_teiannsyo.pdf""}]"
Z292My9tb2RfbmRhX29iYXJhZGFpLzIwMjMvMjAyMzEyMTFfMDM5NTYK,防衛大学校共同利用電子計算機システムの運用支援役務（05延長）,防衛省防衛大学校,14,神奈川県,142018,横須賀市,2023-12-11T00:00:00+09:00,2023,役務,,https://www.mod.go.jp/nda/procurement/anken/010051211438.pdf,1.1.0-candidate2,True,True,False,operations_maintenance,1,False,False,False,True,False,False,False,False,False,False,False,31,2023-12-11T20:31:07+09:00,pdf,203337.0,,,,,,,1,"[{""name"":""仕様書のとおり"",""uri"":""https://www.mod.go.jp/nda/procurement/anken/u010051211438.pdf""}]"
Z292NC9tb2RfbmFpa3lva3UvMjAyMy8yMDIzMTIxMl8wNDIyMwo=,ＩＣカード身分証管理システム等の運用支援役務,防衛省自衛隊,13,東京都,131041,新宿区,2023-12-12T00:00:00+09:00,2023,役務,,https://www.mod.go.jp/j/budget/chotatsu/naikyoku/nyuusatu/2023/1212a.pdf,1.1.0-candidate2,True,True,False,operations_maintenance,1,False,False,False,True,False,False,False,False,False,False,False,65,2023-12-12T19:42:21+09:00,pdf,234084.0,,,,,,,0,[]
YWljaGkvbmNnZy8yMDIzLzIwMjMxMjEzXzAxMTQwCg==,血液バイオマーカーによる認知症の統合的層別化システムの開発における画像解析サポート業務委託契約,国立研究開発法人国立長寿医療研究センター,23,愛知県,232238,大府市,2023-12-13T00:00:00+09:00,2023,役務,,https://www.ncgg.go.jp/ncgg-chotatsu/documents/20231213-3.pdf,1.1.0-candidate2,True,True,False,system_development,1,True,False,False,False,False,False,False,False,False,False,False,8,2023-12-13T19:24:27+09:00,pdf,138645.0,,,,,,,0,[]
YWljaGkvbmNnZy8yMDIzLzIwMjMxMjEzXzAxMTQxCg==,患者レジストリシステム保守業務委託契約,国立研究開発法人国立長寿医療研究センター,23,愛知県,232238,大府市,2023-12-13T00:00:00+09:00,2023,役務,,https://www.ncgg.go.jp/ncgg-chotatsu/documents/20231213-2.pdf,1.1.0-candidate2,True,True,False,operations_maintenance,1,False,False,False,True,False,False,False,False,False,False,False,7,2023-12-13T19:24:27+09:00,pdf,134402.0,,,,,,,0,[]
YWljaGkvbmNnZy8yMDIzLzIwMjMxMjEzXzAxMTQyCg==,臨床情報バックアップシステム保守業務委託契約,国立研究開発法人国立長寿医療研究センター,23,愛知県,232238,大府市,2023-12-13T00:00:00+09:00,2023,役務,,https://www.ncgg.go.jp/ncgg-chotatsu/documents/20231213-1.pdf,1.1.0-candidate2,True,True,False,operations_maintenance,1,False,False,False,True,False,False,False,False,False,False,False,6,2023-12-13T19:24:27+09:00,pdf,135748.0,,,,,,,0,[]
Z292NC9tb2RfbmFpa3lva3UvMjAyMy8yMDIzMTIxNF8wNDIyNAo=,勤務時間管理システム運用管理支援役務,防衛省自衛隊,13,東京都,131041,新宿区,2023-12-14T00:00:00+09:00,2023,役務,,https://www.mod.go.jp/j/budget/chotatsu/naikyoku/nyuusatu/2023/1214a.pdf,1.1.0-candidate2,True,True,False,operations_maintenance,1,False,False,False,True,False,False,False,False,False,False,False,56,2023-12-14T19:36:20+09:00,pdf,112700.0,,,,,,,0,[]
Z292NS9tYWZmX2pmYS8yMDIzLzIwMjMxMjE0XzAwMjg3Cg==,令和６年度新たな資源管理システム構築促進事業のうち国際資源の管理体制構築促進事業のうち輸入まぐろ類流通管理事業に係るまぐろ類流通管理データベースの運用・保守管理業務の公募について(企画競争)(PDF : 184KB),水産庁,13,東京都,131016,千代田区,2023-12-14T00:00:00+09:00,2023,役務,,https://www.jfa.maff.go.jp/j/gyosei/supply/nyusatu/attach/pdf/ekimu_system-44.pdf,1.1.0-candidate2,True,True,False,operations_maintenance,1,False,False,False,True,False,False,False,False,False,False,False,55,2023-12-14T19:22:18+09:00,pdf,187914.0,,,,,,,3,"[{""name"":""応募要領(PDF : 298KB)"",""uri"":""https://www.jfa.maff.go.jp/j/gyosei/supply/nyusatu/attach/pdf/ekimu_system-45.pdf""},{""name"":""別紙１(PDF : 1,349KB)"",""uri"":""https://www.jfa.maff.go.jp/j/gyosei/supply/nyusatu/attach/pdf/ekimu_system-46.pdf""},{""name"":""別紙2(PDF : 332KB)"",""uri"":""https://www.jfa.maff.go.jp/j/gyosei/supply/nyusatu/attach/pdf/ekimu_system-47.pdf""}]"
Z292NS9tYWZmX2pmYS8yMDIzLzIwMjMxMjE0XzAwMjg4Cg==,令和６年度新たな資源管理システム構築促進事業のうち国際資源の管理体制構築促進事業のうち操業管理・海外漁場情報活用事業（令和６年度かつお・まぐろ・遠底VMSシステムに係る運用保守）業務(PDF : 104KB),水産庁,13,東京都,131016,千代田区,2023-12-14T00:00:00+09:00,2023,役務,,https://www.jfa.maff.go.jp/j/gyosei/supply/nyusatu/attach/pdf/ekimu_system-43.pdf,1.1.0-candidate2,True,True,False,system_development|operations_maintenance,2,True,False,False,True,False,False,False,False,False,False,False,54,2023-12-14T19:24:31+09:00,pdf,105585.0,,,,,,,1,"[{""name"":""応募要領(PDF : 2,088KB)"",""uri"":""https://www.jfa.maff.go.jp/j/gyosei/supply/nyusatu/attach/pdf/ekimu_system-48.pdf""}]"
Z292L2phc3NvX2dvLzIwMjMvMjAyMzEyMTVfMDEyOTMK,令和6年度学生生活調査等におけるオンライン調査システムの開発・運用に係る業務委託,独立行政法人日本学生支援機構,13,東京都,131041,新宿区,2023-12-15T00:00:00+09:00,2023,役務,,https://www.jasso.go.jp/about/procurement/nyusatsu_buppin/__icsFiles/afieldfile/2023/12/14/240208_gakusei_survey2.pdf,1.1.0-candidate2,True,True,False,system_development|operations_maintenance,2,True,False,False,True,False,False,False,False,False,False,False,53,2023-12-15T19:07:08+09:00,pdf,184056.0,,,,,,,0,[]
Z292L2phc3NvX2dvLzIwMjMvMjAyMzEyMTlfMDEyOTcK,令和6年度学生生活調査等におけるオンライン調査システムの開発・運用に係る業務委託,独立行政法人日本学生支援機構,13,東京都,131041,新宿区,2023-12-19T00:00:00+09:00,2023,役務,,https://www.jasso.go.jp/about/procurement/nyusatsu_buppin/__icsFiles/afieldfile/2023/12/18/240208_gakusei_survey3_1.pdf,1.1.0-candidate2,True,True,False,system_development|operations_maintenance,2,True,False,False,True,False,False,False,False,False,False,False,48,2023-12-19T19:08:18+09:00,pdf,181066.0,,,,,,,0,[]
aG9ra2FpZG8vaG9ra2FpZG9fcm91ZG91a3lva3UvMjAyMy8yMDIzMTIyMV8wMjEwNgo=,厚生労働省北海道労働局労働基準部健康課で使用する健康管理手帳管理システム構築業務委託契約,厚生労働省北海道労働局,01,北海道,011002,札幌市,2023-12-21T00:00:00+09:00,2023,役務,一般競争入札,https://jsite.mhlw.go.jp/hokkaido-roudoukyoku/content/contents/20231221006.pdf,1.1.0-candidate2,True,True,False,system_development,1,True,False,False,False,False,False,False,False,False,False,False,12,2023-12-21T19:53:33+09:00,pdf,170749.0,,,,,,,0,[]
dG9reW8vdGl0ZWNoX2FjLzIwMjMvMjAyMzEyMjFfMDAyNDIK,【意見招請】事務用電子計算機システムサーバ群 一式,国立大学法人東京工業大学,13,東京都,131105,目黒区,2023-12-21T00:00:00+09:00,2023,役務,,http://www.zaimu.titech.ac.jp/keiyaku/kanren/koukoku/wpsys/wp-content/uploads/%E3%80%90%E6%84%8F%E8%A6%8B%E6%8B%9B%E8%AB%8B%E3%80%91%E4%BA%8B%E5%8B%99%E7%94%A8%E9%9B%BB%E5%AD%90%E8%A8%88%E7%AE%97%E6%A9%9F%E3%82%B7%E3%82%B9%E3%83%86%E3%83%A0%E3%82%B5%E3%83%BC%E3%83%90%E7%BE%A4%20%E4%B8%80%E5%BC%8F_R5.12.21-R6.1.31.pdf,1.1.0-candidate2,True,True,False,network_infrastructure,1,False,False,False,False,False,False,True,False,False,False,False,30,2023-12-21T19:37:07+09:00,pdf,5488.0,,,,,,,0,[]
Z292NC9tb2RfbmFpa3lva3UvMjAyMy8yMDIzMTIyMl8wNDIzOAo=,【訂正公告】防衛省ＯＡシステム基盤のＳＡＳＥネットワーク接続に関するネットワーク追加・設定変更役務,防衛省自衛隊,13,東京都,131041,新宿区,2023-12-22T00:00:00+09:00,2023,役務,,https://www.mod.go.jp/j/budget/chotatsu/naikyoku/nyuusatu/2023/1222a.pdf,1.1.0-candidate2,True,True,False,network_infrastructure,1,False,False,False,False,False,False,True,False,False,False,False,15,2023-12-22T19:51:45+09:00,pdf,57139.0,,,,,,,0,[]
Z292NC9tb2RfbmFpa3lva3UvMjAyMy8yMDIzMTIyMl8wNDIzOQo=,防衛省ＯＡシステム基盤のＴｅａｍｓ機能の利用に係る導入・維持管理支援役務,防衛省自衛隊,13,東京都,131041,新宿区,2023-12-22T00:00:00+09:00,2023,役務,,https://www.mod.go.jp/j/budget/chotatsu/naikyoku/nyuusatu/2023/1222b.pdf,1.1.0-candidate2,True,True,False,system_development,1,True,False,False,False,False,False,False,False,False,False,False,14,2023-12-22T19:52:49+09:00,pdf,113151.0,,,,,,,0,[]
b3Nha2Evb3Nha2FfY2l0eS8yMDIzLzIwMjMxMjIyXzAwNjU3Cg==,大阪市教育共通基盤システムに係る開発及び運用・保守業務委託,大阪府大阪市,27,大阪府,271004,大阪市,2023-12-22T00:00:00+09:00,2023,役務,,https://www.city.osaka.lg.jp/templates/buppin_nyusatsuanken/cmsfiles/contents/0000615/615574/01_01nyusatusetumeisho.pdf,1.1.0-candidate2,True,True,False,system_development|operations_maintenance,2,True,False,False,True,False,False,False,False,False,False,False,5,2023-12-22T19:37:08+09:00,pdf,17920.0,,,,,,,2,"[{""name"":""資料2_調達仕様書(PDF形式, 4.23MB)"",""uri"":""https://www.city.osaka.lg.jp/templates/buppin_nyusatsuanken/cmsfiles/contents/0000615/615574/02_02siyousho.pdf""},{""name"":""資料5_経費積算にあたっての留意事項(PDF形式, 75KB)"",""uri"":""https://www.city.osaka.lg.jp/templates/buppin_nyusatsuanken/cmsfiles/contents/0000615/615574/12_05ryuijikou.pdf""}]"
b3Nha2Evb3Nha2FfY2l0eS8yMDIzLzIwMjMxMjI1XzAwNjU4Cg==,大阪市教育共通基盤システムに係る開発及び運用・保守業務委託,大阪府大阪市,27,大阪府,271004,大阪市,2023-12-25T00:00:00+09:00,2023,役務,,https://www.city.osaka.lg.jp/templates/buppin_nyusatsuanken/cmsfiles/contents/0000615/615574/00seigohyou(kibann).pdf,1.1.0-candidate2,True,True,False,system_development|operations_maintenance,2,True,False,False,True,False,False,False,False,False,False,False,3,2023-12-25T19:33:24+09:00,pdf,17920.0,,,,,,,3,"[{""name"":""資料1_入札説明書（訂正後）(PDF形式, 495KB)"",""uri"":""https://www.city.osaka.lg.jp/templates/buppin_nyusatsuanken/cmsfiles/contents/0000615/615574/shusei01_01nyusatusetumeisho(kiban).pdf""},{""name"":""資料2_調達仕様書(PDF形式, 4.23MB)"",""uri"":""https://www.city.osaka.lg.jp/templates/buppin_nyusatsuanken/cmsfiles/contents/0000615/615574/02_02siyousho.pdf""},{""name"":""資料5_経費積算にあたっての留意事項(PDF形式, 75KB)"",""uri"":""https://www.city.osaka.lg.jp/templates/buppin_nyusatsuanken/cmsfiles/contents/0000615/615574/12_05ryuijikou.pdf""}]"
b3Nha2EvbWlub2hfY2l0eS8yMDIzLzIwMjMxMjI3XzAwMTg1Cg==,箕面市登降園管理システム導入等業務委託にかかる総合評価落札方式による一般競争入札の実施について,大阪府箕面市,27,大阪府,272205,箕面市,2023-12-27T00:00:00+09:00,2023,役務,,https://www.city.minoh.lg.jp/sinfancy/documents/r5nyuusatsu.html,1.1.0-candidate2,True,True,False,system_development,1,True,False,False,False,False,False,False,False,False,False,False,2,2025-10-21T19:11:06+09:00,html,,,,,,,,1,"[{""name"":""入札説明書（PDF：158KB）"",""uri"":""https://www.city.minoh.lg.jp/sinfancy/documents/documents/nyusatsu_setsumei.pdf""}]"
Z292My9tb2RfZ3NkZl9lYWVfZWFmaW4vMjAyNC8yMDI0MDExMF8xMzA4Ngo=,ＡＩ及びシミュレーションによる活性化合物算出役務,防衛省陸上自衛隊東部方面会計隊,13,東京都,131041,新宿区,2024-01-10T00:00:00+09:00,2024,役務,,https://www.mod.go.jp/gsdf/eae/kaikei/eafin/R4koukoku/20240125-338B-1740.pdf,1.1.0-candidate2,True,False,True,artificial_intelligence,1,False,False,False,False,False,False,False,False,False,True,False,175,2024-01-10T19:52:46+09:00,pdf,167202.0,,,,,,,0,[]
Z292My9tb2RfZ3NkZl9lYWVfZWFmaW4vMjAyNC8yMDI0MDExMl8xMzExNAo=,ＩＰ無線機の借上役務,防衛省陸上自衛隊東部方面会計隊,13,東京都,131041,新宿区,2024-01-12T00:00:00+09:00,2024,役務,,https://www.mod.go.jp/gsdf/eae/kaikei/eafin/R4koukoku/20240123-GYOU-0880.pdf,1.1.0-candidate2,True,True,False,network_infrastructure,1,False,False,False,False,False,False,True,False,False,False,False,163,2024-01-12T19:56:45+09:00,pdf,562139.0,,,,,,,0,[]
Z292Ni9rYWlob19tbGl0XzA0a2Fua3UvMjAyNC8yMDI0MDExMl8wMDI1Mgo=,Ｒ６D整備００１：海上交通情報処理システム装置保守委託（整備）,海上保安庁第四管区海上保安本部,23,愛知県,231002,名古屋市,2024-01-12T00:00:00+09:00,2024,役務,,https://www.kaiho.mlit.go.jp/04kanku/nyusatsu/7cba3eaedd1dab83bf300527e6be749fb7767899.pdf,1.1.0-candidate2,True,True,False,operations_maintenance,1,False,False,False,True,False,False,False,False,False,False,False,41,2024-01-12T19:13:52+09:00,pdf,175906.0,A D,,,,,,2,"[{""name"":""説明書"",""uri"":""https://www.kaiho.mlit.go.jp/04kanku/nyusatsu/dfc454b99eb064d2824401a250afdaacc7e74fdf.pdf""},{""name"":""仕様書"",""uri"":""https://www.kaiho.mlit.go.jp/04kanku/nyusatsu/4398f9ede4d3c7d38c136c86268d76e39e94e56e.pdf""}]"
b3Nha2Evb3Nha2FfY2l0eS8yMDI0LzIwMjQwMTEyXzAwNjc0Cg==,校務のデジタル化推進にかかる計画策定支援業務委託,大阪府大阪市,27,大阪府,271004,大阪市,2024-01-12T00:00:00+09:00,2024,役務,,https://www.city.osaka.lg.jp/templates/buppin_nyusatsuanken/cmsfiles/contents/0000617/617095/10nyusatusetumeisho.pdf,1.1.0-candidate2,True,False,True,data_digital,1,False,False,False,False,False,False,False,False,True,False,False,34,2024-01-12T19:44:14+09:00,pdf,17920.0,,,,,,,1,"[{""name"":""資料2_調達仕様書(PDF形式, 4.15MB)"",""uri"":""https://www.city.osaka.lg.jp/templates/buppin_nyusatsuanken/cmsfiles/contents/0000617/617095/20tyoutatusiyousho.pdf""}]"
dG9reW8vbmNjX2dvLzIwMjQvMjAyNDAxMTJfMDI3MzgK,情報セキュリティ等支援業務委託,国立研究開発法人国立がん研究センター,13,東京都,,,2024-01-12T00:00:00+09:00,2024,役務,一般競争入札,https://www.ncc.go.jp/jp/other/chotatsu/../../chotatsu/tsukiji/./010/./koukoku_20240112.pdf,1.1.0-candidate2,True,True,False,cybersecurity,1,False,False,False,False,False,True,False,False,False,False,False,157,2024-01-15T19:36:02+09:00,pdf,127929.0,,,,,,,0,[]
b3Nha2Evb3Nha2FfY2l0eS8yMDI0LzIwMjQwMTE2XzAwNjc1Cg==,令和6年度バックオフィスDXグランドデザイン実行支援等業務委託,大阪府大阪市,27,大阪府,271004,大阪市,2024-01-16T00:00:00+09:00,2024,役務,,https://www.city.osaka.lg.jp/templates/buppin_nyusatsuanken/cmsfiles/contents/0000617/617176/9663.pdf,1.1.0-candidate2,True,False,True,data_digital,1,False,False,False,False,False,False,False,False,True,False,False,31,2024-01-16T19:36:16+09:00,pdf,17920.0,,,,,,,6,"[{""name"":""01_資料1 入札説明書(DOCX形式, 44KB)"",""uri"":""https://www.city.osaka.lg.jp/templates/buppin_nyusatsuanken/cmsfiles/contents/0000617/617176/01_setumei.docx""},{""name"":""01_資料1 入札説明書(PDF形式, 240KB)"",""uri"":""https://www.city.osaka.lg.jp/templates/buppin_nyusatsuanken/cmsfiles/contents/0000617/617176/01_setumeii.pdf""},{""name"":""02_資料2-1 業務委託仕様書(DOCX形式, 410KB)"",""uri"":""https://www.city.osaka.lg.jp/templates/buppin_nyusatsuanken/cmsfiles/contents/0000617/617176/02_shiyou.docx""},{""name"":""02_資料2-1 業務委託仕様書(PDF形式, 880KB)"",""uri"":""https://www.city.osaka.lg.jp/templates/buppin_nyusatsuanken/cmsfiles/contents/0000617/617176/02_shiyou.pdf""},{""name"":""03_資料2-2 関連文書貸与依頼書(DOCX形式, 20KB)"",""uri"":""https://www.city.osaka.lg.jp/templates/buppin_nyusatsuanken/cmsfiles/contents/0000617/617176/03_taiyoirai.docx""},{""name"":""03_資料2-2 関連文書貸与依頼書(PDF形式, 89KB)"",""uri"":""https://www.city.osaka.lg.jp/templates/buppin_nyusatsuanken/cmsfiles/contents/0000617/617176/03_taiyoirai.pdf""}]"
dG9reW8vdGl0ZWNoX2FjLzIwMjQvMjAyNDAxMTZfMDAyNjAK,認証基盤システム用ファイアーウォール機器保守 一式,国立大学法人東京工業大学,13,東京都,131105,目黒区,2024-01-16T00:00:00+09:00,2024,役務,,http://www.zaimu.titech.ac.jp/keiyaku/kanren/koukoku/wpsys/wp-content/uploads/%E8%AA%8D%E8%A8%BC%E5%9F%BA%E7%9B%A4%E3%82%B7%E3%82%B9%E3%83%86%E3%83%A0%E7%94%A8%E3%83%95%E3%82%A1%E3%82%A4%E3%82%A2%E3%83%BC%E3%82%A6%E3%82%A9%E3%83%BC%E3%83%AB%E6%A9%9F%E5%99%A8%E4%BF%9D%E5%AE%88%20%E4%B8%80%E5%BC%8F_R6.1.16-R6.2.15.pdf,1.1.0-candidate2,True,True,False,operations_maintenance,1,False,False,False,True,False,False,False,False,False,False,False,144,2024-01-16T19:41:35+09:00,pdf,5488.0,,,,,,,0,[]
Z292My9tb2RfZ3NkZl9jaG9zcF9maW4vMjAyNC8yMDI0MDExOF8wMDA2MAo=,全身用Ｘ線ＣＴ診断装置，高速回転型 管球周辺機器及びソフトウェア更新役務,防衛省自衛隊中央病院,13,東京都,131121,世田谷区,2024-01-18T00:00:00+09:00,2024,役務,,https://www.mod.go.jp/gsdf/chosp/fin/n145k.pdf,1.1.0-candidate2,True,True,False,software_applications,1,False,False,True,False,False,False,False,False,False,False,False,137,2024-01-18T20:36:53+09:00,pdf,134835.0,,,,,,,1,"[{""name"":""仕様書"",""uri"":""https://www.mod.go.jp/gsdf/chosp/fin/n145siyou.pdf""}]"
c2VhcmNoL3BfcG9ydGFsLzIwMjQvMDEvMjAyNDAxMThfMTQ1MjMK,北海道防衛局（６）ＯＡネットワーク・システムの運用支援役務,防衛省,01,北海道,,,2024-01-18T00:00:00+09:00,2024,役務,一般競争入札,https://www.p-portal.go.jp/pps-web-biz/UAA01/OAA0101,1.1.0-candidate2,True,True,False,operations_maintenance|network_infrastructure,2,False,False,False,True,False,False,True,False,False,False,False,76,2024-01-18T19:53:49+09:00,html,,,,,,,,0,[]
Z292NC9tb2RfbmFpa3lva3UvMjAyNC8yMDI0MDEyM18wNDI2Ngo=,防衛省ホームページ等の維持管理・運営等に係る支援役務,防衛省自衛隊,13,東京都,131041,新宿区,2024-01-23T00:00:00+09:00,2024,役務,,https://www.mod.go.jp/j/budget/chotatsu/naikyoku/nyuusatu/2024/0123a.pdf,1.1.0-candidate2,True,True,False,software_applications,1,False,False,True,False,False,False,False,False,False,False,False,95,2024-01-23T20:12:57+09:00,pdf,230038.0,,,,,,,0,[]
c2VhcmNoL3BfcG9ydGFsLzIwMjQvMDEvMjAyNDAxMjNfMTU2ODMK,令和６年度「地方公共団体実行計画策定・管理等支援システムの整備・構築及び運用保守等」に係る委託業務【総合評価落札方式】,環境省,13,東京都,,,2024-01-23T00:00:00+09:00,2024,役務,一般競争入札,https://www.p-portal.go.jp/pps-web-biz/UAA01/OAA0101,1.1.0-candidate2,True,True,False,system_development|operations_maintenance,2,True,False,False,True,False,False,False,False,False,False,False,94,2024-01-23T19:06:08+09:00,html,,,,,,,,0,[]
Z292NS9yb2Z1a3UvMjAyNC8yMDI0MDEyNF8wMTk1MAo=,労災疾病等医学研究・開発、普及ネットワークシステム等管理及びコンサルティングに関する業務委託（本部）,独立行政法人労働者健康安全機構,14,神奈川県,141305,川崎市,2024-01-24T00:00:00+09:00,2024,役務,,https://www.johas.go.jp/Portals/0/data0/jigyogaiyo/choutatsu/nyusatsu/0601/nyuusatsu060124(4).pdf,1.1.0-candidate2,True,True,False,network_infrastructure|it_consulting_planning,2,False,False,False,False,False,False,True,False,False,False,True,33,2024-01-24T00:00:00+09:00,pdf,181443.0,,,,,,,0,[]
ZnVrdW9rYS9rb2t1cmFfaXJ5b19jZW50ZXIvMjAyNC8yMDI0MDEyNV8wMDI0Ngo=,ホームページ制作・運用保守管理業務委託,独立行政法人国立病院機構小倉医療センター,40,福岡県,401005,北九州市,2024-01-25T00:00:00+09:00,2024,役務,,https://kokura.hosp.go.jp/buppin/files/nyusatu/20240216.pdf,1.1.0-candidate2,True,True,False,software_applications,1,False,False,True,False,False,False,False,False,False,False,False,15,2024-01-25T19:07:34+09:00,pdf,89271.0,,,,,,,0,[]
b3Nha2Evb3Nha2FfY2l0eS8yMDI0LzIwMjQwMTI1XzAwNjgxCg==,令和6年度都市のデジタルツインを見据えた建設生産プロセスDX推進支援業務委託,大阪府大阪市,27,大阪府,271004,大阪市,2024-01-25T00:00:00+09:00,2024,役務,,https://www.city.osaka.lg.jp/templates/buppin_nyusatsuanken/cmsfiles/contents/0000618/618124/01_setumei.docx,1.1.0-candidate2,True,False,True,data_digital,1,False,False,False,False,False,False,False,False,True,False,False,13,2024-01-25T19:36:01+09:00,docx,17920.0,,,,,,,4,"[{""name"":""01_資料1 入札説明書(PDF形式, 237KB)"",""uri"":""https://www.city.osaka.lg.jp/templates/buppin_nyusatsuanken/cmsfiles/contents/0000618/618124/01_setumeii.pdf""},{""name"":""02_資料2ー1 業務委託仕様書(DOCX形式, 89KB)"",""uri"":""https://www.city.osaka.lg.jp/templates/buppin_nyusatsuanken/cmsfiles/contents/0000618/618124/02_shiyou.docx""},{""name"":""02_資料2ー1 業務委託仕様書(PDF形式, 945KB)"",""uri"":""https://www.city.osaka.lg.jp/templates/buppin_nyusatsuanken/cmsfiles/contents/0000618/618124/02_shiyou.pdf""},{""name"":""03_資料2ー2 業務委託仕様書別紙(PDF形式, 1.23MB)"",""uri"":""https://www.city.osaka.lg.jp/templates/buppin_nyusatsuanken/cmsfiles/contents/0000618/618124/03_shiyou2.pdf""}]"
c2VhcmNoL3BfcG9ydGFsLzIwMjQvMDEvMjAyNDAxMjVfMTY0NzQK,【九州地方整備局】令和６年度物品役務データ集約補完システム保守及び改良業務,国土交通省,40,福岡県,,,2024-01-25T00:00:00+09:00,2024,役務,一般競争入札,https://www.p-portal.go.jp/pps-web-biz/UAA01/OAA0101,1.1.0-candidate2,True,True,False,system_development|operations_maintenance,2,True,False,False,True,False,False,False,False,False,False,False,14,2024-01-27T19:05:28+09:00,html,,,,,,,,0,[]
Z292Ni9rYWlob19tbGl0XzAza2Fua3UvMjAyNC8yMDI0MDEyNl8wMTQ2Ngo=,海上交通情報処理システム装置（東京湾）保守,海上保安庁第三管区海上保安本部,14,神奈川県,141003,横浜市,2024-01-26T00:00:00+09:00,2024,役務,,https://www.kaiho.mlit.go.jp/03kanku/nyusatsu/R6_koukoku/akita/nen5%20koukoku.pdf,1.1.0-candidate2,True,True,False,operations_maintenance,1,False,False,False,True,False,False,False,False,False,False,False,16,2024-01-26T19:13:47+09:00,pdf,292134.0,A B C D,,,,,,0,[]
ZnVrdW9rYS9wb2xpY2VfZnVrdW9rYS8yMDI0LzIwMjQwMTI5XzAxMjg1Cg==,交通規制集データ化業務委託契約に係る入札について,国家公安委員会（警察庁）福岡県警察,40,福岡県,401307,福岡市,2024-01-29T00:00:00+09:00,2024,役務,,https://www.police.pref.fukuoka.jp/data/open/cnt/3/17773/1/8koutudate-koukoku.pdf,1.1.0-candidate2,True,False,True,data_digital,1,False,False,False,False,False,False,False,False,True,False,False,12,2024-01-29T19:25:45+09:00,pdf,171510.0,,,,,,,1,"[{""name"":""交通規制集データ化業務委託契約に係る入札について（入札説明書） （4,141kbyte）"",""uri"":""https://www.police.pref.fukuoka.jp/data/open/cnt/3/17773/1/8kotukiseisyudate-nyusatu.pdf""}]"
c2VhcmNoL3BfcG9ydGFsLzIwMjQvMDEvMjAyNDAxMjlfMTcwNDAK,令和６年度「省エネ法・温対法・フロン法電子報告システムの構築及び運用保守等」に係る委託業務[総合評価落札方式],環境省,13,東京都,,,2024-01-29T00:00:00+09:00,2024,役務,一般競争入札,https://www.p-portal.go.jp/pps-web-biz/UAA01/OAA0101,1.1.0-candidate2,True,True,False,system_development|operations_maintenance,2,True,False,False,True,False,False,False,False,False,False,False,51,2024-01-29T19:05:31+09:00,html,,,,,,,,0,[]
dG9reW8vdGl0ZWNoX2FjLzIwMjQvMjAyNDAyMDFfMDAyNzcK,教務基幹システム，教務 Web システムおよび TOKYO TECH OCW/OCW-i 統合 Web システム 保守・運用支援業務 一式,国立大学法人東京工業大学,13,東京都,131105,目黒区,2024-02-01T00:00:00+09:00,2024,役務,,http://www.zaimu.titech.ac.jp/keiyaku/kanren/koukoku/wpsys/wp-content/uploads/%E6%95%99%E5%8B%99%E5%9F%BA%E5%B9%B9%E3%82%B7%E3%82%B9%E3%83%86%E3%83%A0%EF%BC%8C%E6%95%99%E5%8B%99-Web-%E3%82%B7%E3%82%B9%E3%83%86%E3%83%A0%E3%81%8A%E3%82%88%E3%81%B3TOKYO-TECH-OCW%E3%83%BBOCW-i-%E7%B5%B1%E5%90%88-Web-%E3%82%B7%E3%82%B9%E3%83%86%E3%83%A0%E4%BF%9D%E5%AE%88%E3%83%BB%E9%81%8B%E7%94%A8%E6%94%AF%E6%8F%B4%E6%A5%AD%E5%8B%99%20%E4%B8%80%E5%BC%8F_R6.2.1-R6.4.19-1.pdf,1.1.0-candidate2,True,True,False,operations_maintenance,1,False,False,False,True,False,False,False,False,False,False,False,275,2024-02-01T19:53:34+09:00,pdf,5488.0,,,,,,,0,[]
YWljaGkvYWljaGlfcm91ZG91a3lva3UvMjAyNC8yMDI0MDIwMl8wMDU2NAo=,2/2～2/27公告 令和6年度愛知労働局ネットワーク（IP電話通信網）保守関連業務委託契約,厚生労働省愛知労働局,23,愛知県,231002,名古屋市,2024-02-02T00:00:00+09:00,2024,役務,,https://jsite.mhlw.go.jp/aichi-roudoukyoku/content/contents/001717018.pdf,1.1.0-candidate2,True,True,False,network_infrastructure,1,False,False,False,False,False,False,True,False,False,False,False,56,2024-02-02T19:05:06+09:00,pdf,109173.0,,,,,,,0,[]
Z292My9tb2RfZ3NkZl9lYWVfZWFmaW4vMjAyNC8yMDI0MDIwMl8xMzQ4Mwo=,小型無人機対処器材ソフトウェアの更新役務,防衛省陸上自衛隊東部方面会計隊,13,東京都,131041,新宿区,2024-02-02T00:00:00+09:00,2024,役務,,https://www.mod.go.jp/gsdf/eae/kaikei/eafin/R4koukoku/20240213-413A-1120.pdf,1.1.0-candidate2,True,True,False,software_applications,1,False,False,True,False,False,False,False,False,False,False,False,267,2024-02-02T20:20:31+09:00,pdf,228156.0,,,,,,,0,[]
ZnVrdW9rYS9mdWt1b2thX3ByZWYvMjAyNC8yMDI0MDIwMl8wMzE0Ngo=,（修正版）【福岡県土整備事務所】福岡県総合防災情報システム保守点検業務委託（福岡）に係る一般競争入札の公告について,福岡県,40,福岡県,,,2024-02-02T00:00:00+09:00,2024,役務,,https://www.pref.fukuoka.lg.jp/bid-info/bousai.html,1.1.0-candidate2,True,True,False,operations_maintenance,1,False,False,False,True,False,False,False,False,False,False,False,66,2024-02-02T19:06:38+09:00,html,,,,,,,,4,"[{""name"":""01.【入札説明書】福岡県総合防災情報システム保守点検業務委託（R6.2.2修正） [Wordファイル／62KB]"",""uri"":""https://www.pref.fukuoka.lg.jp/uploaded/attachment/213296.doc""},{""name"":""特記仕様書 [Excelファイル／14KB]"",""uri"":""https://www.pref.fukuoka.lg.jp/uploaded/attachment/213032.xlsx""},{""name"":""特記仕様書(2) [Wordファイル／28KB]"",""uri"":""https://www.pref.fukuoka.lg.jp/uploaded/attachment/213033.doc""},{""name"":""図面 [PDFファイル／6.21MB]"",""uri"":""https://www.pref.fukuoka.lg.jp/uploaded/attachment/213034.pdf""}]"
ZnVrdW9rYS9mdWt1b2thX3ByZWYvMjAyNC8yMDI0MDIwMl8wMzE0Nwo=,（修正版）【福岡県土整備事務所】福岡県総合防災情報システム保守点検業務委託（前原）に係る一般競争入札の公告について,福岡県,40,福岡県,,,2024-02-02T00:00:00+09:00,2024,役務,,https://www.pref.fukuoka.lg.jp/bid-info/hosyutenken-hm0322.html,1.1.0-candidate2,True,True,False,operations_maintenance,1,False,False,False,True,False,False,False,False,False,False,False,65,2024-02-02T19:06:48+09:00,html,,,,,,,,4,"[{""name"":""01.入札説明書（R6.2.2修正） [Wordファイル／60KB]"",""uri"":""https://www.pref.fukuoka.lg.jp/uploaded/attachment/213294.doc""},{""name"":""特記仕様書（506-15789-301） [Excelファイル／14KB]"",""uri"":""https://www.pref.fukuoka.lg.jp/uploaded/attachment/213062.xlsx""},{""name"":""（別記）保守点検特記仕様書 [Wordファイル／33KB]"",""uri"":""https://www.pref.fukuoka.lg.jp/uploaded/attachment/213063.doc""},{""name"":""図面（506-15789-301） [PDFファイル／726KB]"",""uri"":""https://www.pref.fukuoka.lg.jp/uploaded/attachment/213066.pdf""}]"
ZnVrdW9rYS9mdWt1b2thX3ByZWYvMjAyNC8yMDI0MDIwMl8wMzE0OQo=,福岡県総合防災情報システム保守点検業務委託（久留米）に係る一般競争入札の公告について,福岡県,40,福岡県,,,2024-02-02T00:00:00+09:00,2024,役務,,https://www.pref.fukuoka.lg.jp/bid-info/hosyutenken-2.html,1.1.0-candidate2,True,True,False,operations_maintenance,1,False,False,False,True,False,False,False,False,False,False,False,62,2024-02-02T19:07:06+09:00,html,,,,,,,,3,"[{""name"":""01_入札説明書 [Wordファイル／61KB]"",""uri"":""https://www.pref.fukuoka.lg.jp/uploaded/attachment/213224.doc""},{""name"":""特記仕様書 [Excelファイル／299KB]"",""uri"":""https://www.pref.fukuoka.lg.jp/uploaded/attachment/212494.xlsx""},{""name"":""図面 [PDFファイル／7.13MB]"",""uri"":""https://www.pref.fukuoka.lg.jp/uploaded/attachment/212495.pdf""}]"
ZnVrdW9rYS9mdWt1b2thX3ByZWYvMjAyNC8yMDI0MDIwMl8wMzE1MQo=,福岡県総合防災情報システム保守点検業務委託（朝倉）に係る一般競争入札の実施について,福岡県,40,福岡県,,,2024-02-02T00:00:00+09:00,2024,役務,,https://www.pref.fukuoka.lg.jp/bid-info/bousaijouhouasakura.html,1.1.0-candidate2,True,True,False,operations_maintenance,1,False,False,False,True,False,False,False,False,False,False,False,64,2024-02-02T19:07:14+09:00,html,,,,,,,,4,"[{""name"":""公告 [Wordファイル／59KB]"",""uri"":""https://www.pref.fukuoka.lg.jp/uploaded/attachment/212480.doc""},{""name"":""入札説明書 [Wordファイル／64KB]"",""uri"":""https://www.pref.fukuoka.lg.jp/uploaded/attachment/212368.doc""},{""name"":""特記仕様書 [PDFファイル／1.32MB]"",""uri"":""https://www.pref.fukuoka.lg.jp/uploaded/attachment/212379.pdf""},{""name"":""図面 [DocuWorksファイル／2.63MB]"",""uri"":""https://www.pref.fukuoka.lg.jp/uploaded/attachment/212380.xdw""}]"
c2VhcmNoL3BfcG9ydGFsLzIwMjQvMDIvMjAyNDAyMDJfMTgxOTQK,令和６年度愛知労働局ネットワーク（IP電話通信網）保守関連業務委託契約,厚生労働省,23,愛知県,,,2024-02-02T00:00:00+09:00,2024,役務,一般競争入札,https://www.p-portal.go.jp/pps-web-biz/UAA01/OAA0101,1.1.0-candidate2,True,True,False,network_infrastructure,1,False,False,False,False,False,False,True,False,False,False,False,50,2024-02-04T19:05:26+09:00,html,,,,,,,,0,[]
c2VhcmNoL3BfcG9ydGFsLzIwMjQvMDIvMjAyNDAyMDVfMTgzNTEK,令和６年度 J-クレジット制度に係る電子システムの運用・維持管理事業委託業務【総合評価落札方式】,環境省,13,東京都,,,2024-02-05T00:00:00+09:00,2024,役務,一般競争入札,https://www.p-portal.go.jp/pps-web-biz/UAA01/OAA0101,1.1.0-candidate2,True,True,False,operations_maintenance,1,False,False,False,True,False,False,False,False,False,False,False,248,2024-02-05T19:05:21+09:00,html,,,,,,,,0,[]
ZnVrdW9rYS9mdWt1b2thX3ByZWYvMjAyNC8yMDI0MDIwNl8wMzE2MQo=,一般競争入札の公告について（福岡県総合防災情報システム保守点検業務委託（県庁統制局等））,福岡県,40,福岡県,,,2024-02-06T00:00:00+09:00,2024,役務,,https://www.pref.fukuoka.lg.jp/bid-info/sougoubousaijouhousisutemu.html,1.1.0-candidate2,True,True,False,operations_maintenance,1,False,False,False,True,False,False,False,False,False,False,False,53,2024-02-06T19:05:41+09:00,html,,,,,,,,5,"[{""name"":""入札説明書 [PDFファイル／126KB]"",""uri"":""https://www.pref.fukuoka.lg.jp/uploaded/attachment/213599.pdf""},{""name"":""仕様書 [PDFファイル／113KB]"",""uri"":""https://www.pref.fukuoka.lg.jp/uploaded/attachment/213540.pdf""},{""name"":""特記仕様書１ [PDFファイル／178KB]"",""uri"":""https://www.pref.fukuoka.lg.jp/uploaded/attachment/213541.pdf""},{""name"":""特記仕様書２ [PDFファイル／274KB]"",""uri"":""https://www.pref.fukuoka.lg.jp/uploaded/attachment/213542.pdf""},{""name"":""図面 [PDFファイル／1.42MB]"",""uri"":""https://www.pref.fukuoka.lg.jp/uploaded/attachment/213547.pdf""}]"
c2VhcmNoL3BfcG9ydGFsLzIwMjQvMDIvMjAyNDAyMDZfMTg3OTcK,令和６年度国別登録簿システム検討調査及び運用・管理委託業務,環境省,13,東京都,,,2024-02-06T00:00:00+09:00,2024,役務,一般競争入札,https://www.p-portal.go.jp/pps-web-biz/UAA01/OAA0101,1.1.0-candidate2,True,True,False,operations_maintenance,1,False,False,False,True,False,False,False,False,False,False,False,231,2024-02-06T19:05:25+09:00,html,,,,,,,,0,[]
dG9reW8vbXVyYXlhbWFfaXJ5b19jZW50ZXIvMjAyNC8yMDI0MDIwNl8wMDM4Mwo=,【入札公告】新病棟ネットワークシステム保守業務委託 一式,独立行政法人国立病院機構村山医療センター,13,東京都,132233,武蔵村山市,2024-02-06T00:00:00+09:00,2024,役務,,https://www.murayama-hosp.jp/pdf/nyusatsu/20240206.pdf,1.1.0-candidate2,True,True,False,operations_maintenance|network_infrastructure,2,False,False,False,True,False,False,True,False,False,False,False,228,2024-02-07T19:48:13+09:00,pdf,110644.0,,,,,,,0,[]
Z292My9tb2RfZ3NkZl9lYWVfZWFmaW4vMjAyNC8yMDI0MDIwN18xMzU1Ngo=,小型無人機対処器材移動局ソフトウェアの更新役務,防衛省陸上自衛隊東部方面会計隊,13,東京都,131041,新宿区,2024-02-07T00:00:00+09:00,2024,役務,,https://www.mod.go.jp/gsdf/eae/kaikei/eafin/R4koukoku/20240222-GYOU-0560.pdf,1.1.0-candidate2,True,True,False,software_applications,1,False,False,True,False,False,False,False,False,False,False,False,226,2024-02-07T20:36:20+09:00,pdf,333670.0,,,,,,,0,[]
c2VhcmNoL3BfcG9ydGFsLzIwMjQvMDIvMjAyNDAyMDdfMTkyMTQK,令和６年度工場・事業場における先導的な脱炭素化取組推進事業に係るシステムの運用保守委託業務,環境省,13,東京都,,,2024-02-07T00:00:00+09:00,2024,役務,一般競争入札,https://www.p-portal.go.jp/pps-web-biz/UAA01/OAA0101,1.1.0-candidate2,True,True,False,operations_maintenance,1,False,False,False,True,False,False,False,False,False,False,False,219,2024-02-08T19:05:33+09:00,html,,,,,,,,0,[]
aG9ra2FpZG8vcmlrdXppaG9rdWJ1a2Fpa2VpLzIwMjQvMjAyNDAyMDhfMDM5MzQK,小型無人機対処器材ソフトウェア更新役務,防衛省陸上自衛隊北部方面会計隊本部,01,北海道,011002,札幌市,2024-02-08T00:00:00+09:00,2024,役務,,https://www.mod.go.jp/gsdf/nae/fin/nafin/pdf/public_n/06/02/060208-374-n-kogatamuzinki.pdf,1.1.0-candidate2,True,True,False,software_applications,1,False,False,True,False,False,False,False,False,False,False,False,133,2024-02-14T20:36:22+09:00,pdf,403277.0,,,,,,,0,[]
Z292My9tb2RfYXRsYS8yMDI0LzIwMjQwMjA5XzAxNTYyCg==,分散機動運用ソフトウェアの導入検証業務委託,防衛装備庁,13,東京都,131041,新宿区,2024-02-09T00:00:00+09:00,2024,役務,,https://www.cals.atla.mod.go.jp/tyotatsu/kokok/45-283/announcement20240209124627.pdf,1.1.0-candidate2,True,True,False,software_applications,1,False,False,True,False,False,False,False,False,False,False,False,209,2024-02-29T19:58:14+09:00,pdf,108870.0,,,,,,,0,[]
Z292My9tb2RfYXRsYS8yMDI0LzIwMjQwMjA5XzAxNTYzCg==,分散機動運用ソフトウェアの実装検証業務委託,防衛装備庁,13,東京都,131041,新宿区,2024-02-09T00:00:00+09:00,2024,役務,,https://www.cals.atla.mod.go.jp/tyotatsu/kokok/45-284/announcement20240209124832.pdf,1.1.0-candidate2,True,True,False,software_applications,1,False,False,True,False,False,False,False,False,False,False,False,208,2024-02-29T19:58:15+09:00,pdf,108600.0,,,,,,,0,[]
Z292My9tb2RfcmRiX3Nfa2FudG8vMjAyNC8yMDI0MDIwOV8wMDE1Mwo=,南関東防衛局(６)ＯＡネットワーク・システム運用支援役務,防衛省南関東防衛局,14,神奈川県,141003,横浜市,2024-02-09T00:00:00+09:00,2024,役務,一般競争入札,https://www.mod.go.jp/rdb/s-kanto/contract/procurement/images/05koukoku/62.pdf,1.1.0-candidate2,True,True,False,operations_maintenance|network_infrastructure,2,False,False,False,True,False,False,True,False,False,False,False,71,2024-04-03T20:11:59+09:00,pdf,214320.0,,,,,,,0,[]
Z292OS9tb2RfcmRiX2t5dXNodS8yMDI0LzIwMjQwMjA5XzAwNjA0Cg==,九州防衛局ＯＡネットワーク・システムの運用支援役務,防衛省九州防衛局,40,福岡県,401307,福岡市,2024-02-09T00:00:00+09:00,2024,役務,,https://www.mod.go.jp/rdb/kyushu/nyuusatsukoukoku/fukuoka/060209-3.pdf,1.1.0-candidate2,True,True,False,operations_maintenance|network_infrastructure,2,False,False,False,True,False,False,True,False,False,False,False,41,2024-02-09T19:19:53+09:00,pdf,2315159.0,,,,,2024-03-01T00:00:00+09:00,,0,[]
ZnVrdW9rYS9mdWt1b2thX3ByZWYvMjAyNC8yMDI0MDIwOV8wMzE3NAo=,一般競争入札の公告について（福岡県県土整備部新土木積算システム運用保守業務委託）,福岡県,40,福岡県,,,2024-02-09T00:00:00+09:00,2024,役務,,https://www.pref.fukuoka.lg.jp/bid-info/gijutsu0209.html,1.1.0-candidate2,True,True,False,operations_maintenance,1,False,False,False,True,False,False,False,False,False,False,False,42,2024-02-09T19:05:27+09:00,html,,,,,,,,1,"[{""name"":""01 入札説明書 [PDFファイル／135KB]"",""uri"":""https://www.pref.fukuoka.lg.jp/uploaded/attachment/213981.pdf""}]"
aG9ra2FpZG8vcG9saWNlX2hva2thaWRvX2thaWtlaS8yMDI0LzIwMjQwMjA5XzAwNjM0Cg==,北海道警察情報管理システム運用支援業務委託契約,国家公安委員会（警察庁）北海道警察本部会計課,01,北海道,011002,札幌市,2024-02-09T00:00:00+09:00,2024,役務,一般競争入札,https://www.police.pref.hokkaido.lg.jp/info/soumu/kaikei/dat/2024-03/2024-0311-hokkaidou-jouhoukanrisisutemu/01.pdf,1.1.0-candidate2,True,True,False,operations_maintenance,1,False,False,False,True,False,False,False,False,False,False,False,122,2024-02-09T20:37:18+09:00,pdf,101423.0,,,,,,,0,[]
aG9ra2FpZG8vcG9saWNlX2hva2thaWRvX2thaWtlaS8yMDI0LzIwMjQwMjA5XzAwNjM1Cg==,行政情報ネットワークシステム運用支援業務委託契約,国家公安委員会（警察庁）北海道警察本部会計課,01,北海道,011002,札幌市,2024-02-09T00:00:00+09:00,2024,役務,一般競争入札,https://www.police.pref.hokkaido.lg.jp/info/soumu/kaikei/dat/2024-03/2024-0311-gyouseinetto/01.pdf,1.1.0-candidate2,True,True,False,operations_maintenance|network_infrastructure,2,False,False,False,True,False,False,True,False,False,False,False,121,2024-02-09T20:37:19+09:00,pdf,101638.0,,,,,,,0,[]
c2VhcmNoL3BfcG9ydGFsLzIwMjQvMDIvMjAyNDAyMDlfMTk1MTIK,【南関局】南関東防衛局(６)ＯＡネットワーク・システム運用支援役務,防衛省,14,神奈川県,,,2024-02-09T00:00:00+09:00,2024,役務,一般競争入札,https://www.p-portal.go.jp/pps-web-biz/UAA01/OAA0101,1.1.0-candidate2,True,True,False,operations_maintenance|network_infrastructure,2,False,False,False,True,False,False,True,False,False,False,False,68,2024-02-10T19:05:21+09:00,html,,,,,,,,0,[]
c2VhcmNoL3BfcG9ydGFsLzIwMjQvMDIvMjAyNDAyMDlfMTkyNjUK,九州防衛局ＯＡネットワーク・システムの運用支援役務,防衛省,40,福岡県,,,2024-02-09T00:00:00+09:00,2024,役務,一般競争入札,https://www.p-portal.go.jp/pps-web-biz/UAA01/OAA0101,1.1.0-candidate2,True,True,False,operations_maintenance|network_infrastructure,2,False,False,False,True,False,False,True,False,False,False,False,40,2024-02-09T19:05:25+09:00,html,,,,,,,,0,[]
ZnVrdW9rYS9mdWt1b2thX3ByZWYvMjAyNC8yMDI0MDIxM18wMzE3OQo=,一般競争入札の公告＜福岡県市町村立学校給与等連携クラウドサービス運用保守及び新規構築業務委託＞について,福岡県,40,福岡県,,,2024-02-13T00:00:00+09:00,2024,役務,,https://www.pref.fukuoka.lg.jp/bid-info/kyoikukyuyo02.html,1.1.0-candidate2,True,True,False,cloud,1,False,False,False,False,True,False,False,False,False,False,False,35,2024-02-13T19:05:32+09:00,html,,,,,,,,8,"[{""name"":""入札説明書 [Wordファイル／132KB]"",""uri"":""https://www.pref.fukuoka.lg.jp/uploaded/attachment/213888.doc""},{""name"":""仕様書 [Wordファイル／396KB]"",""uri"":""https://www.pref.fukuoka.lg.jp/uploaded/attachment/213770.docx""},{""name"":""仕様書別添１ [Excelファイル／19KB]"",""uri"":""https://www.pref.fukuoka.lg.jp/uploaded/attachment/213794.xlsx""},{""name"":""仕様書別添２ [Wordファイル／18KB]"",""uri"":""https://www.pref.fukuoka.lg.jp/uploaded/attachment/213795.docx""},{""name"":""仕様書別添３ [Excelファイル／66KB]"",""uri"":""https://www.pref.fukuoka.lg.jp/uploaded/attachment/213798.xlsx""},{""name"":""仕様書別添４ [Wordファイル／33KB]"",""uri"":""https://www.pref.fukuoka.lg.jp/uploaded/attachment/213799.docx""},{""name"":""仕様書別添５ [Wordファイル／16KB]"",""uri"":""https://www.pref.fukuoka.lg.jp/uploaded/attachment/213801.docx""},{""name"":""評価基準項目 [Excelファイル／19KB]"",""uri"":""https://www.pref.fukuoka.lg.jp/uploaded/attachment/213854.xlsx""}]"
b3Nha2Evb3Nha2FfY2l0eS8yMDI0LzIwMjQwMjEzXzAwNzAxCg==,標準準拠システムガバメントクラウド運用管理補助業務委託,大阪府大阪市,27,大阪府,271004,大阪市,2024-02-13T00:00:00+09:00,2024,役務,,https://www.city.osaka.lg.jp/templates/buppin_nyusatsuanken/cmsfiles/contents/0000619/619668/00_kokoku.pdf,1.1.0-candidate2,True,True,False,operations_maintenance|cloud,2,False,False,False,True,True,False,False,False,False,False,False,30,2024-02-13T19:43:53+09:00,pdf,17920.0,,,,,,,6,"[{""name"":""01_資料1 入札説明書(DOCX形式, 47KB)"",""uri"":""https://www.city.osaka.lg.jp/templates/buppin_nyusatsuanken/cmsfiles/contents/0000619/619668/01_setumeii.docx""},{""name"":""01_資料1 入札説明書(PDF形式, 279KB)"",""uri"":""https://www.city.osaka.lg.jp/templates/buppin_nyusatsuanken/cmsfiles/contents/0000619/619668/01_setumeii.pdf""},{""name"":""02_資料2 業務委託仕様書(DOCX形式, 383KB)"",""uri"":""https://www.city.osaka.lg.jp/templates/buppin_nyusatsuanken/cmsfiles/contents/0000619/619668/02_shiyo.docx""},{""name"":""02_資料2 業務委託仕様書(PDF形式, 882KB)"",""uri"":""https://www.city.osaka.lg.jp/templates/buppin_nyusatsuanken/cmsfiles/contents/0000619/619668/02_shiyou.pdf""},{""name"":""02-1_資料2 業務委託仕様書別紙1_非機能要件一覧(XLSX形式, 72KB)"",""uri"":""https://www.city.osaka.lg.jp/templates/buppin_nyusatsuanken/cmsfiles/contents/0000619/619668/02-1_shiyo2.xlsx""},{""name"":""02-1_資料2 業務委託仕様書別紙1_非機能要件一覧(PDF形式, 414KB)"",""uri"":""https://www.city.osaka.lg.jp/templates/buppin_nyusatsuanken/cmsfiles/contents/0000619/619668/02-1_shiyo2.pdf""}]"
b3Nha2Evb3Nha2FfY2l0eS8yMDI0LzIwMjQwMjEzXzAwNzAyCg==,大阪市水道局情報システム統合基盤・庁内情報ネットワーク再構築および運用保守業務委託,大阪府大阪市,27,大阪府,271004,大阪市,2024-02-13T00:00:00+09:00,2024,役務,,https://www.city.osaka.lg.jp/templates/buppin_nyusatsuanken/cmsfiles/contents/0000619/619630/01_KB2024000077.pdf,1.1.0-candidate2,True,True,False,system_development|operations_maintenance|network_infrastructure,3,True,False,False,True,False,False,True,False,False,False,False,29,2024-02-13T19:43:55+09:00,pdf,17920.0,,,,,,,9,"[{""name"":""資料1 入札説明書(PDF形式, 515KB)"",""uri"":""https://www.city.osaka.lg.jp/templates/buppin_nyusatsuanken/cmsfiles/contents/0000619/619630/02_siryou1_2024000077.pdf""},{""name"":""資料2 業務委託設計書1(PDF形式, 1.27MB)"",""uri"":""https://www.city.osaka.lg.jp/templates/buppin_nyusatsuanken/cmsfiles/contents/0000619/619630/03_siryou2_1_2024000077.pdf""},{""name"":""資料2 業務委託設計書2(PDF形式, 1.92MB)"",""uri"":""https://www.city.osaka.lg.jp/templates/buppin_nyusatsuanken/cmsfiles/contents/0000619/619630/04_siryou2_2_2024000077.pdf""},{""name"":""資料2 業務委託設計書3(PDF形式, 1.79MB)"",""uri"":""https://www.city.osaka.lg.jp/templates/buppin_nyusatsuanken/cmsfiles/contents/0000619/619630/05_siryou2_3_2024000077.pdf""},{""name"":""資料2 業務委託設計書4(PDF形式, 1.26MB)"",""uri"":""https://www.city.osaka.lg.jp/templates/buppin_nyusatsuanken/cmsfiles/contents/0000619/619630/06_siryou2_4_2024000077.pdf""},{""name"":""資料2 業務委託設計書5(PDF形式, 1.43MB)"",""uri"":""https://www.city.osaka.lg.jp/templates/buppin_nyusatsuanken/cmsfiles/contents/0000619/619630/07_siryou2_5_2024000077.pdf""},{""name"":""資料2 業務委託設計書6(PDF形式, 1.37MB)"",""uri"":""https://www.city.osaka.lg.jp/templates/buppin_nyusatsuanken/cmsfiles/contents/0000619/619630/08_siryou2_6_2024000077.pdf""},{""name"":""資料2 業務委託設計書7(PDF形式, 1.90MB)"",""uri"":""https://www.city.osaka.lg.jp/templates/buppin_nyusatsuanken/cmsfiles/contents/0000619/619630/09_siryou2_7_2024000077.pdf""},{""name"":""資料2 業務委託設計書8(PDF形式, 1.55MB)"",""uri"":""https://www.city.osaka.lg.jp/templates/buppin_nyusatsuanken/cmsfiles/contents/0000619/619630/10_siryou2_8_2024000077.pdf""}]"
c2VhcmNoL3BfcG9ydGFsLzIwMjQvMDIvMjAyNDAyMTRfMjA0ODEK,令和６年度近畿中部防衛局ＯＡネットワーク・システムの運用支援役務,防衛省,27,大阪府,,,2024-02-14T00:00:00+09:00,2024,役務,一般競争入札,https://www.p-portal.go.jp/pps-web-biz/UAA01/OAA0101,1.1.0-candidate2,True,True,False,operations_maintenance|network_infrastructure,2,False,False,False,True,False,False,True,False,False,False,False,25,2024-02-14T19:05:26+09:00,html,,,,,,,,0,[]
YWljaGkvbmNnZy8yMDI0LzIwMjQwMjE1XzAxMTc0Cg==,医用画像管理システム保守業務委託契約,国立研究開発法人国立長寿医療研究センター,23,愛知県,232238,大府市,2024-02-15T00:00:00+09:00,2024,役務,,https://www.ncgg.go.jp/ncgg-chotatsu/documents/20240215.pdf,1.1.0-candidate2,True,True,False,operations_maintenance,1,False,False,False,True,False,False,False,False,False,False,False,22,2024-02-16T19:18:18+09:00,pdf,139433.0,,,,,,,0,[]
Z292My9tb2RfcmRiX3Rva2FpLzIwMjQvMjAyNDAyMTVfMDAwMzEK,・東海防衛支局（６）近畿中部防衛局OAネットワーク・システム（東海防衛支局）の運用支援役務,防衛省東海防衛支局,23,愛知県,231002,名古屋市,2024-02-15T00:00:00+09:00,2024,役務,,https://www.mod.go.jp/rdb/tokai/info/kooji/buppin/koukoku/koukoku-R5OAsienyouinekimu_060215.pdf,1.1.0-candidate2,True,True,False,operations_maintenance|network_infrastructure,2,False,False,False,True,False,False,True,False,False,False,False,21,2024-02-15T21:33:56+09:00,pdf,424720.0,,,,,,,0,[]
Z292NC9tb2RfbmFpa3lva3UvMjAyNC8yMDI0MDIxNl8wNDMyNAo=,音響情報処理サブシステムのためのＡＩ維持管理検証基盤の維持管理等支援役務,防衛省自衛隊,13,東京都,131041,新宿区,2024-02-16T00:00:00+09:00,2024,役務,,https://www.mod.go.jp/j/budget/chotatsu/naikyoku/nyuusatu/2024/0216a.pdf,1.1.0-candidate2,True,True,False,operations_maintenance|artificial_intelligence,2,False,False,False,True,False,False,False,False,False,True,False,143,2024-02-16T20:12:05+09:00,pdf,522198.0,,,,,,,0,[]
Z292NC9tb2RfbmFpa3lva3UvMjAyNC8yMDI0MDIxNl8wNDMyNQo=,クラウド整備指針監理支援役務,防衛省自衛隊,13,東京都,131041,新宿区,2024-02-16T00:00:00+09:00,2024,役務,,https://www.mod.go.jp/j/budget/chotatsu/naikyoku/nyuusatu/2024/0216b.pdf,1.1.0-candidate2,True,True,False,cloud,1,False,False,False,False,True,False,False,False,False,False,False,142,2024-02-16T20:14:11+09:00,pdf,234257.0,,,,,,,0,[]
aG9ra2FpZG8vcmlrdXppaG9rdWJ1a2Fpa2VpLzIwMjQvMjAyNDAyMjBfMDQxODEK,小型無人機対処器材ソフトウェアの更新役務,防衛省陸上自衛隊北部方面会計隊本部,01,北海道,011002,札幌市,2024-02-20T00:00:00+09:00,2024,役務,,https://www.mod.go.jp/gsdf/nae/fin/nafin/pdf/public_n/06/02/060220-okadama-n-kogatamuzinnki.pdf,1.1.0-candidate2,True,True,False,software_applications,1,False,False,True,False,False,False,False,False,False,False,False,51,2024-02-20T20:23:56+09:00,pdf,466371.0,,,,,,,0,[]
c2VhcmNoL3BfcG9ydGFsLzIwMjQvMDIvMjAyNDAyMjBfMjE3ODgK,令和６年度 電気自動車の充電ポート通信におけるサイバーセキュリティ評価方法等に関する調査【業務委託】,国土交通省,13,東京都,,,2024-02-20T00:00:00+09:00,2024,役務,一般競争入札,https://www.p-portal.go.jp/pps-web-biz/UAA01/OAA0101,1.1.0-candidate2,True,True,False,cybersecurity,1,False,False,False,False,False,True,False,False,False,False,False,102,2024-02-20T19:05:33+09:00,html,,,,,,,,0,[]
YWljaGkvbmNnZy8yMDI0LzIwMjQwMjIxXzAxMTc3Cg==,病理検査システム保守業務委託契約,国立研究開発法人国立長寿医療研究センター,23,愛知県,232238,大府市,2024-02-21T00:00:00+09:00,2024,役務,,https://www.ncgg.go.jp/ncgg-chotatsu/documents/20240221-2.pdf,1.1.0-candidate2,True,True,False,operations_maintenance,1,False,False,False,True,False,False,False,False,False,False,False,14,2024-02-21T19:13:27+09:00,pdf,139886.0,,,,,,,0,[]
Z292NC9tb2RfbmFpa3lva3UvMjAyNC8yMDI0MDIyMV8wNDMzMgo=,ＥＰ−３用地上解析装置のためのＡＩ維持管理検証基盤の維持管理等支援役務,防衛省自衛隊,13,東京都,131041,新宿区,2024-02-21T00:00:00+09:00,2024,役務,,https://www.mod.go.jp/j/budget/chotatsu/naikyoku/nyuusatu/2024/0221b.pdf,1.1.0-candidate2,True,True,False,operations_maintenance|artificial_intelligence,2,False,False,False,True,False,False,False,False,False,True,False,96,2024-02-21T20:12:37+09:00,pdf,518704.0,,,,,,,0,[]
b3Nha2Evb3Nha2FfY2l0eS8yMDI0LzIwMjQwMjIxXzAwNzA5Cg==,大阪市水道局工事等積算システム再構築及び運用保守業務委託,大阪府大阪市,27,大阪府,271004,大阪市,2024-02-21T00:00:00+09:00,2024,役務,,https://www.city.osaka.lg.jp/templates/buppin_nyusatsuanken/cmsfiles/contents/0000620/620465/01_KB2024000118.pdf,1.1.0-candidate2,True,True,False,system_development|operations_maintenance,2,True,False,False,True,False,False,False,False,False,False,False,15,2024-02-21T19:47:26+09:00,pdf,17920.0,,,,,,,5,"[{""name"":""資料1 入札説明書(PDF形式, 486KB)"",""uri"":""https://www.city.osaka.lg.jp/templates/buppin_nyusatsuanken/cmsfiles/contents/0000620/620465/02_siryou1_2024000118.pdf""},{""name"":""資料2 業務委託設計書1(PDF形式, 873KB)"",""uri"":""https://www.city.osaka.lg.jp/templates/buppin_nyusatsuanken/cmsfiles/contents/0000620/620465/03_siryou2_1_2024000118.pdf""},{""name"":""資料2 業務委託設計書2(PDF形式, 1.63MB)"",""uri"":""https://www.city.osaka.lg.jp/templates/buppin_nyusatsuanken/cmsfiles/contents/0000620/620465/04_siryou2_2_2024000118.pdf""},{""name"":""資料2 業務委託設計書3(PDF形式, 1.32MB)"",""uri"":""https://www.city.osaka.lg.jp/templates/buppin_nyusatsuanken/cmsfiles/contents/0000620/620465/05_siryou2_3_2024000118.pdf""},{""name"":""資料2 業務委託設計書4(PDF形式, 1.28MB)"",""uri"":""https://www.city.osaka.lg.jp/templates/buppin_nyusatsuanken/cmsfiles/contents/0000620/620465/06_siryou2_4_2024000118.pdf""}]"
Z292NC9tb2RfbmFpa3lva3UvMjAyNC8yMDI0MDIyMl8wNDM0MAo=,陸自整備補給システムのためのＡＩ維持管理検証基盤の維持管理等支援役務,防衛省自衛隊,13,東京都,131041,新宿区,2024-02-22T00:00:00+09:00,2024,役務,,https://www.mod.go.jp/j/budget/chotatsu/naikyoku/nyuusatu/2024/0222h.pdf,1.1.0-candidate2,True,True,False,operations_maintenance|artificial_intelligence,2,False,False,False,True,False,False,False,False,False,True,False,78,2024-02-22T20:13:03+09:00,pdf,231865.0,,,,,,,0,[]
Z292NC9tb2RfbmFpa3lva3UvMjAyNC8yMDI0MDIyMl8wNDMzOQo=,海上航空作戦指揮統制システムのためのＡＩ維持管理検証基盤の維持管理等支援役務,防衛省自衛隊,13,東京都,131041,新宿区,2024-02-22T00:00:00+09:00,2024,役務,,https://www.mod.go.jp/j/budget/chotatsu/naikyoku/nyuusatu/2024/0222g.pdf,1.1.0-candidate2,True,True,False,operations_maintenance|artificial_intelligence,2,False,False,False,True,False,False,False,False,False,True,False,79,2024-02-22T20:12:57+09:00,pdf,113284.0,,,,,,,0,[]
aG9ra2FpZG8vaG9ra2FpZG9fcHJlZi8yMDI0LzIwMjQwMjIyXzAxMDc3Cg==,R6一般競争入札実施のお知らせ【重症部門患者情報システム保守管理業務委託契約】,北海道,01,北海道,,,2024-02-22T00:00:00+09:00,2024,役務,,https://www.pref.hokkaido.lg.jp/db/hkr/98101.html,1.1.0-candidate2,True,True,False,operations_maintenance,1,False,False,False,True,False,False,False,False,False,False,False,36,2024-02-22T20:05:26+09:00,html,,,,,,,,1,"[{""name"":""関係書類一式（重症部門患者情報システム保守管理業務委託契約） (ZIP 190KB)"",""uri"":""https://www.pref.hokkaido.lg.jp/fs/9/8/0/5/8/4/9/_/%E9%96%A2%E4%BF%82%E6%9B%B8%E9%A1%9E%E4%B8%80%E5%BC%8F.zip""}]"
c2VhcmNoL3BfcG9ydGFsLzIwMjQvMDIvMjAyNDAyMjZfMjI3ODIK,令和６年度「省エネ法・温対法・フロン法電子報告システムの構築に係るプロジェクト管理支援及び政策的助言等」に係る委託業務【総合評価落札方式】,環境省,13,東京都,,,2024-02-26T00:00:00+09:00,2024,役務,一般競争入札,https://www.p-portal.go.jp/pps-web-biz/UAA01/OAA0101,1.1.0-candidate2,True,True,False,system_development,1,True,False,False,False,False,False,False,False,False,False,False,53,2024-02-26T19:05:25+09:00,html,,,,,,,,0,[]
c2VhcmNoL3BfcG9ydGFsLzIwMjQvMDIvMjAyNDAyMjZfMjI4MjUK,【本省】令和６年度電力取引適正監視に関する調査（電力市場監視システムにおけるクラウド情報基盤への運用移行に向けた要件定義）役務請負,経済産業省,13,東京都,,,2024-02-26T00:00:00+09:00,2024,役務,一般競争入札,https://www.p-portal.go.jp/pps-web-biz/UAA01/OAA0101,1.1.0-candidate2,True,True,False,operations_maintenance|cloud,2,False,False,False,True,True,False,False,False,False,False,False,50,2024-02-26T19:05:25+09:00,html,,,,,,,,0,[]
ZnVrdW9rYS9mdWt1b2thX3ByZWYvMjAyNC8yMDI0MDIyN18wMzE5Mwo=,一般競争入札の公告（福岡県新人事システムの開発及び運用保守に係る業務委託契約）,福岡県,40,福岡県,,,2024-02-27T00:00:00+09:00,2024,役務,,https://www.pref.fukuoka.lg.jp/bid-info/nyusatsu-jinji2024.html,1.1.0-candidate2,True,True,False,system_development|operations_maintenance,2,True,False,False,True,False,False,False,False,False,False,False,8,2024-02-27T19:05:20+09:00,html,,,,,,,,2,"[{""name"":""入札説明書 [PDFファイル／409KB]"",""uri"":""https://www.pref.fukuoka.lg.jp/uploaded/attachment/215272.pdf""},{""name"":""別添１ 調達仕様書 [PDFファイル／1.42MB]"",""uri"":""https://www.pref.fukuoka.lg.jp/uploaded/attachment/215287.pdf""}]"
b3Nha2Evb3Nha2FfY2l0eS8yMDI0LzIwMjQwMjI3XzAwNzE1Cg==,大阪市選挙事務システム標準化対応業務委託,大阪府大阪市,27,大阪府,271004,大阪市,2024-02-27T00:00:00+09:00,2024,役務,,https://www.city.osaka.lg.jp/templates/buppin_nyusatsuanken/cmsfiles/contents/0000620/620673/00nyuusatukoukoku.pdf,1.1.0-candidate2,True,True,False,it_consulting_planning,1,False,False,False,False,False,False,False,False,False,False,True,4,2024-02-27T19:43:09+09:00,pdf,17920.0,,,,,,,6,"[{""name"":""01 資料1 入札説明書(DOCX形式, 39KB)"",""uri"":""https://www.city.osaka.lg.jp/templates/buppin_nyusatsuanken/cmsfiles/contents/0000620/620673/01nyuusatusetumeisho.docx""},{""name"":""01 資料1 入札説明書(PDF形式, 212KB)"",""uri"":""https://www.city.osaka.lg.jp/templates/buppin_nyusatsuanken/cmsfiles/contents/0000620/620673/01nyuusatusetumeisho.pdf""},{""name"":""02 資料2 仕様書(DOCX形式, 558KB)"",""uri"":""https://www.city.osaka.lg.jp/templates/buppin_nyusatsuanken/cmsfiles/contents/0000620/620673/02shiyousho.docx""},{""name"":""02 資料2 仕様書(PDF形式, 1.83MB)"",""uri"":""https://www.city.osaka.lg.jp/templates/buppin_nyusatsuanken/cmsfiles/contents/0000620/620673/02shiyousho.pdf""},{""name"":""06 資料6 経費積算にあたっての留意事項(DOCX形式, 16KB)"",""uri"":""https://www.city.osaka.lg.jp/templates/buppin_nyusatsuanken/cmsfiles/contents/0000620/620673/06keihiseisan.docx""},{""name"":""06 資料6 経費積算にあたっての留意事項(PDF形式, 60KB)"",""uri"":""https://www.city.osaka.lg.jp/templates/buppin_nyusatsuanken/cmsfiles/contents/0000620/620673/06keihiseisan.pdf""}]"
c2VhcmNoL3BfcG9ydGFsLzIwMjQvMDIvMjAyNDAyMjdfMjMyMjYK,プロジェクト管理業務支援システムの運用支援役務（その１）（０５換装）,防衛省,13,東京都,,,2024-02-27T00:00:00+09:00,2024,役務,一般競争入札,https://www.p-portal.go.jp/pps-web-biz/UAA01/OAA0101,1.1.0-candidate2,True,True,False,operations_maintenance,1,False,False,False,True,False,False,False,False,False,False,False,27,2024-02-29T19:05:32+09:00,html,,,,,,,,0,[]
YWljaGkvbmNnZy8yMDI0LzIwMjQwMzAxXzAxMTg2Cg==,令和６年度「オンライン通いの場」アプリに係るアプリとサーバーの運用保守業務委託契約,国立研究開発法人国立長寿医療研究センター,23,愛知県,232238,大府市,2024-03-01T00:00:00+09:00,2024,役務,,https://www.ncgg.go.jp/ncgg-chotatsu/documents/20240301.pdf,1.1.0-candidate2,True,True,False,network_infrastructure,1,False,False,False,False,False,False,True,False,False,False,False,33,2024-03-04T19:12:11+09:00,pdf,135673.0,,,,,,,0,[]
YWljaGkvbmNnZy8yMDI0LzIwMjQwMzAxXzAxMTgzCg==,EDCシステムの保守業務委託契約,国立研究開発法人国立長寿医療研究センター,23,愛知県,232238,大府市,2024-03-01T00:00:00+09:00,2024,役務,,https://www.ncgg.go.jp/ncgg-chotatsu/documents/20240301-4.pdf,1.1.0-candidate2,True,True,False,operations_maintenance,1,False,False,False,True,False,False,False,False,False,False,False,35,2024-03-04T19:12:04+09:00,pdf,134539.0,,,,,,,0,[]
c2VhcmNoL3BfcG9ydGFsLzIwMjQvMDMvMjAyNDAzMDFfMjM4NjcK,【札幌国税局】電子計算処理に係るシステム開発等委託業務,財務省,01,北海道,,,2024-03-01T00:00:00+09:00,2024,役務,一般競争入札,https://www.p-portal.go.jp/pps-web-biz/UAA01/OAA0101,1.1.0-candidate2,True,True,False,system_development,1,True,False,False,False,False,False,False,False,False,False,False,236,2024-03-03T19:05:27+09:00,html,,,,,,,,0,[]
c2VhcmNoL3BfcG9ydGFsLzIwMjQvMDMvMjAyNDAzMDRfMjQxNjIK,令和６年度福岡国税局におけるアプリケーション開発等支援に係る委託業務,財務省,40,福岡県,,,2024-03-04T00:00:00+09:00,2024,役務,一般競争入札,https://www.p-portal.go.jp/pps-web-biz/UAA01/OAA0101,1.1.0-candidate2,True,True,False,software_applications,1,False,False,True,False,False,False,False,False,False,False,False,23,2024-03-04T19:05:34+09:00,html,,,,,,,,0,[]
YWljaGkvbmNnZy8yMDI0LzIwMjQwMzA1XzAxMTg4Cg==,令和6年度 生きがいボランティア支援システム（プチボラ）にかかるシステムとサーバーの機能拡充と運用保守業務委託契約,国立研究開発法人国立長寿医療研究センター,23,愛知県,232238,大府市,2024-03-05T00:00:00+09:00,2024,役務,,https://www.ncgg.go.jp/ncgg-chotatsu/documents/20240305-1.pdf,1.1.0-candidate2,True,True,False,operations_maintenance|network_infrastructure,2,False,False,False,True,False,False,True,False,False,False,False,26,2024-03-05T19:14:25+09:00,pdf,139181.0,,,,,,,0,[]
Z292My9tb2RfZ3NkZl9lYWVfZWFmaW4vMjAyNC8yMDI0MDMwNV8xNDA4NAo=,ＩＰ無線機の借上役務,防衛省陸上自衛隊東部方面会計隊,13,東京都,131041,新宿区,2024-03-05T00:00:00+09:00,2024,役務,,https://www.mod.go.jp/gsdf/eae/kaikei/eafin/R4koukoku/20240315-GYOU-0890.pdf,1.1.0-candidate2,True,True,False,network_infrastructure,1,False,False,False,False,False,False,True,False,False,False,False,115,2024-03-05T20:14:10+09:00,pdf,439254.0,,,,,,,0,[]
c2VhcmNoL3BfcG9ydGFsLzIwMjQvMDMvMjAyNDAzMDVfMjQzNjkK,ＯＡセンターにおける分析環境の整備・構築に向けた運用支援及びオンサイトによるシステム開発等の技術支援業務委託,財務省,13,東京都,,,2024-03-05T00:00:00+09:00,2024,役務,一般競争入札,https://www.p-portal.go.jp/pps-web-biz/UAA01/OAA0101,1.1.0-candidate2,True,True,False,system_development|operations_maintenance,2,True,False,False,True,False,False,False,False,False,False,False,108,2024-03-05T19:05:33+09:00,html,,,,,,,,0,[]
a2FuYWdhd2Eva3VyaWhhbWFfaXJ5b19jZW50ZXIvMjAyNC8yMDI0MDMwNl8wMDIxNQo=,研修管理システム導入及び運用管理業務委託契約 一式,独立行政法人国立病院機構久里浜医療センター,14,神奈川県,142018,横須賀市,2024-03-06T00:00:00+09:00,2024,役務,,https://kurihama.hosp.go.jp/about/bid/bid-2024-03-06kanri-system.pdf,1.1.0-candidate2,True,True,False,system_development|operations_maintenance,2,True,False,False,True,False,False,False,False,False,False,False,35,2024-03-06T19:26:09+09:00,pdf,153004.0,,,,,,,0,[]
YWljaGkvbmNnZy8yMDI0LzIwMjQwMzA4XzAxMTg5Cg==,Web検査のシステム改修・保守業務委託契約,国立研究開発法人国立長寿医療研究センター,23,愛知県,232238,大府市,2024-03-08T00:00:00+09:00,2024,役務,,https://www.ncgg.go.jp/ncgg-chotatsu/documents/20240308.pdf,1.1.0-candidate2,True,True,False,system_development|operations_maintenance,2,True,False,False,True,False,False,False,False,False,False,False,20,2024-03-08T19:12:37+09:00,pdf,137849.0,,,,,,,0,[]
c2VhcmNoL3BfcG9ydGFsLzIwMjQvMDMvMjAyNDAzMTFfMjUwODQK,【札幌国税局】電子計算処理に係るシステムの改修等に関する委託業務,財務省,01,北海道,,,2024-03-11T00:00:00+09:00,2024,役務,一般競争入札,https://www.p-portal.go.jp/pps-web-biz/UAA01/OAA0101,1.1.0-candidate2,True,True,False,system_development,1,True,False,False,False,False,False,False,False,False,False,False,198,2024-03-11T19:05:36+09:00,html,,,,,,,,0,[]
dG9reW8vdGl0ZWNoX2FjLzIwMjQvMjAyNDAzMTFfMDAyOTIK,事務用電子計算機システムサーバ群 一式,国立大学法人東京工業大学,13,東京都,131105,目黒区,2024-03-11T00:00:00+09:00,2024,役務,,http://www.zaimu.titech.ac.jp/keiyaku/kanren/koukoku/wpsys/wp-content/uploads/%E4%BA%8B%E5%8B%99%E7%94%A8%E9%9B%BB%E5%AD%90%E8%A8%88%E7%AE%97%E6%A9%9F%E3%82%B7%E3%82%B9%E3%83%86%E3%83%A0%E3%82%B5%E3%83%BC%E3%83%90%E7%BE%A4%20%E4%B8%80%E5%BC%8F_R6.3.11-R6.6.12.pdf,1.1.0-candidate2,True,True,False,network_infrastructure,1,False,False,False,False,False,False,True,False,False,False,False,80,2024-03-11T19:48:16+09:00,pdf,5488.0,,,,,,,0,[]
Z292NC9tb2RfbmFpa3lva3UvMjAyNC8yMDI0MDMxMl8wNDM2MAo=,ＡＷＳクラウド上における仮想環境構築役務,防衛省自衛隊,13,東京都,131041,新宿区,2024-03-12T00:00:00+09:00,2024,役務,,https://www.mod.go.jp/j/budget/chotatsu/naikyoku/nyuusatu/2024/0312a.pdf,1.1.0-candidate2,True,True,False,cloud,1,False,False,False,False,True,False,False,False,False,False,False,76,2024-03-12T20:12:29+09:00,pdf,109876.0,,,,,,,0,[]
c2VhcmNoL3BfcG9ydGFsLzIwMjQvMDMvMjAyNDAzMTJfMjUzNDAK,ＡＷＳクラウド上における仮想環境構築役務,防衛省,13,東京都,,,2024-03-12T00:00:00+09:00,2024,役務,一般競争入札,https://www.p-portal.go.jp/pps-web-biz/UAA01/OAA0101,1.1.0-candidate2,True,True,False,cloud,1,False,False,False,False,True,False,False,False,False,False,False,71,2024-03-12T19:05:33+09:00,html,,,,,,,,0,[]
Z292My9tb2RfYXRsYS8yMDI0LzIwMjQwMzE0XzAxNjg0Cg==,分散機動運用ソフトウェアの導入検証業務委託,防衛装備庁,13,東京都,131041,新宿区,2024-03-14T00:00:00+09:00,2024,役務,,https://www.cals.atla.mod.go.jp/tyotatsu/kokok/45-312/announcement20240314151254.pdf,1.1.0-candidate2,True,True,False,software_applications,1,False,False,True,False,False,False,False,False,False,False,False,63,2024-03-15T19:35:54+09:00,pdf,108880.0,,,,,,,0,[]
Z292My9tb2RfYXRsYS8yMDI0LzIwMjQwMzE0XzAxNjgzCg==,分散機動運用ソフトウェアの実装検証業務委託,防衛装備庁,13,東京都,131041,新宿区,2024-03-14T00:00:00+09:00,2024,役務,,https://www.cals.atla.mod.go.jp/tyotatsu/kokok/45-311/announcement20240314151045.pdf,1.1.0-candidate2,True,True,False,software_applications,1,False,False,True,False,False,False,False,False,False,False,False,64,2024-03-15T19:35:54+09:00,pdf,110011.0,,,,,,,0,[]
YWljaGkvbmNnZy8yMDI0LzIwMjQwMzE1XzAxMTkyCg==,検査情報システム保守業務委託契約,国立研究開発法人国立長寿医療研究センター,23,愛知県,232238,大府市,2024-03-15T00:00:00+09:00,2024,役務,,https://www.ncgg.go.jp/ncgg-chotatsu/documents/20240315-4.pdf,1.1.0-candidate2,True,True,False,operations_maintenance,1,False,False,False,True,False,False,False,False,False,False,False,13,2024-03-15T19:11:07+09:00,pdf,139473.0,,,,,,,0,[]
aG9ra2FpZG8vaG9ra2FpZG9fcHJlZi8yMDI0LzIwMjQwMzE1XzAxMjA2Cg==,令和６年度北海道立北の森づくり専門学院教務システム保守管理委託業務に係る一般競争入札の執行について,北海道,01,北海道,,,2024-03-15T00:00:00+09:00,2024,役務,,https://www.pref.hokkaido.lg.jp/sr/kms/182865.html,1.1.0-candidate2,True,True,False,operations_maintenance,1,False,False,False,True,False,False,False,False,False,False,False,188,2024-03-15T19:39:39+09:00,html,,,,,,,,1,"[{""name"":""北海道立北の森づくり専門学院告示第１４号ほか (ZIP 2.13MB)"",""uri"":""https://www.pref.hokkaido.lg.jp/fs/9/9/2/2/3/1/8/_/%E5%85%A5%E6%9C%AD%E7%94%A8%E8%B3%87%E6%96%99.zip""}]"
Z292NC9tb2RfbmFpa3lva3UvMjAyNC8yMDI0MDMxOV8wNDM2Ngo=,【訂正公告】ＥＰ−３用地上解析装置のためのＡＩ維持管理検証基盤の維持管理等支援役務,防衛省自衛隊,13,東京都,131041,新宿区,2024-03-19T00:00:00+09:00,2024,役務,,https://www.mod.go.jp/j/budget/chotatsu/naikyoku/nyuusatu/2024/0319a.pdf,1.1.0-candidate2,True,True,False,operations_maintenance|artificial_intelligence,2,False,False,False,True,False,False,False,False,False,True,False,41,2024-03-19T20:03:34+09:00,pdf,68917.0,,,,,,,0,[]
Z292NC9tb2RfbmFpa3lva3UvMjAyNC8yMDI0MDMxOV8wNDM2Nwo=,【訂正公告】陸自整備補給システムのためのＡＩ維持管理検証基盤の維持管理等支援役務,防衛省自衛隊,13,東京都,131041,新宿区,2024-03-19T00:00:00+09:00,2024,役務,,https://www.mod.go.jp/j/budget/chotatsu/naikyoku/nyuusatu/2024/0319b.pdf,1.1.0-candidate2,True,True,False,operations_maintenance|artificial_intelligence,2,False,False,False,True,False,False,False,False,False,True,False,40,2024-03-19T20:03:52+09:00,pdf,68379.0,,,,,,,0,[]
Z292NC9tb2RfbmFpa3lva3UvMjAyNC8yMDI0MDMxOV8wNDM2OAo=,【訂正公告】海上航空作戦指揮統制システムのためのＡＩ維持管理検証基盤の維持管理等支援役務,防衛省自衛隊,13,東京都,131041,新宿区,2024-03-19T00:00:00+09:00,2024,役務,,https://www.mod.go.jp/j/budget/chotatsu/naikyoku/nyuusatu/2024/0319c.pdf,1.1.0-candidate2,True,True,False,operations_maintenance|artificial_intelligence,2,False,False,False,True,False,False,False,False,False,True,False,39,2024-03-19T20:04:04+09:00,pdf,69884.0,,,,,,,0,[]
c2VhcmNoL3BfcG9ydGFsLzIwMjQvMDMvMjAyNDAzMTlfMjU5OTkK,令和６年度データセンターにおける再エネ活用促進に係る調査検討委託業務【総合評価落札方式】,環境省,13,東京都,,,2024-03-19T00:00:00+09:00,2024,役務,一般競争入札,https://www.p-portal.go.jp/pps-web-biz/UAA01/OAA0101,1.1.0-candidate2,True,True,False,network_infrastructure,1,False,False,False,False,False,False,True,False,False,False,False,35,2024-03-19T19:05:29+09:00,html,,,,,,,,0,[]
b3Nha2EvbWlub2hfY2l0eS8yMDI0LzIwMjQwMzIxXzAwMTcyCg==,R5年度箕面市行政情報ネットワーク機器等調達設置業務委託及びR5年度箕面市行政情報ネットワーク機器等保守業務委託にかかる一般競争入札の実施について,大阪府箕面市,27,大阪府,272205,箕面市,2024-03-21T00:00:00+09:00,2024,役務,,https://www.city.minoh.lg.jp/keiyaku/ippannkyousounyuusatu/documents/gyouseijouhounettowa-kukikitohosyu.html,1.1.0-candidate2,True,True,False,network_infrastructure,1,False,False,False,False,False,False,True,False,False,False,False,32,2025-10-21T19:10:34+09:00,html,,,,,,,,3,"[{""name"":""入札説明書（PDF：170KB）"",""uri"":""https://www.city.minoh.lg.jp/keiyaku/ippannkyousounyuusatu/documents/documents/01setumeisyogyouseijouhounettowa-kukikitoutyoutatusettioyobihosyuitaku.pdf""},{""name"":""仕様書（R5年度箕面市行政情報ネットワーク機器等調達設置業務委託）（PDF：120KB）"",""uri"":""https://www.city.minoh.lg.jp/keiyaku/ippannkyousounyuusatu/documents/documents/02siyousyo1.pdf""},{""name"":""仕様書（R5年度箕面市行政情報ネットワーク機器等保守業務委託）（PDF：97KB）"",""uri"":""https://www.city.minoh.lg.jp/keiyaku/ippannkyousounyuusatu/documents/documents/02siyousyo2.pdf""}]"
Z292OS9qcG5zcG9ydC8yMDI0LzIwMjQwMzI2XzAxMDY5Cg==,令和6年度ポストスポーツ・フォー・トゥモロー推進事業におけるスポーツ・フォー・トゥモロー・コンソーシアム会員等が利用するソーシャルコミュニティSaaS提供業務委託,独立行政法人日本スポーツ振興センター,13,東京都,131032,港区,2024-03-26T00:00:00+09:00,2024,役務,,https://www.jpnsport.go.jp/corp/Portals/0/corp/R6tyoutatsu/20240326_koukoku_socialcommunitysaas.pdf,1.1.0-candidate2,True,True,False,cloud,1,False,False,False,False,True,False,False,False,False,False,False,19,2024-03-26T19:05:10+09:00,pdf,260504.0,,,,,,,0,[]
c2VhcmNoL3BfcG9ydGFsLzIwMjQvMDMvMjAyNDAzMjhfMjY4MjkK,「全国犯罪被害者支援フォーラム2024」及び「令和６年度全国被害者支援ネットワーク秋期全国研修会」運営等業務委託,国家公安委員会（警察庁）,13,東京都,,,2024-03-28T00:00:00+09:00,2024,役務,一般競争入札,https://www.p-portal.go.jp/pps-web-biz/UAA01/OAA0101,1.1.0-candidate2,True,True,False,network_infrastructure,1,False,False,False,False,False,False,True,False,False,False,False,6,2024-03-28T19:31:22+09:00,html,,,,,,,,0,[]
b3Nha2Evb3Nha2FfY2l0eS8yMDI0LzIwMjQwMzI5XzAwNzIzCg==,校務のデジタル化推進にかかる計画策定支援業務委託（その2）,大阪府大阪市,27,大阪府,271004,大阪市,2024-03-29T00:00:00+09:00,2024,役務,,https://www.city.osaka.lg.jp/templates/buppin_nyusatsuanken/cmsfiles/contents/0000623/623971/01nyusatusetumeisho.pdf,1.1.0-candidate2,True,False,True,data_digital,1,False,False,False,False,False,False,False,False,True,False,False,3,2024-03-29T19:45:13+09:00,pdf,17920.0,,,,,,,1,"[{""name"":""資料2_調達仕様書(PDF形式, 4.23MB)"",""uri"":""https://www.city.osaka.lg.jp/templates/buppin_nyusatsuanken/cmsfiles/contents/0000623/623971/02tyoutatusiyousho.pdf""}]"
b3Nha2Evb3Nha2FfY2l0eS8yMDI0LzIwMjQwNDAxXzAwNzI0Cg==,令和6年度大阪市ホームページリニューアル要件定義等支援業務委託,大阪府大阪市,27,大阪府,271004,大阪市,2024-04-01T00:00:00+09:00,2024,役務,,https://www.city.osaka.lg.jp/templates/buppin_nyusatsuanken/cmsfiles/contents/0000623/623969/00_kokoku.pdf,1.1.0-candidate2,True,True,False,software_applications,1,False,False,True,False,False,False,False,False,False,False,False,35,2024-04-01T19:50:03+09:00,pdf,17920.0,,,,,,,6,"[{""name"":""01_資料1 入札説明書(DOCX形式, 48KB)"",""uri"":""https://www.city.osaka.lg.jp/templates/buppin_nyusatsuanken/cmsfiles/contents/0000623/623969/01_setumei.docx""},{""name"":""01_資料1 入札説明書(PDF形式, 341KB)"",""uri"":""https://www.city.osaka.lg.jp/templates/buppin_nyusatsuanken/cmsfiles/contents/0000623/623969/01_setumei.pdf""},{""name"":""02-1_資料2 業務委託仕様書(DOCX形式, 182KB)"",""uri"":""https://www.city.osaka.lg.jp/templates/buppin_nyusatsuanken/cmsfiles/contents/0000623/623969/02-1_shiyo1.docx""},{""name"":""02-1_資料2 業務委託仕様書(PDF形式, 889KB)"",""uri"":""https://www.city.osaka.lg.jp/templates/buppin_nyusatsuanken/cmsfiles/contents/0000623/623969/02-1_shiyo1.pdf""},{""name"":""02-2_資料2別紙1 情報発信等最適化施策（情報発信等最適化方針部分抜粋版）(PDF形式, 1.20MB)"",""uri"":""https://www.city.osaka.lg.jp/templates/buppin_nyusatsuanken/cmsfiles/contents/0000623/623969/02-2_shiyo2.pdf""},{""name"":""02-3_資料2別紙2 HPリニューアル構想(PDF形式, 1.99MB)"",""uri"":""https://www.city.osaka.lg.jp/templates/buppin_nyusatsuanken/cmsfiles/contents/0000623/623969/02-3_shiyo3.pdf""}]"
Z292My9tb2RfbmRhX29iYXJhZGFpLzIwMjQvMjAyNDA0MDNfMDQxMDEK,構内ネットワーク配線設置役務,防衛省防衛大学校,14,神奈川県,142018,横須賀市,2024-04-03T00:00:00+09:00,2024,役務,,https://www.mod.go.jp/nda/procurement/anken/010060403119.pdf,1.1.0-candidate2,True,True,False,network_infrastructure,1,False,False,False,False,False,False,True,False,False,False,False,43,2024-04-03T20:52:26+09:00,pdf,193903.0,,,,,,,1,"[{""name"":""仕様書のとおり"",""uri"":""https://www.mod.go.jp/nda/procurement/anken/u010060403119.pdf""}]"
Z292My9tb2RfbmRhX29iYXJhZGFpLzIwMjQvMjAyNDA0MDNfMDQxMDIK,Microsoft365セキュリティ対策等維持管理支援役務,防衛省防衛大学校,14,神奈川県,142018,横須賀市,2024-04-03T00:00:00+09:00,2024,役務,,https://www.mod.go.jp/nda/procurement/anken/010060403120.pdf,1.1.0-candidate2,True,True,False,cybersecurity,1,False,False,False,False,False,True,False,False,False,False,False,42,2024-04-03T20:52:38+09:00,pdf,199878.0,,,,,,,1,"[{""name"":""仕様書のとおり"",""uri"":""https://www.mod.go.jp/nda/procurement/anken/u010060403120.pdf""}]"
a2FuYWdhd2EvaGFkYW5vX2NpdHkvMjAyNC8yMDI0MDQwM18wMzI5NQo=,令和６年度秦野市議会会議録検索システム運用管理委託業務（長期継続契約）,神奈川県秦野市,14,神奈川県,142115,秦野市,2024-04-03T00:00:00+09:00,2024,役務,,https://www.city.hadano.kanagawa.jp/sekkeitosho/2_gaiyou/5063021.pdf,1.1.0-candidate2,True,True,False,operations_maintenance,1,False,False,False,True,False,False,False,False,False,False,False,30,2024-04-03T19:08:40+09:00,pdf,362719.0,,,,,,,0,[]
aG9ra2FpZG8vaG9ra2FpZG9fcHJlZi8yMDI0LzIwMjQwNDAzXzAxMjYzCg==,道有施設への太陽光発電システム導入可能性調査（野立て）委託業務に係る総合評価一般競争入札の実施,北海道,01,北海道,,,2024-04-03T00:00:00+09:00,2024,役務,,https://www.pref.hokkaido.lg.jp/kz/zcs/162269.html,1.1.0-candidate2,True,True,False,system_development,1,True,False,False,False,False,False,False,False,False,False,False,126,2024-04-03T19:58:45+09:00,html,,,,,,,,2,"[{""name"":""入札公告（北海道告示第11149号） (PDF 152KB)"",""uri"":""https://www.pref.hokkaido.lg.jp/fs/8/9/9/2/0/6/2/_/03%E5%85%A5%E6%9C%AD%E3%81%AE%E5%AE%9F%E6%96%BD(%E5%91%8A%E7%A4%BA11149).pdf""},{""name"":""入札関係書類一式 (ZIP 2.96MB)"",""uri"":""https://www.pref.hokkaido.lg.jp/fs/8/9/9/2/6/4/4/_/%E5%85%A5%E6%9C%AD%E9%96%A2%E4%BF%82%E6%9B%B8%E9%A1%9E%E4%B8%80%E5%BC%8F.zip""}]"
Z292Ni9xc3JfbWxpdC8yMDI0LzIwMjQwNDA1XzExMTMyCg==,物品役務データ集約補完システムサーバ機器１式賃貸借,国土交通省九州地方整備局,40,福岡県,401307,福岡市,2024-04-05T00:00:00+09:00,2024,役務,,https://www.qsr.mlit.go.jp/site_files/file/nyusatu_joho/buppin-ekimu-nyuusatukoukoku/R6/e005.pdf,1.1.0-candidate2,True,True,False,network_infrastructure,1,False,False,False,False,False,False,True,False,False,False,False,26,2024-04-05T19:21:19+09:00,pdf,134372.0,A B,,,,,,0,[]
c2VhcmNoL3BfcG9ydGFsLzIwMjQvMDQvMjAyNDA0MDVfMjc3MDQK,【九州地方整備局】物品役務データ集約補完システムサーバ機器１式賃貸借,国土交通省,40,福岡県,,,2024-04-05T00:00:00+09:00,2024,役務,一般競争入札,https://www.p-portal.go.jp/pps-web-biz/UAA01/OAA0101,1.1.0-candidate2,True,True,False,network_infrastructure,1,False,False,False,False,False,False,True,False,False,False,False,25,2024-04-05T19:49:21+09:00,html,,,,,,,,0,[]
c2VhcmNoL3BfcG9ydGFsLzIwMjQvMDQvMjAyNDA0MDlfMjc5NzAK,令和６年度脱炭素社会実現に向けた首長との意見交換及びネットワーク構築等委託業務【総合評価落札方式】,環境省,13,東京都,,,2024-04-09T00:00:00+09:00,2024,役務,一般競争入札,https://www.p-portal.go.jp/pps-web-biz/UAA01/OAA0101,1.1.0-candidate2,True,True,False,network_infrastructure,1,False,False,False,False,False,False,True,False,False,False,False,107,2024-04-09T19:55:42+09:00,html,,,,,,,,0,[]
ZnVrdW9rYS9mdWt1b2thX3ByZWYvMjAyNC8yMDI0MDQxMl8wMzI1OQo=,一般競争入札の公告（福岡県新給与システムの開発及び運用保守に係る業務委託契約）,福岡県,40,福岡県,,,2024-04-12T00:00:00+09:00,2024,役務,,https://www.pref.fukuoka.lg.jp/bid-info/nyusatsu-kyuyo2024.html,1.1.0-candidate2,True,True,False,system_development|operations_maintenance,2,True,False,False,True,False,False,False,False,False,False,False,16,2024-04-12T19:05:20+09:00,html,,,,,,,,2,"[{""name"":""入札説明書 [PDFファイル／408KB]"",""uri"":""https://www.pref.fukuoka.lg.jp/uploaded/attachment/219987.pdf""},{""name"":""別添１ 調達仕様書 [PDFファイル／1.31MB]"",""uri"":""https://www.pref.fukuoka.lg.jp/uploaded/attachment/219988.pdf""}]"
aG9ra2FpZG8vcG9saWNlX2hva2thaWRvX2thaWtlaS8yMDI0LzIwMjQwNDEyXzAwNjYwCg==,運転者管理システム移行に伴う出力帳票の設計構築業務委託契約,国家公安委員会（警察庁）北海道警察本部会計課,01,北海道,011002,札幌市,2024-04-12T00:00:00+09:00,2024,役務,一般競争入札,https://www.police.pref.hokkaido.lg.jp/info/soumu/kaikei/dat/2024-05/2024-0524-untenkanrisisutemu/01.pdf,1.1.0-candidate2,True,True,False,system_development,1,True,False,False,False,False,False,False,False,False,False,False,87,2024-04-12T20:30:15+09:00,pdf,82533.0,,,,,,,1,"[{""name"":""入札説明書（PDF104KB）"",""uri"":""https://www.police.pref.hokkaido.lg.jp/info/soumu/kaikei/dat/2024-05/2024-0524-untenkanrisisutemu/02.pdf""}]"
b3Nha2Evb3Nha2FfY2l0eS8yMDI0LzIwMjQwNDEyXzAwNzI3Cg==,学校給食食物アレルギー対応システムサービス提供業務委託,大阪府大阪市,27,大阪府,271004,大阪市,2024-04-12T00:00:00+09:00,2024,役務,,https://www.city.osaka.lg.jp/templates/buppin_nyusatsuanken/cmsfiles/contents/0000624/624910/01nyusatusetumeisho.pdf,1.1.0-candidate2,True,True,False,system_services,1,False,True,False,False,False,False,False,False,False,False,False,25,2024-04-12T19:46:37+09:00,pdf,17920.0,,,,,,,2,"[{""name"":""資料2 調達仕様書(PDF形式, 1.74MB)"",""uri"":""https://www.city.osaka.lg.jp/templates/buppin_nyusatsuanken/cmsfiles/contents/0000624/624910/02tyoutatusiyousho.pdf""},{""name"":""資料5 経費積算にあたっての留意事項(PDF形式, 74KB)"",""uri"":""https://www.city.osaka.lg.jp/templates/buppin_nyusatsuanken/cmsfiles/contents/0000624/624910/05keihisekisanryuuijikou.pdf""}]"
b3Nha2Evb3Nha2FfY2l0eS8yMDI0LzIwMjQwNDEyXzAwNzI5Cg==,学校給食食物アレルギー対応システムサービス提供業務委託,大阪府大阪市,27,大阪府,271004,大阪市,2024-04-12T00:00:00+09:00,2024,役務,,https://www.city.osaka.lg.jp/templates/buppin_nyusatsuanken/cmsfiles/contents/0000624/624910/00seigohyou.pdf,1.1.0-candidate2,True,True,False,system_services,1,False,True,False,False,False,False,False,False,False,False,False,24,2024-04-19T19:51:01+09:00,pdf,17920.0,,,,,,,3,"[{""name"":""資料1 入札説明書（訂正後）(PDF形式, 341KB)"",""uri"":""https://www.city.osaka.lg.jp/templates/buppin_nyusatsuanken/cmsfiles/contents/0000624/624910/01-1nyuusatusetumeisho.pdf""},{""name"":""資料2 調達仕様書(PDF形式, 1.74MB)"",""uri"":""https://www.city.osaka.lg.jp/templates/buppin_nyusatsuanken/cmsfiles/contents/0000624/624910/02tyoutatusiyousho.pdf""},{""name"":""資料5 経費積算にあたっての留意事項(PDF形式, 74KB)"",""uri"":""https://www.city.osaka.lg.jp/templates/buppin_nyusatsuanken/cmsfiles/contents/0000624/624910/05keihisekisanryuuijikou.pdf""}]"
Z292My9tb2RfbmRhX29iYXJhZGFpLzIwMjQvMjAyNDA0MTVfMDQxMTIK,構内ネットワーク配線設置役務,防衛省防衛大学校,14,神奈川県,142018,横須賀市,2024-04-15T00:00:00+09:00,2024,役務,,https://www.mod.go.jp/nda/procurement/anken/010060412131.pdf,1.1.0-candidate2,True,True,False,network_infrastructure,1,False,False,False,False,False,False,True,False,False,False,False,6,2024-04-15T20:39:30+09:00,pdf,87126.0,,,,,,,1,"[{""name"":""仕様書のとおり"",""uri"":""https://www.mod.go.jp/nda/procurement/anken/u010060412131.pdf""}]"
Z292NS9haXN0X3VuaXQvMjAyNC8yMDI0MDQxNV8wNzIyMgo=,産総研情報システム環境のゼロトラスト化に係る導入支援業務 一式,国立研究開発法人産業技術総合研究所,13,東京都,131016,千代田区,2024-04-15T00:00:00+09:00,2024,役務,,https://www.aist.go.jp/aist_j/procure/supplyinfo/pub/detail/HCMNBS09,1.1.0-candidate2,True,True,False,system_development|cybersecurity|it_consulting_planning,3,True,False,False,False,False,True,False,False,False,False,True,83,2024-12-26T19:05:33+09:00,html,,,,,,,,0,[]
Z292Ni9xc3JfbWxpdC8yMDI0LzIwMjQwNDE2XzExMTMzCg==,用地調査等業務委託設計書作成システム改良及び保守,国土交通省九州地方整備局,40,福岡県,401307,福岡市,2024-04-16T00:00:00+09:00,2024,役務,,https://www.qsr.mlit.go.jp/site_files/file/nyusatu_joho/buppin-ekimu-nyuusatukoukoku/R6/e007.pdf,1.1.0-candidate2,True,True,False,system_development|operations_maintenance,2,True,False,False,True,False,False,False,False,False,False,False,11,2024-04-16T19:25:02+09:00,pdf,112999.0,C D,,,,,,0,[]
b3Nha2Eva2lua2ljaHVvX2tva3l1a2lfY2VudGVyLzIwMjQvMjAyNDA0MTZfMDAyMjYK,・令和6年4月16日付 病院情報処理システム運用管理業務委託,独立行政法人国立病院機構近畿中央呼吸器センター,27,大阪府,271403,堺市,2024-04-16T00:00:00+09:00,2024,役務,,https://kcmc.hosp.go.jp/files/000213662.pdf,1.1.0-candidate2,True,True,False,operations_maintenance,1,False,False,False,True,False,False,False,False,False,False,False,21,2024-04-16T19:15:56+09:00,pdf,106632.0,,,,,,,0,[]
c2VhcmNoL3BfcG9ydGFsLzIwMjQvMDQvMjAyNDA0MTZfMjg0NzMK,【九州地方整備局】用地調査等業務委託設計書作成システム改良及び保守,国土交通省,40,福岡県,,,2024-04-16T00:00:00+09:00,2024,役務,一般競争入札,https://www.p-portal.go.jp/pps-web-biz/UAA01/OAA0101,1.1.0-candidate2,True,True,False,system_development|operations_maintenance,2,True,False,False,True,False,False,False,False,False,False,False,10,2024-04-16T19:09:38+09:00,html,,,,,,,,0,[]
c2VhcmNoL3BfcG9ydGFsLzIwMjQvMDQvMjAyNDA0MTZfMjg2NTYK,移動ネットワークシステムの代替案分析に関する調査役務,防衛省,13,東京都,,,2024-04-16T00:00:00+09:00,2024,役務,一般競争入札,https://www.p-portal.go.jp/pps-web-biz/UAA01/OAA0101,1.1.0-candidate2,True,True,False,network_infrastructure,1,False,False,False,False,False,False,True,False,False,False,False,75,2024-04-18T19:10:48+09:00,html,,,,,,,,0,[]
dG9reW8vdGl0ZWNoX2FjLzIwMjQvMjAyNDA0MjJfMDAzMTYK,アクティブドローン聴覚用ドローン隊列飛行制御システム開発業務 一式,国立大学法人東京工業大学,13,東京都,131105,目黒区,2024-04-22T00:00:00+09:00,2024,役務,,http://www.zaimu.titech.ac.jp/keiyaku/kanren/koukoku/wpsys/wp-content/uploads/%E3%82%A2%E3%82%AF%E3%83%86%E3%82%A3%E3%83%96%E3%83%89%E3%83%AD%E3%83%BC%E3%83%B3%E8%81%B4%E8%A6%9A%E7%94%A8%E3%83%89%E3%83%AD%E3%83%BC%E3%83%B3%E9%9A%8A%E5%88%97%E9%A3%9B%E8%A1%8C%E5%88%B6%E5%BE%A1%E3%82%B7%E3%82%B9%E3%83%86%E3%83%A0%E9%96%8B%E7%99%BA%E6%A5%AD%E5%8B%99-%E4%B8%80%E5%BC%8F_R6.4.22-R6.5.20.pdf,1.1.0-candidate2,True,True,False,system_development,1,True,False,False,False,False,False,False,False,False,False,False,54,2024-04-22T19:54:14+09:00,pdf,130121.0,,,,,,,0,[]
dG9reW8vdGl0ZWNoX2FjLzIwMjQvMjAyNDA0MjJfMDAzMjgK,アクティブドローン聴覚用ドローン隊列飛行制御システム開発業務 一式,国立大学法人東京工業大学,13,東京都,131105,目黒区,2024-04-22T00:00:00+09:00,2024,役務,,http://www.zaimu.titech.ac.jp/keiyaku/kanren/koukoku/wpsys/wp-content/uploads/%E3%82%A2%E3%82%AF%E3%83%86%E3%82%A3%E3%83%96%E3%83%89%E3%83%AD%E3%83%BC%E3%83%B3%E8%81%B4%E8%A6%9A%E7%94%A8%E3%83%89%E3%83%AD%E3%83%BC%E3%83%B3%E9%9A%8A%E5%88%97%E9%A3%9B%E8%A1%8C%E5%88%B6%E5%BE%A1%E3%82%B7%E3%82%B9%E3%83%86%E3%83%A0%E9%96%8B%E7%99%BA%E6%A5%AD%E5%8B%99_R6.4.22-R6.5.20.pdf,1.1.0-candidate2,True,True,False,system_development,1,True,False,False,False,False,False,False,False,False,False,False,53,2024-05-10T19:58:13+09:00,pdf,130121.0,,,,,,,0,[]
c2VhcmNoL3BfcG9ydGFsLzIwMjQvMDQvMjAyNDA0MjNfMjg5NjcK,【本省】令和６年度産業標準策定システム改修業務役務請負,経済産業省,13,東京都,,,2024-04-23T00:00:00+09:00,2024,役務,一般競争入札,https://www.p-portal.go.jp/pps-web-biz/UAA01/OAA0101,1.1.0-candidate2,True,True,False,system_development,1,True,False,False,False,False,False,False,False,False,False,False,45,2024-04-23T19:15:57+09:00,html,,,,,,,,0,[]
ZnVrdW9rYS9mdWt1b2thX3ByZWYvMjAyNC8yMDI0MDQyNl8wMzI3MQo=,一般競争入札の公告（福岡県基幹系システム再構築工程監理に係る業務委託契約）,福岡県,40,福岡県,,,2024-04-26T00:00:00+09:00,2024,役務,,https://www.pref.fukuoka.lg.jp/bid-info/kikankeikouteikanri.html,1.1.0-candidate2,True,True,False,system_development,1,True,False,False,False,False,False,False,False,False,False,False,3,2024-04-26T19:05:22+09:00,html,,,,,,,,1,"[{""name"":""入札説明書 [PDFファイル／403KB]"",""uri"":""https://www.pref.fukuoka.lg.jp/uploaded/attachment/220937.pdf""}]"
b3Nha2EvbWlub2hfY2l0eS8yMDI0LzIwMjQwNTAxXzAwMTU0Cg==,箕面市生成AI利用環境構築及び運用支援業務委託に係る総合評価入札方式による一般競争入札の実施について,大阪府箕面市,27,大阪府,272205,箕面市,2024-05-01T00:00:00+09:00,2024,役務,,https://www.city.minoh.lg.jp/gyoukaku/keiyaku/r6aitoolitaku.html,1.1.0-candidate2,True,True,False,system_development|artificial_intelligence,2,True,False,False,False,False,False,False,False,False,True,False,52,2025-10-21T19:10:04+09:00,html,,,,,,,,4,"[{""name"":""入札説明書（PDF：159KB）"",""uri"":""https://www.city.minoh.lg.jp/gyoukaku/keiyaku/documents/nyusatsusetsumeisho_ai.pdf""},{""name"":""(資料1-1)生成AI利用環境構築業務委託仕様書（PDF：113KB）"",""uri"":""https://www.city.minoh.lg.jp/gyoukaku/keiyaku/documents/shiyousho_kouchiku.pdf""},{""name"":""(資料1-2)生成AI利用にかかる運用支援業務委託仕様書（PDF：101KB）"",""uri"":""https://www.city.minoh.lg.jp/gyoukaku/keiyaku/documents/shiyousho_unyoushien.pdf""},{""name"":""(資料1-4)個人情報の取扱いに関する特記仕様書（PDF：238KB）"",""uri"":""https://www.city.minoh.lg.jp/gyoukaku/keiyaku/documents/shiyousho_tokki.pdf""}]"
b3Nha2EvbWlub2hfY2l0eS8yMDI0LzIwMjQwNTAxXzAwMTU2Cg==,箕面市保育所入所選考等支援ソフトウェア導入等業務委託に係る総合評価入札方式による一般競争入札の実施について,大阪府箕面市,27,大阪府,272205,箕面市,2024-05-01T00:00:00+09:00,2024,役務,,https://www.city.minoh.lg.jp/infancy/nyuusasatu2024.html,1.1.0-candidate2,True,True,False,software_applications,1,False,False,True,False,False,False,False,False,False,False,False,50,2025-10-21T19:10:06+09:00,html,,,,,,,,4,"[{""name"":""入札説明書（ワード：25KB）"",""uri"":""https://www.city.minoh.lg.jp/infancy/documents/1nyuusatusetumeisyo.docx""},{""name"":""（資料1）箕面市保育所入所選考等支援ソフトウェア導入等業務委託仕様書（ワード：20KB）"",""uri"":""https://www.city.minoh.lg.jp/infancy/documents/1siyousyodounyuu.docx""},{""name"":""（資料2）箕面市保育所入所選考等支援ソフトウェア保守業務委託仕様書（ワード：17KB）"",""uri"":""https://www.city.minoh.lg.jp/infancy/documents/3hosyusiyousyo.docx""},{""name"":""（資料8）個人情報の取扱いに関する特記仕様書（ワード：14KB）"",""uri"":""https://www.city.minoh.lg.jp/infancy/documents/3kojinnjyouhoutokki.docx""}]"
b3Nha2Evb3Nha2FfY2l0eS8yMDI0LzIwMjQwNTA3XzAwNzMzCg==,令和6年度申請書作成支援システムサービス利用及び導入・運用保守業務委託,大阪府大阪市,27,大阪府,271004,大阪市,2024-05-07T00:00:00+09:00,2024,役務,,https://www.city.osaka.lg.jp/templates/buppin_nyusatsuanken/cmsfiles/contents/0000626/626284/00_kokoku.pdf,1.1.0-candidate2,True,True,False,system_development|operations_maintenance,2,True,False,False,True,False,False,False,False,False,False,False,39,2024-05-07T19:50:40+09:00,pdf,17920.0,,,,,,,8,"[{""name"":""01_資料1 入札説明書(DOCX形式, 50KB)"",""uri"":""https://www.city.osaka.lg.jp/templates/buppin_nyusatsuanken/cmsfiles/contents/0000626/626284/01_setumei.docx""},{""name"":""01_資料1 入札説明書(PDF形式, 350KB)"",""uri"":""https://www.city.osaka.lg.jp/templates/buppin_nyusatsuanken/cmsfiles/contents/0000626/626284/01_setumei.pdf""},{""name"":""02_資料2 業務委託仕様書(DOCX形式, 43KB)"",""uri"":""https://www.city.osaka.lg.jp/templates/buppin_nyusatsuanken/cmsfiles/contents/0000626/626284/02_siyo1.docx""},{""name"":""02_資料2 業務委託仕様書(PDF形式, 1.00MB)"",""uri"":""https://www.city.osaka.lg.jp/templates/buppin_nyusatsuanken/cmsfiles/contents/0000626/626284/02_siyo1.pdf""},{""name"":""03_資料2-別紙1 申請手順3パターン(PPTX形式, 57KB)"",""uri"":""https://www.city.osaka.lg.jp/templates/buppin_nyusatsuanken/cmsfiles/contents/0000626/626284/03_siyo2.pptx""},{""name"":""03_資料2-別紙1 申請手順3パターン(PDF形式, 240KB)"",""uri"":""https://www.city.osaka.lg.jp/templates/buppin_nyusatsuanken/cmsfiles/contents/0000626/626284/03_siyo2.pdf""},{""name"":""04_資料2-別紙2 グリーン配送に係る特記仕様書(DOC形式, 34KB)"",""uri"":""https://www.city.osaka.lg.jp/templates/buppin_nyusatsuanken/cmsfiles/contents/0000626/626284/04_siyo3.doc""},{""name"":""04_資料2-別紙2 グリーン配送に係る特記仕様書(PDF形式, 95KB)"",""uri"":""https://www.city.osaka.lg.jp/templates/buppin_nyusatsuanken/cmsfiles/contents/0000626/626284/04_siyo3.pdf""}]"
b3Nha2Evb3Nha2FfY2l0eS8yMDI0LzIwMjQwNTEwXzAwNzM0Cg==,大阪市教育委員会就学事務（学齢簿編製等）に係る標準準拠システム並びに独自施策システム一式導入・運用保守業務委託,大阪府大阪市,27,大阪府,271004,大阪市,2024-05-10T00:00:00+09:00,2024,役務,,https://www.city.osaka.lg.jp/templates/buppin_nyusatsuanken/cmsfiles/contents/0000626/626678/01nyusatusetumeisho.pdf,1.1.0-candidate2,True,True,False,system_development|operations_maintenance,2,True,False,False,True,False,False,False,False,False,False,False,34,2024-05-10T19:48:12+09:00,pdf,17920.0,,,,,,,5,"[{""name"":""資料2 調達仕様書(PDF形式, 1.39MB)"",""uri"":""https://www.city.osaka.lg.jp/templates/buppin_nyusatsuanken/cmsfiles/contents/0000626/626678/02-1tyoutatusiyousho.pdf""},{""name"":""資料2 調達仕様書【別紙1】(PDF形式, 6.82MB)"",""uri"":""https://www.city.osaka.lg.jp/templates/buppin_nyusatsuanken/cmsfiles/contents/0000626/626678/02-2siyoushobessi1.pdf""},{""name"":""資料2 調達仕様書【別紙2】(PDF形式, 3.77MB)"",""uri"":""https://www.city.osaka.lg.jp/templates/buppin_nyusatsuanken/cmsfiles/contents/0000626/626678/02-3siyoushobessi2.pdf""},{""name"":""資料2 調達仕様書【別紙3】(PDF形式, 1.32MB)"",""uri"":""https://www.city.osaka.lg.jp/templates/buppin_nyusatsuanken/cmsfiles/contents/0000626/626678/02-4siyoushobessi3.pdf""},{""name"":""資料5 積算にあたっての留意事項(PDF形式, 165KB)"",""uri"":""https://www.city.osaka.lg.jp/templates/buppin_nyusatsuanken/cmsfiles/contents/0000626/626678/05keihisekisanryuuijikou.pdf""}]"
aG9ra2FpZG8vaG9ra2FpZG9fcHJlZi8yMDI0LzIwMjQwNTEzXzAxNDIxCg==,令和6年度データセンター集積推進事業（海外データセンター誘致）委託業務に係る総合評価一般競争入札の実施について,北海道,01,北海道,,,2024-05-13T00:00:00+09:00,2024,役務,,https://www.pref.hokkaido.lg.jp/kz/ssg/188410.html,1.1.0-candidate2,True,True,False,network_infrastructure,1,False,False,False,False,False,False,True,False,False,False,False,110,2024-05-13T19:49:53+09:00,html,,,,,,,,2,"[{""name"":""北海道告示第10818号（入札実施） (PDF 145KB)"",""uri"":""https://www.pref.hokkaido.lg.jp/fs/1/0/1/6/5/4/0/1/_/%E5%91%8A%E7%A4%BA(%E5%85%A5%E6%9C%AD%E3%81%AE%E5%AE%9F%E6%96%BD)%E2%97%8B.pdf""},{""name"":""関係書類一式 (ZIP 1.4MB)"",""uri"":""https://www.pref.hokkaido.lg.jp/fs/1/0/1/6/5/4/1/3/_/%E9%96%A2%E4%BF%82%E6%9B%B8%E9%A1%9E%E4%B8%80%E5%BC%8F.zip""}]"
c2VhcmNoL3BfcG9ydGFsLzIwMjQvMDUvMjAyNDA1MTNfMzA0NzcK,次期ＯＡ－ＬＡＮシステムに係る調達支援役務,内閣官房,13,東京都,,,2024-05-13T00:00:00+09:00,2024,役務,一般競争入札,https://www.p-portal.go.jp/pps-web-biz/UAA01/OAA0101,1.1.0-candidate2,True,True,False,it_consulting_planning,1,False,False,False,False,False,False,False,False,False,False,True,133,2024-05-14T19:05:26+09:00,html,,,,,,,,0,[]
dG9reW8vdGl0ZWNoX2FjLzIwMjQvMjAyNDA1MTZfMDAzMzEK,研究者ネットワーク可視化するSaaS型サービス利用（初回実装に伴う開発含む） 一式,国立大学法人東京工業大学,13,東京都,131105,目黒区,2024-05-16T00:00:00+09:00,2024,役務,,http://www.zaimu.titech.ac.jp/keiyaku/kanren/koukoku/wpsys/wp-content/uploads/%E7%A0%94%E7%A9%B6%E8%80%85%E3%83%8D%E3%83%83%E3%83%88%E3%83%AF%E3%83%BC%E3%82%AF%E5%8F%AF%E8%A6%96%E5%8C%96%E3%81%99%E3%82%8BSaaS%E5%9E%8B%E3%82%B5%E3%83%BC%E3%83%93%E3%82%B9%E5%88%A9%E7%94%A8%EF%BC%88%E5%88%9D%E5%9B%9E%E5%AE%9F%E8%A3%85%E3%81%AB%E4%BC%B4%E3%81%86%E9%96%8B%E7%99%BA%E5%90%AB%E3%82%80%EF%BC%89%20%E4%B8%80%E5%BC%8F_R6.5.16-R6.6.14.pdf,1.1.0-candidate2,True,True,False,cloud|network_infrastructure,2,False,False,False,False,True,False,True,False,False,False,False,96,2024-05-16T19:54:59+09:00,pdf,14646.0,,,,,,,0,[]
Z292NC9tb2RfbmFpa3lva3UvMjAyNC8yMDI0MDUxN18wNDM5NAo=,陸自整備補給システムのためのＡＩ維持管理検証基盤におけるＲＭＦ及びシステム構成支援役務,防衛省自衛隊,13,東京都,131041,新宿区,2024-05-17T00:00:00+09:00,2024,役務,,https://www.mod.go.jp/j/budget/chotatsu/naikyoku/nyuusatu/2024/0517b.pdf,1.1.0-candidate2,True,True,False,operations_maintenance|cybersecurity|artificial_intelligence,3,False,False,False,True,False,True,False,False,False,True,False,85,2024-05-17T20:16:03+09:00,pdf,200577.0,,,,,,,0,[]
Z292NS9yb2Z1a3UvMjAyNC8yMDI0MDUxN18wMjAwNgo=,2024 年度情報セキュリティ監査、脆弱性診断、標的型メール攻撃訓練業務委託一式（本部）,独立行政法人労働者健康安全機構,14,神奈川県,141305,川崎市,2024-05-17T00:00:00+09:00,2024,役務,,https://www.johas.go.jp/Portals/0/data0/jigyogaiyo/choutatsu/nyusatsu/0605/nyuusatsu060517.pdf,1.1.0-candidate2,True,True,False,cybersecurity,1,False,False,False,False,False,True,False,False,False,False,False,13,2024-05-17T00:00:00+09:00,pdf,161890.0,,,,,,,0,[]
c2VhcmNoL3BfcG9ydGFsLzIwMjQvMDUvMjAyNDA1MTdfMzA4NzIK,陸自整備補給システムのためのＡＩ維持管理検証基盤におけるＲＭＦ及びシステム構成支援役務,防衛省,13,東京都,,,2024-05-17T00:00:00+09:00,2024,役務,一般競争入札,https://www.p-portal.go.jp/pps-web-biz/UAA01/OAA0101,1.1.0-candidate2,True,True,False,operations_maintenance|cybersecurity|artificial_intelligence,3,False,False,False,True,False,True,False,False,False,True,False,79,2024-05-17T19:05:28+09:00,html,,,,,,,,0,[]
b3Nha2Evb3Nha2FfY2l0eS8yMDI0LzIwMjQwNTI0XzAwNzM4Cg==,大阪市会事務局総合評価一般競争入札の実施について（大阪市会事務局における議員在席表示及び会議開催表示システムサービス提供業務委託 長期継続）,大阪府大阪市,27,大阪府,271004,大阪市,2024-05-24T00:00:00+09:00,2024,役務,,https://www.city.osaka.lg.jp/templates/buppin_nyusatsuanken/cmsfiles/contents/0000627/627643/01_siryou1.pdf,1.1.0-candidate2,True,True,False,system_services,1,False,True,False,False,False,False,False,False,False,False,False,16,2024-05-24T19:39:03+09:00,pdf,17920.0,,,,,,,4,"[{""name"":""02_1【資料2−1】「大阪市会事務局における議員在席表示及び会議開催表示システムサービス提供業務委託 長期継続」仕様書(PDF形式, 618KB)"",""uri"":""https://www.city.osaka.lg.jp/templates/buppin_nyusatsuanken/cmsfiles/contents/0000627/627643/02_1siryou2_1.pdf""},{""name"":""02_2【資料2−2】（仕様書）別紙1「議員在席表示及び会議開催表示システム構成概要図（案）」(PDF形式, 117KB)"",""uri"":""https://www.city.osaka.lg.jp/templates/buppin_nyusatsuanken/cmsfiles/contents/0000627/627643/02_2siryou2_2.pdf""},{""name"":""02_3【資料2−3】（仕様書）別紙2「機能要件」(PDF形式, 424KB)"",""uri"":""https://www.city.osaka.lg.jp/templates/buppin_nyusatsuanken/cmsfiles/contents/0000627/627643/02_3siryou2_3.pdf""},{""name"":""02_4【資料2−4】（仕様書）別紙3「標準業務フロー」(PDF形式, 127KB)"",""uri"":""https://www.city.osaka.lg.jp/templates/buppin_nyusatsuanken/cmsfiles/contents/0000627/627643/02_4siryou2_4.pdf""}]"
c2VhcmNoL3BfcG9ydGFsLzIwMjQvMDUvMjAyNDA1MjhfMzE3NzYK,政府共通決済基盤のサービス事務及びシステム運用保守に係る委託業務,デジタル庁東京都,13,東京都,,,2024-05-28T00:00:00+09:00,2024,役務,一般競争入札,https://www.p-portal.go.jp/pps-web-biz/UAA01/OAA0101,1.1.0-candidate2,True,True,False,operations_maintenance,1,False,False,False,True,False,False,False,False,False,False,False,24,2024-05-28T19:05:51+09:00,html,,,,,,,,0,[]
c2VhcmNoL3BfcG9ydGFsLzIwMjQvMDUvMjAyNDA1MjhfMzE5MjgK,ＯＳ及びOffice更新に伴うシステム開発等の業務委託,財務省,13,東京都,,,2024-05-28T00:00:00+09:00,2024,役務,一般競争入札,https://www.p-portal.go.jp/pps-web-biz/UAA01/OAA0101,1.1.0-candidate2,True,True,False,system_development,1,True,False,False,False,False,False,False,False,False,False,False,25,2024-05-28T19:05:54+09:00,html,,,,,,,,0,[]
dG9reW8vdGl0ZWNoX2FjLzIwMjQvMjAyNDA1MjlfMDAzNDEK,事務用電子計算機システムサーバ群 一式,国立大学法人東京工業大学,13,東京都,131105,目黒区,2024-05-29T00:00:00+09:00,2024,役務,,http://www.zaimu.titech.ac.jp/keiyaku/kanren/koukoku/wpsys/wp-content/uploads/%E4%BA%8B%E5%8B%99%E7%94%A8%E9%9B%BB%E5%AD%90%E8%A8%88%E7%AE%97%E6%A9%9F%E3%82%B7%E3%82%B9%E3%83%86%E3%83%A0%E3%82%B5%E3%83%BC%E3%83%90%E7%BE%A4%20%E4%B8%80%E5%BC%8F_R6.5.29-R6.8.2.pdf,1.1.0-candidate2,True,True,False,network_infrastructure,1,False,False,False,False,False,False,True,False,False,False,False,15,2024-05-29T19:54:40+09:00,pdf,14646.0,,,,,,,0,[]
c2VhcmNoL3BfcG9ydGFsLzIwMjQvMDUvMjAyNDA1MzFfMzIyNTgK,令和６年度日中韓環境教育ネットワーク事業実施等委託業務[総合評価落札方式],環境省,13,東京都,,,2024-05-31T00:00:00+09:00,2024,役務,一般競争入札,https://www.p-portal.go.jp/pps-web-biz/UAA01/OAA0101,1.1.0-candidate2,True,True,False,network_infrastructure,1,False,False,False,False,False,False,True,False,False,False,False,3,2024-05-31T19:05:26+09:00,html,,,,,,,,0,[]
ZnVrdW9rYS9mdWt1b2thX3ByZWYvMjAyNC8yMDI0MDYwN18wMzMzMQo=,一般競争入札の公告（福岡県・長崎県財務会計システム等更新に係る 詳細設計・開発等業務委託契約）,福岡県,40,福岡県,,,2024-06-07T00:00:00+09:00,2024,役務,,https://www.pref.fukuoka.lg.jp/bid-info/zaimukaikeikaihatsu.html,1.1.0-candidate2,True,True,False,system_development,1,True,False,False,False,False,False,False,False,False,False,False,23,2024-06-07T19:05:20+09:00,html,,,,,,,,1,"[{""name"":""入札説明書 [PDFファイル／414KB]"",""uri"":""https://www.pref.fukuoka.lg.jp/uploaded/attachment/223926.pdf""}]"
b3Nha2EvbWlub2hfY2l0eS8yMDI0LzIwMjQwNjEwXzAwMTM4Cg==,介護保険・障害福祉サービス指定事業者等管理システム（権限移譲対応版）導入業務委託に係る総合評価落札方式による一般競争入札の実施について,大阪府箕面市,27,大阪府,272205,箕面市,2024-06-10T00:00:00+09:00,2024,役務,,https://www.city.minoh.lg.jp/kouikifukusi/06keiyaku.html,1.1.0-candidate2,True,True,False,system_development,1,True,False,False,False,False,False,False,False,False,False,False,13,2025-10-21T19:09:40+09:00,html,,,,,,,,1,"[{""name"":""入札説明書（PDF：158KB）"",""uri"":""https://www.city.minoh.lg.jp/kouikifukusi/documents/setumeisyo.pdf""}]"
aG9ra2FpZG8vcG9saWNlX2hva2thaWRvX2thaWtlaS8yMDI0LzIwMjQwNjE0XzAwNzA0Cg==,北海道警察情報管理システム給与管理業務等の改修業務委託契約,国家公安委員会（警察庁）北海道警察本部会計課,01,北海道,011002,札幌市,2024-06-14T00:00:00+09:00,2024,役務,一般競争入札,https://www.police.pref.hokkaido.lg.jp/info/soumu/kaikei/dat/2024-07/2024-0726-hokkaido-jouhoukanrisisutemu/01.pdf,1.1.0-candidate2,True,True,False,system_development,1,True,False,False,False,False,False,False,False,False,False,False,31,2024-06-14T20:21:50+09:00,pdf,83869.0,,,,,,,1,"[{""name"":""入札説明書（PDF101KB）"",""uri"":""https://www.police.pref.hokkaido.lg.jp/info/soumu/kaikei/dat/2024-07/2024-0726-hokkaido-jouhoukanrisisutemu/02.pdf""}]"
Z292NS9yb2Z1a3UvMjAyNC8yMDI0MDYxOF8wMjAzMAo=,病院情報システム一式及び７年間のシステム保守業務委託（東北労災病院）,独立行政法人労働者健康安全機構,14,神奈川県,141305,川崎市,2024-06-18T00:00:00+09:00,2024,役務,,https://www.johas.go.jp/Portals/0/data0/jigyogaiyo/choutatsu/nyusatsu/0606/nyuusatsu060618.pdf,1.1.0-candidate2,True,True,False,operations_maintenance,1,False,False,False,True,False,False,False,False,False,False,False,2,2024-06-18T00:00:00+09:00,pdf,151486.0,,,,,,,0,[]
b3Nha2EvbWlub2hfY2l0eS8yMDI0LzIwMjQwNjI2XzAwMTMwCg==,箕面市立児童発達支援センター診療所電子カルテシステム導入等業務委託にかかる総合評価落札方式による一般競争入札の実施について,大阪府箕面市,27,大阪府,272205,箕面市,2024-06-26T00:00:00+09:00,2024,役務,,https://www.city.minoh.lg.jp/hokenfukushi_c/nyuusatu/kartesystem.html,1.1.0-candidate2,True,True,False,system_development,1,True,False,False,False,False,False,False,False,False,False,False,2,2025-10-21T19:09:27+09:00,html,,,,,,,,4,"[{""name"":""入札説明書（PDF：188KB）"",""uri"":""https://www.city.minoh.lg.jp/hokenfukushi_c/nyuusatu/documents/setsumeisho.pdf""},{""name"":""【資料1】委託仕様書（導入業務）（PDF：186KB）"",""uri"":""https://www.city.minoh.lg.jp/hokenfukushi_c/nyuusatu/documents/siryou01_shiyou1.pdf""},{""name"":""【資料2】委託仕様書（保守業務）（PDF：144KB）"",""uri"":""https://www.city.minoh.lg.jp/hokenfukushi_c/nyuusatu/documents/siryou02_shiyou2.pdf""},{""name"":""【資料6】個人情報の取扱いに関する特記仕様書（PDF：237KB）"",""uri"":""https://www.city.minoh.lg.jp/hokenfukushi_c/nyuusatu/documents/siryou06_kojinjouhou.pdf""}]"
Z292NC9tb2RfbmFpa3lva3UvMjAyNC8yMDI0MDYyN18wNDQyMwo=,人事・給与情報システムヘルプデスク業務役務（０６要求）,防衛省自衛隊,13,東京都,131041,新宿区,2024-06-27T00:00:00+09:00,2024,役務,,https://www.mod.go.jp/j/budget/chotatsu/naikyoku/nyuusatu/2024/0627b.pdf,1.1.0-candidate2,True,True,False,operations_maintenance,1,False,False,False,True,False,False,False,False,False,False,False,13,2024-06-27T20:08:24+09:00,pdf,112325.0,,,,,,,0,[]
c2VhcmNoL3BfcG9ydGFsLzIwMjQvMDYvMjAyNDA2MjdfMzUwNDQK,人事・給与情報システム ヘルプデスク業務役務（０６要求）,防衛省,13,東京都,,,2024-06-27T00:00:00+09:00,2024,役務,一般競争入札,https://www.p-portal.go.jp/pps-web-biz/UAA01/OAA0101,1.1.0-candidate2,True,True,False,operations_maintenance,1,False,False,False,True,False,False,False,False,False,False,False,10,2024-06-28T19:48:39+09:00,html,,,,,,,,0,[]
ZnVrdW9rYS9reXVzaHVfZ2FuX2NlbnRlci8yMDI0LzIwMjQwNzAxXzAwMjQ0Cg==,ホームページリニューアル業務委託契約 一式,独立行政法人国立病院機構九州がんセンター,40,福岡県,401307,福岡市,2024-07-01T00:00:00+09:00,2024,役務,,https://kyushu-cc.hosp.go.jp/filebox/resources/1719798611_2024070101_nyusatsu.pdf,1.1.0-candidate2,True,True,False,software_applications,1,False,False,True,False,False,False,False,False,False,False,False,6,2025-01-31T19:23:39+09:00,pdf,135110.0,,,,,,,0,[]
dG9reW8vdG9reW9faXJ5b19jZW50ZXIvMjAyNC8yMDI0MDcwMV8wMDY5OAo=,病院情報システム一式及び7年間の保守業務委託（2024年7月1日～8月26日）（PDF：619KB),独立行政法人国立病院機構東京医療センター,13,東京都,131105,目黒区,2024-07-01T00:00:00+09:00,2024,役務,,https://tokyo-mc.hosp.go.jp/wp-content/uploads/2024/07/procure20240702.pdf,1.1.0-candidate2,True,True,False,operations_maintenance,1,False,False,False,True,False,False,False,False,False,False,False,102,2024-07-02T19:53:09+09:00,pdf,633584.0,,,,,,,0,[]
ZnVrdW9rYS9mdWt1b2thX3ByZWYvMjAyNC8yMDI0MDcwNV8wMzM1OAo=,一般競争入札の公告について（ネットワークアセスメント業務委託契約）,福岡県,40,福岡県,,,2024-07-05T00:00:00+09:00,2024,役務,,https://www.pref.fukuoka.lg.jp/bid-info/networkassessment.html,1.1.0-candidate2,True,True,False,network_infrastructure,1,False,False,False,False,False,False,True,False,False,False,False,4,2024-07-05T19:08:24+09:00,html,,,,,,,,0,[]
dG9reW8vaGlnYXNoaWt1cnVtZV9jaXR5LzIwMjQvMjAyNDA3MDVfMDAwMTEK,【公募終了・審査結果の公表】東久留米市図書館システム再構築業務委託に係るプロポーザルについて,東京都東久留米市,13,東京都,132225,東久留米市,2024-07-05T00:00:00+09:00,2024,役務,,https://www.city.higashikurume.lg.jp/_res/projects/default_project/_page_/001/024/249/toshokan_system_boshuyoryo.pdf,1.1.0-candidate2,True,True,False,system_development,1,True,False,False,False,False,False,False,False,False,False,False,84,2025-06-23T19:40:08+09:00,pdf,350894.0,,,,,,,2,"[{""name"":""東久留米市図書館システム再構築業務委託調達仕様書 （PDF 270.8KB）"",""uri"":""https://www.city.higashikurume.lg.jp/_res/projects/default_project/_page_/001/024/249/toshokan_system_chotatsushiyosho.pdf""},{""name"":""（別紙1～5） （PDF 4.1MB）"",""uri"":""https://www.city.higashikurume.lg.jp/_res/projects/default_project/_page_/001/024/249/besshi1-5.pdf""}]"
dG9reW8vbXVyYXlhbWFfaXJ5b19jZW50ZXIvMjAyNC8yMDI0MDcxMF8wMDM5OAo=,【入札公告】病院情報システム運用保守業務委託,独立行政法人国立病院機構村山医療センター,13,東京都,132233,武蔵村山市,2024-07-10T00:00:00+09:00,2024,役務,,https://www.murayama-hosp.jp/pdf/nyusatsu/20240710.pdf,1.1.0-candidate2,True,True,False,operations_maintenance,1,False,False,False,True,False,False,False,False,False,False,False,68,2024-07-16T19:53:34+09:00,pdf,593416.0,,,,,,,0,[]
Z292My9tb2QtZ3NkZi1zaWdzY2gvMjAyNC8yMDI0MDcxMV8wMDU2Mgo=,公告 移動ネットワークシステム（システム通信）に係る技術支援等役務 の一般競争入札について,防衛省陸上自衛隊久里浜駐屯地,14,神奈川県,142018,横須賀市,2024-07-11T00:00:00+09:00,2024,役務,一般競争入札,https://www.mod.go.jp/gsdf/sigsch/fin/reiwa6/b13kou.pdf,1.1.0-candidate2,True,True,False,network_infrastructure,1,False,False,False,False,False,False,True,False,False,False,False,12,2024-07-11T20:36:27+09:00,pdf,194963.0,,,,,,,1,"[{""name"":""仕様書"",""uri"":""https://www.mod.go.jp/gsdf/sigsch/fin/reiwa6/b13si.pdf""}]"
Z292My9tb2QtZ3NkZi1zaWdzY2gvMjAyNC8yMDI0MDcxMV8wMDU2Mwo=,公告 移動ネットワークシステム（戦闘指揮統制）に係る技術支援等役務 の一般競争入札について,防衛省陸上自衛隊久里浜駐屯地,14,神奈川県,142018,横須賀市,2024-07-11T00:00:00+09:00,2024,役務,一般競争入札,https://www.mod.go.jp/gsdf/sigsch/fin/reiwa6/b14kou.pdf,1.1.0-candidate2,True,True,False,network_infrastructure,1,False,False,False,False,False,False,True,False,False,False,False,11,2024-07-11T20:36:39+09:00,pdf,196756.0,,,,,,,1,"[{""name"":""仕様書"",""uri"":""https://www.mod.go.jp/gsdf/sigsch/fin/reiwa6/b14si.pdf""}]"
b3Nha2EvbWlub2hfY2l0eS8yMDI0LzIwMjQwNzEyXzAwMTI2Cg==,箕面市教育・保育等給付費管理システム導入等業務委託にかかる総合評価入札方式による一般競争入札の実施について,大阪府箕面市,27,大阪府,272205,箕面市,2024-07-12T00:00:00+09:00,2024,役務,,https://www.city.minoh.lg.jp/infancy/nyuusatu/kyuhu.html,1.1.0-candidate2,True,True,False,system_development,1,True,False,False,False,False,False,False,False,False,False,False,12,2025-10-21T19:09:21+09:00,html,,,,,,,,4,"[{""name"":""入札説明書（PDF：159KB）"",""uri"":""https://www.city.minoh.lg.jp/infancy/nyuusatu/documents/setumei.pdf""},{""name"":""(資料1)箕面市教育・保育等給付費管理システム導入業務委託仕様書（PDF：154KB）"",""uri"":""https://www.city.minoh.lg.jp/infancy/nyuusatu/documents/siryou1_shiyousyo1.pdf""},{""name"":""(資料2)箕面市教育・保育等給付費管理システム保守業務委託仕様書（PDF：102KB）"",""uri"":""https://www.city.minoh.lg.jp/infancy/nyuusatu/documents/siryou2_shiyousyo2.pdf""},{""name"":""(資料8)個人情報の取扱いに関する特記仕様書（PDF：238KB）"",""uri"":""https://www.city.minoh.lg.jp/infancy/nyuusatu/documents/siryou8_kojinjouhou.pdf""}]"
Z292My9tb2RfZ3NkZl9kY19jZmluLzIwMjQvMjAyNDA3MTlfMDA3MjIK,陸自業務システム（援護情報機能）保守等役務,防衛省陸上自衛隊中央会計隊,13,東京都,131041,新宿区,2024-07-19T00:00:00+09:00,2024,役務,,https://www.mod.go.jp/gsdf/dc/cfin/html/img/i015-R1.7.19.pdf,1.1.0-candidate2,True,True,False,operations_maintenance,1,False,False,False,True,False,False,False,False,False,False,False,38,2024-07-19T20:15:18+09:00,pdf,584367.0,,,,,,,0,[]
Z292NS90YWlzeW9rdWtpbi8yMDI0LzIwMjQwNzE5XzAwNzM5Cg==,中退共制度加入証明書発行における電子申請システム関連機器更改に伴う構築役務及び機材一式調達・保守業務 一式,独立行政法人勤労者退職金共済機構,13,東京都,131164,豊島区,2024-07-19T00:00:00+09:00,2024,役務,,https://www.taisyokukin.go.jp/supply/PDF/r6koukoku19.pdf,1.1.0-candidate2,True,True,False,system_development|operations_maintenance,2,True,False,False,True,False,False,False,False,False,False,False,31,2024-07-19T20:01:55+09:00,pdf,208354.0,,,,,,,0,[]
dG9reW8vaGlnYXNoaWt1cnVtZV9jaXR5LzIwMjQvMjAyNDA3MTlfMDAwMTAK,【公募終了・審査結果の公表】介護認定調査員支援システム導入業務委託に係る公募型プロポーザルについて,東京都東久留米市,13,東京都,132225,東久留米市,2024-07-19T00:00:00+09:00,2024,役務,,https://www.city.higashikurume.lg.jp/_res/projects/default_project/_page_/001/024/439/-1-jissiyouryou.pdf,1.1.0-candidate2,True,True,False,system_development,1,True,False,False,False,False,False,False,False,False,False,False,30,2025-06-23T19:36:34+09:00,pdf,201636.0,,,,,,,5,"[{""name"":""東久留米市介護認定調査員支援システム導入業務委託仕様書 （PDF 173.1KB）"",""uri"":""https://www.city.higashikurume.lg.jp/_res/projects/default_project/_page_/001/024/439/-2.1-itakusiyousyover2.pdf""},{""name"":""【仕様書別紙1】概況調査票 （PDF 113.7KB）"",""uri"":""https://www.city.higashikurume.lg.jp/_res/projects/default_project/_page_/001/024/439/-3-bessi1gaikyoutyousahyou.pdf""},{""name"":""【仕様書別紙2】特記事項 （PDF 176.8KB）"",""uri"":""https://www.city.higashikurume.lg.jp/_res/projects/default_project/_page_/001/024/439/-4-bessi2tokkijikou.pdf""},{""name"":""【仕様書別紙3】OCR用紙 （PDF 715.0KB）"",""uri"":""https://www.city.higashikurume.lg.jp/_res/projects/default_project/_page_/001/024/439/-5-bessi3ocryousi.pdf""},{""name"":""東久留米市介護認定調査員支援システム導入業務委託プロポーザル審査基準書 （PDF 64.8KB）"",""uri"":""https://www.city.higashikurume.lg.jp/_res/projects/default_project/_page_/001/024/439/-6-sinnsakijunnsyo.pdf""}]"
Z292My9tb2RfZGloLzIwMjQvMjAyNDA3MjJfMDA5NTQK,地理空間情報支援システム（ＧＥＯＳＳ４）用電算機へのデータ移行役務,防衛省情報本部,13,東京都,131041,新宿区,2024-07-22T00:00:00+09:00,2024,役務,,https://www.mod.go.jp/dih/6.7.22-114.pdf,1.1.0-candidate2,True,True,False,network_infrastructure|data_digital,2,False,False,False,False,False,False,True,False,True,False,False,29,2024-07-22T20:32:45+09:00,pdf,190104.0,,,,,,,0,[]
Z292My9uaG9faG9uYnUvMjAyNC8yMDI0MDczMF8wMDUwNAo=,病院情報システムの整備及び運用保守に係る調達仕様書作成支援業務委託（PDF：127KB）,独立行政法人国立病院機構,13,東京都,131105,目黒区,2024-07-30T00:00:00+09:00,2024,役務,,https://nho.hosp.go.jp/files/000217781.pdf,1.1.0-candidate2,True,True,False,operations_maintenance|it_consulting_planning,2,False,False,False,True,False,False,False,False,False,False,True,6,2024-07-30T20:33:56+09:00,pdf,129897.0,,,,,,,0,[]
Z292My9uaG9faG9uYnUvMjAyNC8yMDI0MDczMF8wMDUwNgo=,病院情報システムの整備及び運用保守に係る調達仕様書作成支援業務委託（PDF：138KB）,独立行政法人国立病院機構,13,東京都,131105,目黒区,2024-07-30T00:00:00+09:00,2024,役務,,https://nho.hosp.go.jp/files/000217793.pdf,1.1.0-candidate2,True,True,False,operations_maintenance|it_consulting_planning,2,False,False,False,True,False,False,False,False,False,False,True,5,2024-07-31T20:40:10+09:00,pdf,140841.0,,,,,,,0,[]
dG9reW8vc3VnaW5hbWlfY2l0eS8yMDI0LzIwMjQwNzMxXzAwMDQ2Cg==,杉並区産MaaS（マース）システム構築等業務委託事業者選定公募型プロポーザル,東京都杉並区,13,東京都,131156,杉並区,2024-07-31T00:00:00+09:00,2024,役務,,https://www.city.suginami.tokyo.jp/documents/8331/jisshiyouryou.pdf,1.1.0-candidate2,True,True,False,system_development,1,True,False,False,False,False,False,False,False,False,False,False,1,2026-04-16T19:11:06+09:00,pdf,359044.0,,,,,,,0,[]
b3Nha2Evb3Nha2FfY2l0eS8yMDI0LzIwMjQwODE5XzAwNzYwCg==,申請管理システム構築及び運用保守業務委託,大阪府大阪市,27,大阪府,271004,大阪市,2024-08-19T00:00:00+09:00,2024,役務,,https://www.city.osaka.lg.jp/templates/buppin_nyusatsuanken/cmsfiles/contents/0000633/633593/00_kokuji.pdf,1.1.0-candidate2,True,True,False,system_development|operations_maintenance,2,True,False,False,True,False,False,False,False,False,False,False,7,2024-08-19T19:36:44+09:00,pdf,17920.0,,,,,,,6,"[{""name"":""01_資料1 入札説明書(DOCX形式, 49KB)"",""uri"":""https://www.city.osaka.lg.jp/templates/buppin_nyusatsuanken/cmsfiles/contents/0000633/633593/01_setumei.docx""},{""name"":""01_資料1 入札説明書(PDF形式, 364KB)"",""uri"":""https://www.city.osaka.lg.jp/templates/buppin_nyusatsuanken/cmsfiles/contents/0000633/633593/01_setumei.pdf""},{""name"":""02_資料2 業務委託仕様書案(DOCX形式, 240KB)"",""uri"":""https://www.city.osaka.lg.jp/templates/buppin_nyusatsuanken/cmsfiles/contents/0000633/633593/02_siyo.docx""},{""name"":""02_資料2 業務委託仕様書案(PDF形式, 1.20MB)"",""uri"":""https://www.city.osaka.lg.jp/templates/buppin_nyusatsuanken/cmsfiles/contents/0000633/633593/02_siyo.pdf""},{""name"":""03_資料2別紙 業務委託仕様書別紙1_機能要件一覧(XLSX形式, 48KB)"",""uri"":""https://www.city.osaka.lg.jp/templates/buppin_nyusatsuanken/cmsfiles/contents/0000633/633593/03_siyo2.xlsx""},{""name"":""03_資料2別紙 業務委託仕様書別紙1_機能要件一覧(PDF形式, 455KB)"",""uri"":""https://www.city.osaka.lg.jp/templates/buppin_nyusatsuanken/cmsfiles/contents/0000633/633593/03_siyo2.pdf""}]"
dG9reW8vc2FpZ2FpX2lyeW9fY2VudGVyLzIwMjQvMjAyNDA4MjZfMDA0MTEK,病院情報システム一式及び保守業務委託(R6.8.26),独立行政法人国立病院機構災害医療センター,13,東京都,132021,立川市,2024-08-26T00:00:00+09:00,2024,役務,,https://saigai.hosp.go.jp/medical2/traders/bid_20240826.pdf,1.1.0-candidate2,True,True,False,operations_maintenance,1,False,False,False,True,False,False,False,False,False,False,False,18,2024-08-26T19:52:14+09:00,pdf,538311.0,,,,,,,0,[]
Z292My9uaG9faG9uYnUvMjAyNC8yMDI0MDkwOV8wMDUxNAo=,スマートフォン・クラウドＰＢＸ導入支援業務委託（PDF：149KB）,独立行政法人国立病院機構,13,東京都,131105,目黒区,2024-09-09T00:00:00+09:00,2024,役務,,https://nho.hosp.go.jp/files/000219935.pdf,1.1.0-candidate2,True,True,False,cloud,1,False,False,False,False,True,False,False,False,False,False,False,65,2024-09-09T20:32:08+09:00,pdf,152252.0,,,,,,,0,[]
dG9reW8vdGl0ZWNoX2FjLzIwMjQvMjAyNDA5MTFfMDA0MjAK,学修管理システム（LMS）構築 一式,国立大学法人東京工業大学,13,東京都,131105,目黒区,2024-09-11T00:00:00+09:00,2024,役務,,http://www.zaimu.titech.ac.jp/keiyaku/kanren/koukoku/wpsys/wp-content/uploads/%E5%AD%A6%E4%BF%AE%E7%AE%A1%E7%90%86%E3%82%B7%E3%82%B9%E3%83%86%E3%83%A0%EF%BC%88LMS%EF%BC%89%E6%A7%8B%E7%AF%89-%E4%B8%80%E5%BC%8F_R6.9.11_R6.10.9-1.pdf,1.1.0-candidate2,True,True,False,system_development,1,True,False,False,False,False,False,False,False,False,False,False,60,2024-09-11T19:41:13+09:00,pdf,115487.0,,,,,,,0,[]
Z292My9tb2RfZ3NkZl9lYWVfZWFmaW4vMjAyNC8yMDI0MDkxM18xNTU4Nwo=,ＩＰ無線機借上役務,防衛省陸上自衛隊東部方面会計隊,13,東京都,131041,新宿区,2024-09-13T00:00:00+09:00,2024,役務,,https://www.mod.go.jp/gsdf/eae/kaikei/eafin/R4koukoku/20240924-GYOU-0830.pdf,1.1.0-candidate2,True,True,False,network_infrastructure,1,False,False,False,False,False,False,True,False,False,False,False,41,2024-09-13T20:01:24+09:00,pdf,571584.0,,,,,,,0,[]
Z292My9tb2RfZ3NkZl9lYWVfZWFmaW4vMjAyNC8yMDI0MDkxOV8xNTYyNwo=,ＡＩ及びシミュレーションによる活性化合物の算出役務,防衛省陸上自衛隊東部方面会計隊,13,東京都,131041,新宿区,2024-09-19T00:00:00+09:00,2024,役務,,https://www.mod.go.jp/gsdf/eae/kaikei/eafin/R4koukoku/20241003-338B-1310.pdf,1.1.0-candidate2,True,False,True,artificial_intelligence,1,False,False,False,False,False,False,False,False,False,True,False,28,2024-09-19T19:58:39+09:00,pdf,173906.0,,,,,,,0,[]
Z292Ni9rYWlob19tbGl0XzA0a2Fua3UvMjAyNC8yMDI0MDkyNV8wMDMzMQo=,整備028：名古屋（船）支援情報管理装置システム改修（整備）,海上保安庁第四管区海上保安本部,23,愛知県,231002,名古屋市,2024-09-25T00:00:00+09:00,2024,役務,,https://www.kaiho.mlit.go.jp/04kanku/nyusatsu/fd70d0682892a595cc7d75befad5d840a8efb3e0.pdf,1.1.0-candidate2,True,True,False,system_development,1,True,False,False,False,False,False,False,False,False,False,False,2,2024-09-25T19:20:13+09:00,pdf,188434.0,C D,,,,,,2,"[{""name"":""説明書"",""uri"":""https://www.kaiho.mlit.go.jp/04kanku/nyusatsu/1afd05e5ccc4b300afdfa2f23a4aff20261b3468.pdf""},{""name"":""仕様書"",""uri"":""https://www.kaiho.mlit.go.jp/04kanku/nyusatsu/67df164d6716db1317e49863511a1bf03b9d14e9.zip""}]"
dG9reW8va2VpZGFpLzIwMjQvMjAyNDEwMDNfMDA1OTAK,車載ネットワークからのデータ取得役務（形式：71KB）,国家公安委員会（警察庁）警察大学校,13,東京都,132063,府中市,2024-10-03T00:00:00+09:00,2024,役務,,https://www.npa.go.jp/keidai/resources/kobo/tyotatsu/2024/R6-16.pdf,1.1.0-candidate2,True,True,False,network_infrastructure,1,False,False,False,False,False,False,True,False,False,False,False,131,2024-10-03T19:25:32+09:00,pdf,72796.0,,,,,,,0,[]
dG9reW8vdWl0ZWNfamVlZC8yMDI0LzIwMjQxMDA3XzAwMzE0Cg==,令和６年１０月７日 「GX、DX訓練の推進のためのBIM教材及び訓練技法の開発」に係る設計業務並びに教材作成に関する委託業務（職業大）,独立行政法人高齢・障害・求職者雇用支援機構職業能力開発総合大学校,13,東京都,132110,小平市,2024-10-07T00:00:00+09:00,2024,役務,,https://www.uitec.jeed.go.jp/topics/tender/ka7cok0000005u3v-att/1007-03.pdf,1.1.0-candidate2,True,False,True,data_digital,1,False,False,False,False,False,False,False,False,True,False,False,122,2024-10-07T00:00:00+09:00,pdf,179985.0,,,,,,,0,[]
Z292My9tb2QtZ3NkZi1zaWdzY2gvMjAyNC8yMDI0MTAwOF8wMDU4Mwo=,公告 野外指揮・野外システム一体化故障診断役務 の一般競争入札について,防衛省陸上自衛隊久里浜駐屯地,14,神奈川県,142018,横須賀市,2024-10-08T00:00:00+09:00,2024,役務,一般競争入札,https://www.mod.go.jp/gsdf/sigsch/fin/reiwa6/b22kou.pdf,1.1.0-candidate2,True,True,False,operations_maintenance,1,False,False,False,True,False,False,False,False,False,False,False,13,2024-10-08T20:32:29+09:00,pdf,183999.0,,,,,,,1,"[{""name"":""仕様書"",""uri"":""https://www.mod.go.jp/gsdf/sigsch/fin/reiwa6/b22si.pdf""}]"
ZnVrdW9rYS9jaXR5LWt1cnVtZS8yMDI0LzIwMjQxMDExXzAzODIwCg==,久留米市数値地形図等修正業務委託,福岡県久留米市,40,福岡県,402036,久留米市,2024-10-11T00:00:00+09:00,2024,役務,,https://www.city.kurume.fukuoka.jp/1090sangyou/2010nyuusatsu/3030koukoku/4010nyuusatsu/files/20241024-2.pdf,1.1.0-candidate2,True,False,True,data_digital,1,False,False,False,False,False,False,False,False,True,False,False,20,2024-10-11T00:00:00+09:00,pdf,129886.0,,,,,,,0,[]
b3Nha2Evb3Nha2Ffcm9zYWlfaG9zcGl0YWwvMjAyNC8yMDI0MTAxOF8wMDU4MAo=,病院情報システムおよび院内ネットワーク管理運営業務委託（-11/20）（PDF：194KB）,独立行政法人労働者健康安全機構大阪労災病院,27,大阪府,271403,堺市,2024-10-18T00:00:00+09:00,2024,役務,,https://www.osakah.johas.go.jp/osaka_rosai/wp-content/uploads/2024/10/%E5%85%A5%E6%9C%AD%E5%85%AC%E5%91%8A%E7%97%85%E9%99%A2%E6%83%85%E5%A0%B1%E3%82%B7%E3%82%B9%E3%83%86%E3%83%A0-1.pdf,1.1.0-candidate2,True,True,False,network_infrastructure,1,False,False,False,False,False,False,True,False,False,False,False,9,2024-10-18T19:41:21+09:00,pdf,198940.0,,,,,,,0,[]
Z292My9tb2QtZ3NkZi1zaWdzY2gvMjAyNC8yMDI0MTAyNF8wMDU4Ngo=,変更公告 野外指揮・野外システム一体化故障診断役務 の一般競争入札について,防衛省陸上自衛隊久里浜駐屯地,14,神奈川県,142018,横須賀市,2024-10-24T00:00:00+09:00,2024,役務,一般競争入札,https://www.mod.go.jp/gsdf/sigsch/fin/reiwa6/b22-2kou.pdf,1.1.0-candidate2,True,True,False,operations_maintenance,1,False,False,False,True,False,False,False,False,False,False,False,3,2024-10-24T20:17:10+09:00,pdf,85781.0,,,,,,,2,"[{""name"":""公告 野外指揮・野外システム一体化故障診断役務 の一般競争入札について"",""uri"":""https://www.mod.go.jp/gsdf/sigsch/fin/reiwa6/b22kou.pdf""},{""name"":""仕様書（変更後）"",""uri"":""https://www.mod.go.jp/gsdf/sigsch/fin/reiwa6/b22-2si.pdf""}]"
Z292NS9uaG9fa2FudG9zaGluZXRzdS8yMDI0LzIwMjQxMTE5XzAwMDIwCg==,ホームページリニューアル業務委託,独立行政法人国立病院機構関東信越グループ,13,東京都,131105,目黒区,2024-11-19T00:00:00+09:00,2024,役務,,https://kanshin.hosp.go.jp/doc/group/hp_renewal_itaku.pdf,1.1.0-candidate2,True,True,False,software_applications,1,False,False,True,False,False,False,False,False,False,False,False,70,2025-08-26T19:05:56+09:00,pdf,92978.0,,,,,,,0,[]
b3Nha2Evb3Nha2FfY2l0eS8yMDI0LzIwMjQxMTE5XzAwNzgwCg==,下水道総合情報システムサービス提供業務委託,大阪府大阪市,27,大阪府,271004,大阪市,2024-11-19T00:00:00+09:00,2024,役務,,https://www.city.osaka.lg.jp/templates/buppin_nyusatsuanken/cmsfiles/contents/0000638/638264/00-1_koukokubun.pdf,1.1.0-candidate2,True,True,False,system_services,1,False,True,False,False,False,False,False,False,False,False,False,8,2024-11-19T19:37:18+09:00,pdf,17920.0,,,,,,,3,"[{""name"":""01_資料1 入札説明書(PDF形式, 323KB)"",""uri"":""https://www.city.osaka.lg.jp/templates/buppin_nyusatsuanken/cmsfiles/contents/0000638/638264/01_nyusatsusetumeisyo.pdf""},{""name"":""01_資料1 入札説明書(DOCX形式, 52KB)"",""uri"":""https://www.city.osaka.lg.jp/templates/buppin_nyusatsuanken/cmsfiles/contents/0000638/638264/01_nyusatsusetumeisyo.docx""},{""name"":""02_資料2 調達仕様書(PDF形式, 8.63MB)"",""uri"":""https://www.city.osaka.lg.jp/templates/buppin_nyusatsuanken/cmsfiles/contents/0000638/638264/02_shiryou2.pdf""}]"
dG9reW8va2VpZGFpLzIwMjQvMjAyNDExMTlfMDA1OTUK,車載ネットワークからのデータ取得役務（形式：72KB）,国家公安委員会（警察庁）警察大学校,13,東京都,132063,府中市,2024-11-19T00:00:00+09:00,2024,役務,,https://www.npa.go.jp/keidai/resources/kobo/tyotatsu/2024/R6-20.pdf,1.1.0-candidate2,True,True,False,network_infrastructure,1,False,False,False,False,False,False,True,False,False,False,False,69,2024-11-19T19:19:33+09:00,pdf,74031.0,,,,,,,0,[]
Z292NS9haXN0X3VuaXQvMjAyNC8yMDI0MTEyMF8wNzIwMwo=,大規模量子計算機クラウドサービスの利用 一式,国立研究開発法人産業技術総合研究所,13,東京都,131016,千代田区,2024-11-20T00:00:00+09:00,2024,役務,,https://www.aist.go.jp/aist_j/procure/supplyinfo/pub/detail/OU69VMTM,1.1.0-candidate2,True,True,False,cloud,1,False,False,False,False,True,False,False,False,False,False,False,61,2024-12-26T19:05:22+09:00,html,,,,,,,,0,[]
Z292NS9haXN0X3VuaXQvMjAyNC8yMDI0MTEyMV8wNzIwMgo=,イントラ業務システム等運用・管理支援業務 一式,国立研究開発法人産業技術総合研究所,13,東京都,131016,千代田区,2024-11-21T00:00:00+09:00,2024,役務,,https://www.aist.go.jp/aist_j/procure/supplyinfo/pub/detail/JF2HXGV2,1.1.0-candidate2,True,True,False,operations_maintenance,1,False,False,False,True,False,False,False,False,False,False,False,47,2024-12-26T19:05:21+09:00,html,,,,,,,,0,[]
Z292MTAvbmVkb19nby8yMDI0LzIwMjQxMTIyXzAwMDA3Cg==,クラウド型電子署名サービス提供業務,国立研究開発法人新エネルギー・産業技術総合開発機構,14,神奈川県,141305,川崎市,2024-11-22T00:00:00+09:00,2024,役務,一般競争入札,https://www.nedo.go.jp/content/800016721.pdf,1.1.0-candidate2,True,True,False,cloud,1,False,False,False,False,True,False,False,False,False,False,False,9,2024-12-19T19:43:46+09:00,pdf,199228.0,A B C,,,,,,1,"[{""name"":""仕様書（213KB）"",""uri"":""https://www.nedo.go.jp/content/800016722.pdf""}]"
dG9reW8vdG9reW9faXJ5b19jZW50ZXIvMjAyNC8yMDI0MTEyMl8wMDcyOAo=,病院情報システム等運用保守業務委託 一式（2024年11月22日～12月10日）（PDF：103KB),独立行政法人国立病院機構東京医療センター,13,東京都,131105,目黒区,2024-11-22T00:00:00+09:00,2024,役務,,https://tokyo-mc.hosp.go.jp/wp-content/uploads/2024/11/procure20241122.pdf,1.1.0-candidate2,True,True,False,operations_maintenance,1,False,False,False,True,False,False,False,False,False,False,False,41,2024-11-22T19:57:29+09:00,pdf,105321.0,,,,,,,0,[]
Z292NS9haXN0X3VuaXQvMjAyNC8yMDI0MTEyNl8wNzIwMAo=,量子計算機クラウドサービスの利用 一式,国立研究開発法人産業技術総合研究所,13,東京都,131016,千代田区,2024-11-26T00:00:00+09:00,2024,役務,,https://www.aist.go.jp/aist_j/procure/supplyinfo/pub/detail/IAA76REF,1.1.0-candidate2,True,True,False,cloud,1,False,False,False,False,True,False,False,False,False,False,False,32,2024-12-26T19:05:21+09:00,html,,,,,,,,0,[]
Z292NS9haXN0X3VuaXQvMjAyNC8yMDI0MTEyOF8wNzE5OAo=,SalesforceおよびBox導入システムにおけるライセンスの提供およびマルチベンダー開発支援業務 一式,国立研究開発法人産業技術総合研究所,13,東京都,131016,千代田区,2024-11-28T00:00:00+09:00,2024,役務,,https://www.aist.go.jp/aist_j/procure/supplyinfo/pub/detail/89KVKYSW,1.1.0-candidate2,True,True,False,system_development|system_services,2,True,True,False,False,False,False,False,False,False,False,False,14,2024-12-26T19:05:19+09:00,html,,,,,,,,0,[]
Z292NC9tb2RfbmFpa3lva3UvMjAyNC8yMDI0MTEyOV8wNDUyOAo=,IC身分証管理システム等の運用支援役務,防衛省自衛隊,13,東京都,131041,新宿区,2024-11-29T00:00:00+09:00,2024,役務,,https://www.mod.go.jp/j/budget/chotatsu/naikyoku/nyuusatu/2024/1129e.pdf,1.1.0-candidate2,True,True,False,operations_maintenance,1,False,False,False,True,False,False,False,False,False,False,False,4,2024-11-29T19:56:07+09:00,pdf,433675.0,,,,,,,0,[]
dG9reW8vbmliaW9obl9nby8yMDI0LzIwMjQxMTI5XzAwMTUyCg==,（一般競争入札公告）新規調達サーバへの管理ソフトウェア移行業務委託一式,国立研究開発法人医薬基盤・健康・栄養研究所国立健康・栄養研究所,13,東京都,131041,新宿区,2024-11-29T00:00:00+09:00,2024,役務,一般競争入札,https://www.nibn.go.jp/procurement/2024/2024-1129-0911-65.html,1.1.0-candidate2,True,True,False,software_applications|network_infrastructure,2,False,False,True,False,False,False,True,False,False,False,False,3,2025-04-10T20:07:12+09:00,html,,,,,,,,1,"[{""name"":""入札説明書（PDF：1368KB）"",""uri"":""https://www.nibn.go.jp/procurement/2024/documents/01kanrisoftnyusatsuetumei.pdf""}]"
Z292NC9tb2RfbmFpa3lva3UvMjAyNC8yMDI0MTIwMl8wNDUzMQo=,ＡＳＥＡＮへのサイバーセキュリティ分野教育要員に対する教材等作成役務,防衛省自衛隊,13,東京都,131041,新宿区,2024-12-02T00:00:00+09:00,2024,役務,,https://www.mod.go.jp/j/budget/chotatsu/naikyoku/nyuusatu/2024/1202b.pdf,1.1.0-candidate2,True,True,False,cybersecurity,1,False,False,False,False,False,True,False,False,False,False,False,158,2024-12-02T19:57:20+09:00,pdf,388503.0,,,,,,,0,[]
dG9reW8vdGl0ZWNoX2FjLzIwMjQvMjAyNDEyMDJfMDA0OTUK,キャンパスネットワーク運用・管理業務 一式,国立大学法人東京工業大学,13,東京都,131105,目黒区,2024-12-02T00:00:00+09:00,2024,役務,,http://www.zaimu.titech.ac.jp/keiyaku/kanren/koukoku/wpsys/wp-content/uploads/%E3%82%AD%E3%83%A3%E3%83%B3%E3%83%91%E3%82%B9%E3%83%8D%E3%83%83%E3%83%88%E3%83%AF%E3%83%BC%E3%82%AF%E9%81%8B%E7%94%A8%E3%83%BB%E7%AE%A1%E7%90%86%E6%A5%AD%E5%8B%99%20%E4%B8%80%E5%BC%8F_R6.12.2-R7.2.14.pdf,1.1.0-candidate2,True,True,False,network_infrastructure,1,False,False,False,False,False,False,True,False,False,False,False,157,2024-12-02T19:46:46+09:00,pdf,14962.0,,,,,,,0,[]
dG9reW8vdGl0ZWNoX2FjLzIwMjQvMjAyNDEyMDJfMDA0OTYK,キャンパス有線ネットワークシステム保守業務 一式,国立大学法人東京工業大学,13,東京都,131105,目黒区,2024-12-02T00:00:00+09:00,2024,役務,,http://www.zaimu.titech.ac.jp/keiyaku/kanren/koukoku/wpsys/wp-content/uploads/%E3%82%AD%E3%83%A3%E3%83%B3%E3%83%91%E3%82%B9%E6%9C%89%E7%B7%9A%E3%83%8D%E3%83%83%E3%83%88%E3%83%AF%E3%83%BC%E3%82%AF%E3%82%B7%E3%82%B9%E3%83%86%E3%83%A0%E4%BF%9D%E5%AE%88%E6%A5%AD%E5%8B%99%20%E4%B8%80%E5%BC%8F_R6.12.2-R7.2.14.pdf,1.1.0-candidate2,True,True,False,operations_maintenance|network_infrastructure,2,False,False,False,True,False,False,True,False,False,False,False,156,2024-12-02T19:46:46+09:00,pdf,14962.0,,,,,,,0,[]
Z292NS9haXN0X3VuaXQvMjAyNC8yMDI0MTIwM18wNzE5NQo=,北陸デジタルものづくりセンター向けストレージシステムの保守・運用業務,国立研究開発法人産業技術総合研究所,13,東京都,131016,千代田区,2024-12-03T00:00:00+09:00,2024,役務,,https://www.aist.go.jp/aist_j/procure/supplyinfo/pub/detail/TY7FWIEJ,1.1.0-candidate2,True,True,False,operations_maintenance,1,False,False,False,True,False,False,False,False,False,False,False,149,2024-12-26T19:05:17+09:00,html,,,,,,,,0,[]
Z292NS9haXN0X3VuaXQvMjAyNC8yMDI0MTIwM18wNzE5Nwo=,旅費・経費精算用クラウドサービスSpendiaの提供,国立研究開発法人産業技術総合研究所,13,東京都,131016,千代田区,2024-12-03T00:00:00+09:00,2024,役務,,https://www.aist.go.jp/aist_j/procure/supplyinfo/pub/detail/V2DTRFIX,1.1.0-candidate2,True,True,False,cloud,1,False,False,False,False,True,False,False,False,False,False,False,150,2024-12-26T19:05:19+09:00,html,,,,,,,,0,[]
Z292My9tb2RfZ3NkZl9lYWVfZWFmaW4vMjAyNC8yMDI0MTIwNF8xNjQ3OQo=,小型無人機対処器材ソフトウェアの更新役務,防衛省陸上自衛隊東部方面会計隊,13,東京都,131041,新宿区,2024-12-04T00:00:00+09:00,2024,役務,,https://www.mod.go.jp/gsdf/eae/kaikei/eafin/R4koukoku/20241216-GYOU-0510.pdf,1.1.0-candidate2,True,True,False,software_applications,1,False,False,True,False,False,False,False,False,False,False,False,142,2024-12-04T19:58:53+09:00,pdf,214675.0,,,,,,,0,[]
Z292My9tb2RfaWdvLzIwMjQvMjAyNDEyMDZfMDAwMDgK,（再）防衛監察本部システムの運用支援役務,防衛省防衛監察本部,13,東京都,131041,新宿区,2024-12-06T00:00:00+09:00,2024,役務,,https://www.mod.go.jp/igo/procurement/pdf/koukoku_20241206_sai_dennshi.pdf,1.1.0-candidate2,True,True,False,operations_maintenance,1,False,False,False,True,False,False,False,False,False,False,False,128,2024-12-06T20:10:08+09:00,pdf,702842.0,,,,,,,0,[]
Z292NC9tb2RfbmFpa3lva3UvMjAyNC8yMDI0MTIwNl8wNDUzNAo=,防衛省におけるサイバーセキュリティ及び情報保証業務に関する事業推進のための技術支援役務,防衛省自衛隊,13,東京都,131041,新宿区,2024-12-06T00:00:00+09:00,2024,役務,,https://www.mod.go.jp/j/budget/chotatsu/naikyoku/nyuusatu/2024/1206a.pdf,1.1.0-candidate2,True,True,False,cybersecurity,1,False,False,False,False,False,True,False,False,False,False,False,127,2024-12-06T19:57:14+09:00,pdf,696983.0,,,,,,,0,[]
dG9reW8vdG9reW9faXJ5b19jZW50ZXIvMjAyNC8yMDI0MTIwNl8wMDczNwo=,手術部門システム保守業務委託一式（2024年12月6日～12月24日）（PDF：102KB),独立行政法人国立病院機構東京医療センター,13,東京都,131105,目黒区,2024-12-06T00:00:00+09:00,2024,役務,,https://tokyo-mc.hosp.go.jp/wp-content/uploads/2024/12/procure20241206.pdf,1.1.0-candidate2,True,True,False,operations_maintenance,1,False,False,False,True,False,False,False,False,False,False,False,122,2024-12-06T19:50:49+09:00,pdf,103629.0,,,,,,,0,[]
dG9reW8vbmliaW9obl9nby8yMDI0LzIwMjQxMjA5XzAwMTM3Cg==,（一般競争入札公告）耐性予測アプリケーションのプロトタイプ開発委託業務一式,国立研究開発法人医薬基盤・健康・栄養研究所国立健康・栄養研究所,13,東京都,131041,新宿区,2024-12-09T00:00:00+09:00,2024,役務,一般競争入札,https://www.nibn.go.jp/procurement/2024/2024-1206-1445-65.html,1.1.0-candidate2,True,True,False,software_applications,1,False,False,True,False,False,False,False,False,False,False,False,116,2025-04-10T20:06:50+09:00,html,,,,,,,,1,"[{""name"":""入札説明書"",""uri"":""https://www.nibn.go.jp/procurement/2024/documents/proto-setsumeisyo2.pdf""}]"
Z292My9tb2RfZ3NkZl9kY19jZmluLzIwMjQvMjAyNDEyMTFfMDA5NDAK,陸自クローズ系クラウド基盤（模擬環境）に対する環境構築役務,防衛省陸上自衛隊中央会計隊,13,東京都,131041,新宿区,2024-12-11T00:00:00+09:00,2024,役務,,https://www.mod.go.jp/gsdf/dc/cfin/html/img/file296.pdf,1.1.0-candidate2,True,True,False,cloud,1,False,False,False,False,True,False,False,False,False,False,False,107,2024-12-11T20:08:11+09:00,pdf,418811.0,,,,,,,0,[]
Z292My9tb2QtZ3NkZi1zaWdzY2gvMjAyNC8yMDI0MTIxMl8wMDYxNAo=,公告 移動ネットワークシステム（システム通信）（その２）に係る技術支援等役務 の一般競争入札について,防衛省陸上自衛隊久里浜駐屯地,14,神奈川県,142018,横須賀市,2024-12-12T00:00:00+09:00,2024,役務,一般競争入札,https://www.mod.go.jp/gsdf/sigsch/fin/reiwa6/b36kou.pdf,1.1.0-candidate2,True,True,False,network_infrastructure,1,False,False,False,False,False,False,True,False,False,False,False,38,2024-12-12T20:50:36+09:00,pdf,187162.0,,,,,,,1,"[{""name"":""仕様書"",""uri"":""https://www.mod.go.jp/gsdf/sigsch/fin/reiwa6/b36si.pdf""}]"
dG9reW8vbmliaW9obl9nby8yMDI0LzIwMjQxMjEzXzAwMTMzCg==,（一般競争入札公告）AI 病理診断結果に対する病理評価委託業務一式,国立研究開発法人医薬基盤・健康・栄養研究所国立健康・栄養研究所,13,東京都,131041,新宿区,2024-12-13T00:00:00+09:00,2024,役務,一般競争入札,https://www.nibn.go.jp/procurement/2024/2024-1213-AI_byouri.html,1.1.0-candidate2,True,False,True,artificial_intelligence,1,False,False,False,False,False,False,False,False,False,True,False,77,2025-04-10T20:06:41+09:00,html,,,,,,,,1,"[{""name"":""入札説明書.pdf"",""uri"":""https://www.nibn.go.jp/procurement/2024/documents/02_setumei_AIbyouri.pdf""}]"
b3Nha2EvbWlub2hfY2l0eS8yMDI0LzIwMjQxMjE3XzAwMTAzCg==,R6年度箕面市行政情報ネットワーク機器等調達設置業務委託及びR6年度箕面市行政情報ネットワーク機器等保守業務委託にかかる一般競争入札の実施について,大阪府箕面市,27,大阪府,272205,箕面市,2024-12-17T00:00:00+09:00,2024,役務,,https://www.city.minoh.lg.jp/keiyaku/ippannkyousounyuusatu/documents/r6gyouseijouhounettowa-kukiki.html,1.1.0-candidate2,True,True,False,network_infrastructure,1,False,False,False,False,False,False,True,False,False,False,False,20,2025-10-21T19:08:28+09:00,html,,,,,,,,3,"[{""name"":""入札説明書（PDF：138KB）"",""uri"":""https://www.city.minoh.lg.jp/keiyaku/ippannkyousounyuusatu/documents/documents/r6gyouseijouhounettowa-kukikisyuusatusetumeisyo.pdf""},{""name"":""調達仕様書（R6年度箕面市行政情報ネットワーク機器等調達設置業務委託）（PDF：126KB）"",""uri"":""https://www.city.minoh.lg.jp/keiyaku/ippannkyousounyuusatu/documents/documents/r6gyouseijouhounettowa-kukikityoutatusiyousyo.pdf""},{""name"":""保守仕様書（R6年度箕面市行政情報ネットワーク機器等保守業務委託）（PDF：105KB）"",""uri"":""https://www.city.minoh.lg.jp/keiyaku/ippannkyousounyuusatu/documents/documents/r6gyouseijouhounettowa-kukikihosyusiyousyo.pdf""}]"
Z292NS9haXN0X3VuaXQvMjAyNC8yMDI0MTIxOF8wNzE4Nwo=,セキュリティログストレージシステム保守 一式,国立研究開発法人産業技術総合研究所,13,東京都,131016,千代田区,2024-12-18T00:00:00+09:00,2024,役務,,https://www.aist.go.jp/aist_j/procure/supplyinfo/pub/detail/OHFVEA0A,1.1.0-candidate2,True,True,False,operations_maintenance,1,False,False,False,True,False,False,False,False,False,False,False,60,2024-12-26T19:05:12+09:00,html,,,,,,,,0,[]
Z292NS9yb2Z1a3UvMjAyNC8yMDI0MTIyM18wMjE0OAo=,① 医療材料等の継続的な売買及び物品管理業務(ＳＰＤ業務) ② 病院情報システム運用管理業務委託（長崎労災病院）,独立行政法人労働者健康安全機構,14,神奈川県,141305,川崎市,2024-12-23T00:00:00+09:00,2024,役務,,https://www.johas.go.jp/Portals/0/data0/jigyogaiyo/choutatsu/nyusatsu/0612/nyuusatsu061223.pdf,1.1.0-candidate2,True,True,False,operations_maintenance,1,False,False,False,True,False,False,False,False,False,False,False,10,2024-12-23T00:00:00+09:00,pdf,146932.0,,,,,,,0,[]
b3Nha2Evb3Nha2FfY2l0eS8yMDI0LzIwMjQxMjIzXzAwNzk1Cg==,令和7年度バックオフィスDX財務事務検討支援等業務委託,大阪府大阪市,27,大阪府,271004,大阪市,2024-12-23T00:00:00+09:00,2024,役務,,https://www.city.osaka.lg.jp/templates/buppin_nyusatsuanken/cmsfiles/contents/0000642/642924/00.pdf,1.1.0-candidate2,True,False,True,data_digital,1,False,False,False,False,False,False,False,False,True,False,False,16,2024-12-23T19:39:25+09:00,pdf,17920.0,,,,,,,4,"[{""name"":""01_資料1_入札説明書(DOCX形式, 55KB)"",""uri"":""https://www.city.osaka.lg.jp/templates/buppin_nyusatsuanken/cmsfiles/contents/0000642/642924/01_setumei.docx""},{""name"":""01_資料1_入札説明書(PDF形式, 308KB)"",""uri"":""https://www.city.osaka.lg.jp/templates/buppin_nyusatsuanken/cmsfiles/contents/0000642/642924/01_setumei.pdf""},{""name"":""02_資料2_業務委託仕様書(DOCX形式, 79KB)"",""uri"":""https://www.city.osaka.lg.jp/templates/buppin_nyusatsuanken/cmsfiles/contents/0000642/642924/02_siyo.docx""},{""name"":""02_資料2_業務委託仕様書(PDF形式, 822KB)"",""uri"":""https://www.city.osaka.lg.jp/templates/buppin_nyusatsuanken/cmsfiles/contents/0000642/642924/02_siyo.pdf""}]"
Z292My9tb2RfZ3NkZl9lYWVfZWFmaW4vMjAyNC8yMDI0MTIyNF8xNjc1NAo=,ＩＰ無線機の借上げ役務,防衛省陸上自衛隊東部方面会計隊,13,東京都,131041,新宿区,2024-12-24T00:00:00+09:00,2024,役務,,https://www.mod.go.jp/gsdf/eae/kaikei/eafin/R4koukoku/20250114-GYOU-0830.pdf,1.1.0-candidate2,True,True,False,network_infrastructure,1,False,False,False,False,False,False,True,False,False,False,False,15,2024-12-24T20:10:49+09:00,pdf,253664.0,,,,,,,0,[]
dG9reW8vdGl0ZWNoX2FjLzIwMjQvMjAyNDEyMjRfMDA1MzcK,統合に関わる旧東工大教務システム改修業務 一式,国立大学法人東京工業大学,13,東京都,131105,目黒区,2024-12-24T00:00:00+09:00,2024,役務,,http://www.zaimu.titech.ac.jp/keiyaku/kanren/koukoku/wpsys/wp-content/uploads/%E7%B5%B1%E5%90%88%E3%81%AB%E9%96%A2%E3%82%8F%E3%82%8B%E6%97%A7%E6%9D%B1%E5%B7%A5%E5%A4%A7%E6%95%99%E5%8B%99%E3%82%B7%E3%82%B9%E3%83%86%E3%83%A0%E6%94%B9%E4%BF%AE%E6%A5%AD%E5%8B%99%20%E4%B8%80%E5%BC%8F_R6.12.24-R7.1.29.pdf,1.1.0-candidate2,True,True,False,system_development,1,True,False,False,False,False,False,False,False,False,False,False,11,2024-12-24T19:57:27+09:00,pdf,14962.0,,,,,,,0,[]
Z292My9tb2RfcmRiX3Rva2FpLzIwMjQvMjAyNDEyMjZfMDAwMzkK,東海防衛支局（６国）近畿中部防衛局ＯＡネットワーク・システム（東海防衛支局）の撤去等役務,防衛省東海防衛支局,23,愛知県,231002,名古屋市,2024-12-26T00:00:00+09:00,2024,役務,,https://www.mod.go.jp/rdb/tokai/contract/constraction/gyomu/nyuusatukoukoku20241226.pdf,1.1.0-candidate2,True,True,False,network_infrastructure,1,False,False,False,False,False,False,True,False,False,False,False,1,2024-12-26T20:32:38+09:00,pdf,479911.0,,,,,,,0,[]
Z292NS9haXN0X3VuaXQvMjAyNS8yMDI1MDEwOF8wNzIyNgo=,産総研情報システム環境のゼロトラスト化に係る導入支援業務,国立研究開発法人産業技術総合研究所,13,東京都,131016,千代田区,2025-01-08T00:00:00+09:00,2025,役務,,https://www.aist.go.jp/aist_j/procure/supplyinfo/pub/detail/NLM2LNB0,1.1.0-candidate2,True,True,False,system_development|cybersecurity|it_consulting_planning,3,True,False,False,False,False,True,False,False,False,False,True,175,2025-01-08T19:05:06+09:00,html,,,,,,,,0,[]
Z292My9tb2RfcmRiX3Rva2FpLzIwMjUvMjAyNTAxMTBfMDAwNDAK,東海防衛支局（６国）近畿中部防衛局ＯＡネットワーク・システム（東海防衛支局）の撤去等役務の入札説明書一部訂正,防衛省東海防衛支局,23,愛知県,231002,名古屋市,2025-01-10T00:00:00+09:00,2025,役務,,https://www.mod.go.jp/rdb/tokai/contract/constraction/gyomu/setumeishoteisei20250110.pdf,1.1.0-candidate2,True,True,False,network_infrastructure,1,False,False,False,False,False,False,True,False,False,False,False,17,2025-01-10T20:40:11+09:00,pdf,826039.0,,,,,,,0,[]
dG9reW8vbWhsd196ZW5zaG9lbi8yMDI1LzIwMjUwMTEwXzAwNTMwCg==,R07.01.10 医療情報システム導入に係るコンサルティング業務委託 一式（PDF85.92KB）,厚生労働省国立療養所多摩全生園,13,東京都,132136,東村山市,2025-01-10T00:00:00+09:00,2025,役務,,https://www.mhlw.go.jp/seisakunitsuite/bunya/kenkou_iryou/iryou/hansen/zenshoen/nyuusatsu/R07.01.10consulting.pdf,1.1.0-candidate2,True,True,False,system_development|it_consulting_planning,2,True,False,False,False,False,False,False,False,False,False,True,165,2025-09-25T19:05:41+09:00,pdf,87987.0,,,,,,,0,[]
Z292L2phc3NvX2dvLzIwMjUvMjAyNTAxMTVfMDE1NDAK,業務委託先実地監査における情報セキュリティ対策状況確認スキル向上のための研修,独立行政法人日本学生支援機構,13,東京都,131041,新宿区,2025-01-15T00:00:00+09:00,2025,役務,,https://www.jasso.go.jp/about/procurement/nyusatsu_buppin/__icsFiles/afieldfile/2025/01/14/20250128_security_training.pdf,1.1.0-candidate2,True,True,False,cybersecurity,1,False,False,False,False,False,True,False,False,False,False,False,156,2025-01-15T19:10:54+09:00,pdf,205729.0,,,,,,,0,[]
Z292NS9haXN0X3VuaXQvMjAyNS8yMDI1MDExNV8wNzIzMAo=,パブリック・クラウド環境（Amazon Web Services）の利用及び技術相談 一式,国立研究開発法人産業技術総合研究所,13,東京都,131016,千代田区,2025-01-15T00:00:00+09:00,2025,役務,,https://www.aist.go.jp/aist_j/procure/supplyinfo/pub/detail/EZEF3QGC,1.1.0-candidate2,True,True,False,cloud,1,False,False,False,False,True,False,False,False,False,False,False,143,2025-01-15T19:05:07+09:00,html,,,,,,,,0,[]
Z292NS9haXN0X3VuaXQvMjAyNS8yMDI1MDExNV8wNzIzMQo=,エッジ側データ処理サービスの技術相談・開発支援、およびエッジデバイス群、エッジサーバ群の試験構築支援および保守管理業務 一式,国立研究開発法人産業技術総合研究所,13,東京都,131016,千代田区,2025-01-15T00:00:00+09:00,2025,役務,,https://www.aist.go.jp/aist_j/procure/supplyinfo/pub/detail/QTRQBVIL,1.1.0-candidate2,True,True,False,network_infrastructure,1,False,False,False,False,False,False,True,False,False,False,False,142,2025-01-15T19:05:09+09:00,html,,,,,,,,0,[]
Z292My9tb2RfZ3NkZl9lYWVfZWFmaW4vMjAyNS8yMDI1MDExOF8xNjk3MQo=,道路及び歩行者ネットワークデータの取得に関する役務,防衛省陸上自衛隊東部方面会計隊,13,東京都,131041,新宿区,2025-01-18T00:00:00+09:00,2025,役務,,https://www.mod.go.jp/gsdf/eae/kaikei/eafin/R4koukoku/20250206-MEGS-0650.pdf,1.1.0-candidate2,True,True,False,network_infrastructure,1,False,False,False,False,False,False,True,False,False,False,False,110,2025-01-18T20:07:00+09:00,pdf,163674.0,,,,,,,0,[]
Z292NS9yb2Z1a3UvMjAyNS8yMDI1MDEyMF8wMjE5MQo=,病院情報システム一式及びシステム保守業務委託（横浜労災病院）,独立行政法人労働者健康安全機構,14,神奈川県,141305,川崎市,2025-01-20T00:00:00+09:00,2025,役務,,https://www.johas.go.jp/Portals/0/data0/jigyogaiyo/choutatsu/nyusatsu/0701/nyuusatsu070120(2).pdf,1.1.0-candidate2,True,True,False,operations_maintenance,1,False,False,False,True,False,False,False,False,False,False,False,46,2025-01-20T00:00:00+09:00,pdf,153151.0,,,,,,,0,[]
a2FuYWdhd2EveW9rb2hhbWFfcm9zYWlfaG9zcGl0YWwvMjAyNS8yMDI1MDEyMF8wMDI4NQo=,病院情報システム一式及びシステム保守業務委託,独立行政法人労働者健康安全機構横浜労災病院,14,神奈川県,141003,横浜市,2025-01-20T00:00:00+09:00,2025,役務,一般競争入札,https://yokohamah.johas.go.jp/data/media/yokohama_rosai_medical/page/file/prucution/202501202.pdf,1.1.0-candidate2,True,True,False,operations_maintenance,1,False,False,False,True,False,False,False,False,False,False,False,42,2025-02-25T19:52:21+09:00,pdf,176715.0,,,,,,,0,[]
Z292NC9tb2RfbmFpa3lva3UvMjAyNS8yMDI1MDEyMV8wNDU4Mgo=,防衛省予算執行支援システムの改修等役務,防衛省自衛隊,13,東京都,131041,新宿区,2025-01-21T00:00:00+09:00,2025,役務,,https://www.mod.go.jp/j/budget/chotatsu/naikyoku/nyuusatu/2025/0121a.pdf,1.1.0-candidate2,True,True,False,system_development,1,True,False,False,False,False,False,False,False,False,False,False,96,2025-01-22T20:31:11+09:00,pdf,944549.0,,,,,,,0,[]
b3Nha2Evb3Nha2FfY2l0eS8yMDI1LzIwMjUwMTIyXzAwODEwCg==,保健師活動支援システム構築及び運用保守業務委託,大阪府大阪市,27,大阪府,271004,大阪市,2025-01-22T00:00:00+09:00,2025,役務,,https://www.city.osaka.lg.jp/templates/buppin_nyusatsuanken/cmsfiles/contents/0000644/644520/DX_siryou1.pdf,1.1.0-candidate2,True,True,False,system_development|operations_maintenance,2,True,False,False,True,False,False,False,False,False,False,False,24,2025-01-22T19:44:08+09:00,pdf,17920.0,,,,,,,1,"[{""name"":""資料5別紙 著作権に関する特約条項(PDF形式, 90KB)"",""uri"":""https://www.city.osaka.lg.jp/templates/buppin_nyusatsuanken/cmsfiles/contents/0000644/644520/DX_siryou5-2.pdf""}]"
Z292NS9haXN0X3VuaXQvMjAyNS8yMDI1MDEyN18wNzIzNwo=,AI計算基盤の高度利用に関する研究開発支援及び開発環境管理業務,国立研究開発法人産業技術総合研究所,13,東京都,131016,千代田区,2025-01-27T00:00:00+09:00,2025,役務,,https://www.aist.go.jp/aist_j/procure/supplyinfo/pub/detail/4I77AGN9,1.1.0-candidate2,True,True,False,system_development|artificial_intelligence,2,True,False,False,False,False,False,False,False,False,True,False,48,2025-01-27T19:05:05+09:00,html,,,,,,,,0,[]
Z292NS9haXN0X3VuaXQvMjAyNS8yMDI1MDEyN18wNzIzOQo=,研究データ連携基盤の運用及び調査等にかかるエンジニアリング業務支援 一式,国立研究開発法人産業技術総合研究所,13,東京都,131016,千代田区,2025-01-27T00:00:00+09:00,2025,役務,,https://www.aist.go.jp/aist_j/procure/supplyinfo/pub/detail/GAFP1ZFN,1.1.0-candidate2,True,False,True,data_digital,1,False,False,False,False,False,False,False,False,True,False,False,46,2025-01-27T19:05:07+09:00,html,,,,,,,,0,[]
Z292NS9yb2Z1a3UvMjAyNS8yMDI1MDEyN18wMjIwMwo=,労災疾病等医学研究・開発、普及ネットワークシステム等管理及びコンサルティングに関する業務委託（本部）,独立行政法人労働者健康安全機構,14,神奈川県,141305,川崎市,2025-01-27T00:00:00+09:00,2025,役務,,https://www.johas.go.jp/Portals/0/data0/jigyogaiyo/choutatsu/nyusatsu/0701/nyuusatsu070127(3).pdf,1.1.0-candidate2,True,True,False,network_infrastructure|it_consulting_planning,2,False,False,False,False,False,False,True,False,False,False,True,23,2025-01-27T00:00:00+09:00,pdf,156301.0,,,,,,,0,[]
Z292NS9haXN0X3VuaXQvMjAyNS8yMDI1MDEyOF8wNzI0MQo=,業務システム群再構築PMOの支援業務 一式,国立研究開発法人産業技術総合研究所,13,東京都,131016,千代田区,2025-01-28T00:00:00+09:00,2025,役務,,https://www.aist.go.jp/aist_j/procure/supplyinfo/pub/detail/FQLSN773,1.1.0-candidate2,True,True,False,system_development,1,True,False,False,False,False,False,False,False,False,False,False,27,2025-01-28T19:05:23+09:00,html,,,,,,,,0,[]
ZnVrdW9rYS9mdWt1b2thX3ByZWYvMjAyNS8yMDI1MDEyOF8wMzU5Ngo=,一般競争入札の公告（福岡県・長崎県財務会計システム等更新に係る 詳細設計・開発等業務委託契約）,福岡県,40,福岡県,,,2025-01-28T00:00:00+09:00,2025,役務,,https://www.pref.fukuoka.lg.jp/bid-info/zaimukaikeikaihatsu2.html,1.1.0-candidate2,True,True,False,system_development,1,True,False,False,False,False,False,False,False,False,False,False,49,2025-01-28T19:05:36+09:00,html,,,,,,,,1,"[{""name"":""入札説明書 [PDFファイル／415KB]"",""uri"":""https://www.pref.fukuoka.lg.jp/uploaded/attachment/242600.pdf""}]"
Z292My9tb2RfcmRiX3Rva2FpLzIwMjUvMjAyNTAxMzBfMDAwNDIK,東海防衛支局（７）近畿中部防衛局ＯＡネットワーク・システム（東海防衛支局）の運用支援役務,防衛省東海防衛支局,23,愛知県,231002,名古屋市,2025-01-30T00:00:00+09:00,2025,役務,,https://www.mod.go.jp/rdb/tokai/contract/constraction/gyomu/nyusatukoukoku20250130-02.pdf,1.1.0-candidate2,True,True,False,operations_maintenance|network_infrastructure,2,False,False,False,True,False,False,True,False,False,False,False,3,2025-01-30T21:04:02+09:00,pdf,486430.0,,,,,,,0,[]
ZnVrdW9rYS9wb2xpY2VfZnVrdW9rYS8yMDI1LzIwMjUwMTMwXzAxNDI2Cg==,交通規制集データ化業務委託に係る入札について,国家公安委員会（警察庁）福岡県警察,40,福岡県,401307,福岡市,2025-01-30T00:00:00+09:00,2025,役務,,https://www.police.pref.fukuoka.jp/data/open/cnt/3/19950/1/koukokukoutuukiseisyuudetakagyoumuitaku2025.pdf,1.1.0-candidate2,True,False,True,data_digital,1,False,False,False,False,False,False,False,False,True,False,False,41,2025-01-30T19:30:41+09:00,pdf,175595.0,,,,,,,1,"[{""name"":""入札説明書 （16,713kbyte）"",""uri"":""https://www.police.pref.fukuoka.jp/data/open/cnt/3/19950/1/koutuukiseisyuudetakagyoumuitaku2025.pdf""}]"
b3Nha2EvbW9kLXBjby1vc2FrYS1maW4vMjAyNS8yMDI1MDEzMF8wMDM0Nwo=,ホームページリニューアル役務,防衛省自衛隊大阪地方協力本部,27,大阪府,271004,大阪市,2025-01-30T00:00:00+09:00,2025,役務,,https://www.mod.go.jp/pco/osaka/about/tender/images/070130-3koukoku.pdf,1.1.0-candidate2,True,True,False,software_applications,1,False,False,True,False,False,False,False,False,False,False,False,6,2025-01-30T19:45:08+09:00,pdf,738949.0,,,,,,,0,[]
Z292MTAvbmVkb19nby8yMDI1LzIwMjUwMTMxXzAwMDE5Cg==,スマートOCR（SDクラウドサービス）の調達,国立研究開発法人新エネルギー・産業技術総合開発機構,14,神奈川県,141305,川崎市,2025-01-31T00:00:00+09:00,2025,役務,一般競争入札,https://www.nedo.go.jp/content/800019952.pdf,1.1.0-candidate2,True,True,False,cloud,1,False,False,False,False,True,False,False,False,False,False,False,7,2025-01-31T19:08:27+09:00,pdf,796708.0,A B C,,,,,,1,"[{""name"":""仕様書（128KB）"",""uri"":""https://www.nedo.go.jp/content/800019953.pdf""}]"
Z292Ni9rYWlob19tbGl0XzAza2Fua3UvMjAyNS8yMDI1MDIwMV8wMTcyMwo=,海上交通情報処理システム装置（東京湾）保守,海上保安庁第三管区海上保安本部,14,神奈川県,141003,横浜市,2025-02-01T00:00:00+09:00,2025,役務,,https://www.kaiho.mlit.go.jp/03kanku/nyusatsu/R7_koukoku/yamaki/nen8%20koukoku.pdf,1.1.0-candidate2,True,True,False,operations_maintenance,1,False,False,False,True,False,False,False,False,False,False,False,73,2025-02-01T19:16:16+09:00,pdf,291954.0,A B C D,,,,,,0,[]
Z292NS9haXN0X3VuaXQvMjAyNS8yMDI1MDIwM18wNzI0Mwo=,人材受入管理システムの構築 一式,国立研究開発法人産業技術総合研究所,13,東京都,131016,千代田区,2025-02-03T00:00:00+09:00,2025,役務,,https://www.aist.go.jp/aist_j/procure/supplyinfo/pub/detail/FSWHF7TJ,1.1.0-candidate2,True,True,False,system_development,1,True,False,False,False,False,False,False,False,False,False,False,234,2025-02-03T19:05:09+09:00,html,,,,,,,,0,[]
Z292NC9tb2RfbmFpa3lva3UvMjAyNS8yMDI1MDIwNF8wNDYyMwo=,防衛省ホームページ等の維持管理・運営等に係る支援役務,防衛省自衛隊,13,東京都,131041,新宿区,2025-02-04T00:00:00+09:00,2025,役務,,https://www.mod.go.jp/j/budget/chotatsu/naikyoku/nyuusatu/2025/0204b.pdf,1.1.0-candidate2,True,True,False,software_applications,1,False,False,True,False,False,False,False,False,False,False,False,225,2025-02-04T20:22:50+09:00,pdf,7936403.0,,,,,,,0,[]
Z292NS9haXN0X3VuaXQvMjAyNS8yMDI1MDIwNF8wNzI0NAo=,産学官システムの構築 一式,国立研究開発法人産業技術総合研究所,13,東京都,131016,千代田区,2025-02-04T00:00:00+09:00,2025,役務,,https://www.aist.go.jp/aist_j/procure/supplyinfo/pub/detail/CSO5YX31,1.1.0-candidate2,True,True,False,system_development,1,True,False,False,False,False,False,False,False,False,False,False,222,2025-02-04T19:05:06+09:00,html,,,,,,,,0,[]
YWljaGkvYWljaGlfcm91ZG91a3lva3UvMjAyNS8yMDI1MDIwNV8wMDYzOQo=,2/5～3/3公告 令和7年度愛知労働局ネットワーク（IP電話通信網）保守関連業務委託契約,厚生労働省愛知労働局,23,愛知県,231002,名古屋市,2025-02-05T00:00:00+09:00,2025,役務,,https://jsite.mhlw.go.jphttps://www.p-portal.go.jp/pps-web-biz/,1.1.0-candidate2,True,True,False,network_infrastructure,1,False,False,False,False,False,False,True,False,False,False,False,33,2025-02-05T19:05:12+09:00,,,,,,,,,1,"[{""name"":""電子調達システムについて（リーフレット）"",""uri"":""https://jsite.mhlw.go.jp/aichi-roudoukyoku/content/contents/001957420.pdf""}]"
Z292My9uaG9faG9uYnUvMjAyNS8yMDI1MDIwNV8wMDU1OAo=,各病院における情報システムの整備及び運用保守に係る調達仕様書作成支援業務委託（PDF：208KB）,独立行政法人国立病院機構,13,東京都,131105,目黒区,2025-02-05T00:00:00+09:00,2025,役務,,https://nho.hosp.go.jp/files/000228272.pdf,1.1.0-candidate2,True,True,False,operations_maintenance|it_consulting_planning,2,False,False,False,True,False,False,False,False,False,False,True,209,2025-02-05T21:49:06+09:00,pdf,212166.0,,,,,,,0,[]
Z292Ni9rYWlob19tbGl0XzA0a2Fua3UvMjAyNS8yMDI1MDIwNV8wMDQxNgo=,R7D整備001:海上交通情報処理システム装置保守委託（整備）,海上保安庁第四管区海上保安本部,23,愛知県,231002,名古屋市,2025-02-05T00:00:00+09:00,2025,役務,,https://www.kaiho.mlit.go.jp/04kanku/nyusatsu/0e28cba88b87eb05e7101b58b754fb667d523c90.pdf,1.1.0-candidate2,True,True,False,operations_maintenance,1,False,False,False,True,False,False,False,False,False,False,False,27,2025-02-05T19:27:11+09:00,pdf,199042.0,A D,,,,,,2,"[{""name"":""説明書"",""uri"":""https://www.kaiho.mlit.go.jp/04kanku/nyusatsu/bbd3b9e57af080713421a24dae4f239576456db1.zip""},{""name"":""仕様書"",""uri"":""https://www.kaiho.mlit.go.jp/04kanku/nyusatsu/28167936b67ccdc10871746218c9ba9c21c05a1e.zip""}]"
Z292My9tb2RfZ3NkZl9kY19jZmluLzIwMjUvMjAyNTAyMDZfMDEwNjUK,小型無人機対処器材ソフトウェアの更新役務,防衛省陸上自衛隊中央会計隊,13,東京都,131041,新宿区,2025-02-06T00:00:00+09:00,2025,役務,,https://www.mod.go.jp/gsdf/dc/cfin/html/img/u459.pdf,1.1.0-candidate2,True,True,False,software_applications,1,False,False,True,False,False,False,False,False,False,False,False,202,2025-02-06T20:32:38+09:00,pdf,274350.0,,,,,,,0,[]
Z292My9tb2RfZ3NkZl9lYWVfZWFmaW4vMjAyNS8yMDI1MDIwNl8xNzI3NQo=,ＩＰ無線機及び音声ＩＰ化装置連接運用支援役務,防衛省陸上自衛隊東部方面会計隊,13,東京都,131041,新宿区,2025-02-06T00:00:00+09:00,2025,役務,,https://www.mod.go.jp/gsdf/eae/kaikei/eafin/R4koukoku/20250218-GYOU-0810.pdf,1.1.0-candidate2,True,True,False,network_infrastructure,1,False,False,False,False,False,False,True,False,False,False,False,199,2025-02-06T20:40:06+09:00,pdf,214105.0,,,,,,,0,[]
aG9ra2FpZG8vcG9saWNlX2hva2thaWRvX2thaWtlaS8yMDI1LzIwMjUwMjA2XzAwODE5Cg==,行政情報ネットワークシステム運用支援業務委託契約,国家公安委員会（警察庁）北海道警察本部会計課,01,北海道,011002,札幌市,2025-02-06T00:00:00+09:00,2025,役務,一般競争入札,https://www.police.pref.hokkaido.lg.jp/info/soumu/kaikei/dat/2025-03/2025-0311-gyousei-net/01.pdf,1.1.0-candidate2,True,True,False,operations_maintenance|network_infrastructure,2,False,False,False,True,False,False,True,False,False,False,False,117,2025-02-06T20:53:53+09:00,pdf,100663.0,,,,,,,0,[]
aG9ra2FpZG8vcG9saWNlX2hva2thaWRvX2thaWtlaS8yMDI1LzIwMjUwMjA2XzAwODIwCg==,北海道警察情報管理システム運用支援業務委託契約,国家公安委員会（警察庁）北海道警察本部会計課,01,北海道,011002,札幌市,2025-02-06T00:00:00+09:00,2025,役務,一般競争入札,https://www.police.pref.hokkaido.lg.jp/info/soumu/kaikei/dat/2025-03/2025-0311-hokkaidou-jouhoukanri-system/01.pdf,1.1.0-candidate2,True,True,False,operations_maintenance,1,False,False,False,True,False,False,False,False,False,False,False,116,2025-02-06T20:53:53+09:00,pdf,100381.0,,,,,,,0,[]
dG9reW8vdGl0ZWNoX2FjLzIwMjUvMjAyNTAyMDZfMDA1NzQK,学修管理システム（LMS）クラウドインフラ 一式,国立大学法人東京工業大学,13,東京都,131105,目黒区,2025-02-06T00:00:00+09:00,2025,役務,,http://www.zaimu.titech.ac.jp/keiyaku/kanren/koukoku/wpsys/wp-content/uploads/%E5%AD%A6%E4%BF%AE%E7%AE%A1%E7%90%86%E3%82%B7%E3%82%B9%E3%83%86%E3%83%A0%EF%BC%88LMS%EF%BC%89%E3%82%AF%E3%83%A9%E3%82%A6%E3%83%89%E3%82%A4%E3%83%B3%E3%83%95%E3%83%A9-%E4%B8%80%E5%BC%8F_R7.2.6-R7.2.28.pdf,1.1.0-candidate2,True,True,False,cloud,1,False,False,False,False,True,False,False,False,False,False,False,183,2025-02-06T20:02:40+09:00,pdf,102908.0,,,,,,,0,[]
dG9reW8vdGl0ZWNoX2FjLzIwMjUvMjAyNTAyMDZfMDA1NzUK,東京科学大学Webサイト管理システム インフラ運用・保守業務 1式,国立大学法人東京工業大学,13,東京都,131105,目黒区,2025-02-06T00:00:00+09:00,2025,役務,,http://www.zaimu.titech.ac.jp/keiyaku/kanren/koukoku/wpsys/wp-content/uploads/%E6%9D%B1%E4%BA%AC%E7%A7%91%E5%AD%A6%E5%A4%A7%E5%AD%A6Web%E3%82%B5%E3%82%A4%E3%83%88%E7%AE%A1%E7%90%86%E3%82%B7%E3%82%B9%E3%83%86%E3%83%A0-%E3%82%A4%E3%83%B3%E3%83%95%E3%83%A9%E9%81%8B%E7%94%A8%E3%83%BB%E4%BF%9D%E5%AE%88%E6%A5%AD%E5%8B%99-1%E5%BC%8F_25.2.7_25.3.4.pdf,1.1.0-candidate2,True,True,False,software_applications|operations_maintenance,2,False,False,True,True,False,False,False,False,False,False,False,182,2025-02-06T20:02:40+09:00,pdf,139753.0,,,,,,,0,[]
Z292My9tb2RfZ3NkZl9lYWVfZWFmaW4vMjAyNS8yMDI1MDIwN18xNzMzNQo=,小型無人機対処器材ソフトウェアの更新役務 ほか,防衛省陸上自衛隊東部方面会計隊,13,東京都,131041,新宿区,2025-02-07T00:00:00+09:00,2025,役務,,https://www.mod.go.jp/gsdf/eae/kaikei/eafin/R4koukoku/20250217-431A-1110.pdf,1.1.0-candidate2,True,True,False,software_applications,1,False,False,True,False,False,False,False,False,False,False,False,176,2025-02-07T20:51:20+09:00,pdf,226235.0,,,,,,,0,[]
aG9ra2FpZG8vcmlrdXppaG9rdWJ1a2Fpa2VpLzIwMjUvMjAyNTAyMDdfMDcyMzkK,小型無人機対処器材ソフトウェアの更新役務,防衛省陸上自衛隊北部方面会計隊本部,01,北海道,011002,札幌市,2025-02-07T00:00:00+09:00,2025,役務,,https://www.mod.go.jp/gsdf/nae/fin/nafin/pdf/public_n/07/02/070207-okadama-n-kogata.pdf,1.1.0-candidate2,True,True,False,software_applications,1,False,False,True,False,False,False,False,False,False,False,False,109,2025-02-07T21:09:25+09:00,pdf,454545.0,,,,,,,0,[]
aG9ra2FpZG8vcmlrdXppaG9rdWJ1a2Fpa2VpLzIwMjUvMjAyNTAyMDdfMDcyOTMK,小型無人機対処器材ソフトウェア更新役務,防衛省陸上自衛隊北部方面会計隊本部,01,北海道,011002,札幌市,2025-02-07T00:00:00+09:00,2025,役務,,https://www.mod.go.jp/gsdf/nae/fin/nafin/pdf/public_n/07/02/070207-374-n-kogata.pdf,1.1.0-candidate2,True,True,False,software_applications,1,False,False,True,False,False,False,False,False,False,False,False,108,2025-02-07T21:15:50+09:00,pdf,351858.0,,,,,,,0,[]
b3Nha2Evb3Nha2FfY2l0eS8yMDI1LzIwMjUwMjEyXzAwODI2Cg==,設計図書情報提供システムサービス提供業務委託,大阪府大阪市,27,大阪府,271004,大阪市,2025-02-12T00:00:00+09:00,2025,役務,,https://www.city.osaka.lg.jp/templates/buppin_nyusatsuanken/cmsfiles/contents/0000645/645525/01_nyusatsusetumeisyo.pdf,1.1.0-candidate2,True,True,False,system_services,1,False,True,False,False,False,False,False,False,False,False,False,38,2025-02-12T19:54:47+09:00,pdf,17920.0,,,,,,,2,"[{""name"":""01_資料1 入札説明書(DOCX形式, 52KB)"",""uri"":""https://www.city.osaka.lg.jp/templates/buppin_nyusatsuanken/cmsfiles/contents/0000645/645525/01_nyusatsusetumeisyo.docx""},{""name"":""02_資料2 調達仕様書(PDF形式, 1.12MB)"",""uri"":""https://www.city.osaka.lg.jp/templates/buppin_nyusatsuanken/cmsfiles/contents/0000645/645525/02_choutatusiyousyo.pdf""}]"
c2VhcmNoL3BfcG9ydGFsLzIwMjUvMDIvMjAyNTAyMTJfMzU0NjkK,令和７年度近畿中部防衛局ＯＡネットワーク・システムの運用支援役務,防衛省,27,大阪府,,,2025-02-12T00:00:00+09:00,2025,役務,一般競争入札,https://www.p-portal.go.jp/pps-web-biz/UAA01/OAA0101,1.1.0-candidate2,True,True,False,operations_maintenance|network_infrastructure,2,False,False,False,True,False,False,True,False,False,False,False,36,2025-02-14T19:05:29+09:00,html,,,,,,,,0,[]
dG9reW8vdGl0ZWNoX2FjLzIwMjUvMjAyNTAyMTJfMDA1ODUK,学修管理システム（LMS）運用保守業務 一式,国立大学法人東京工業大学,13,東京都,131105,目黒区,2025-02-12T00:00:00+09:00,2025,役務,,http://www.zaimu.titech.ac.jp/keiyaku/kanren/koukoku/wpsys/wp-content/uploads/%E5%AD%A6%E4%BF%AE%E7%AE%A1%E7%90%86%E3%82%B7%E3%82%B9%E3%83%86%E3%83%A0%EF%BC%88LMS%EF%BC%89%E9%81%8B%E7%94%A8%E4%BF%9D%E5%AE%88%E6%A5%AD%E5%8B%99%20%E4%B8%80%E5%BC%8F_R7.2.12-R7.3.6.pdf,1.1.0-candidate2,True,True,False,operations_maintenance,1,False,False,False,True,False,False,False,False,False,False,False,137,2025-02-12T20:06:34+09:00,pdf,16447.0,,,,,,,0,[]
b3Nha2Evb3Nha2FfY2l0eS8yMDI1LzIwMjUwMjEzXzAwODI4Cg==,令和7年度バックオフィスDX人事給与関連事務検討支援等業務委託,大阪府大阪市,27,大阪府,271004,大阪市,2025-02-13T00:00:00+09:00,2025,役務,,https://www.city.osaka.lg.jp/templates/buppin_nyusatsuanken/cmsfiles/contents/0000646/646974/00_kojibun.pdf,1.1.0-candidate2,True,False,True,data_digital,1,False,False,False,False,False,False,False,False,True,False,False,32,2025-02-13T20:11:37+09:00,pdf,17920.0,,,,,,,5,"[{""name"":""01_入札説明書(PDF形式, 171KB)"",""uri"":""https://www.city.osaka.lg.jp/templates/buppin_nyusatsuanken/cmsfiles/contents/0000646/646974/01_nyuusatsusetsumeisho.pdf""},{""name"":""02_入札説明書別紙1～6(PDF形式, 334KB)"",""uri"":""https://www.city.osaka.lg.jp/templates/buppin_nyusatsuanken/cmsfiles/contents/0000646/646974/02_nyuusatsusetsumeishobesshi.pdf""},{""name"":""02_入札説明書別紙3 入札参加資格がないと認めた理由の説明要求書(DOCX形式, 19KB)"",""uri"":""https://www.city.osaka.lg.jp/templates/buppin_nyusatsuanken/cmsfiles/contents/0000646/646974/02-3_riyuuyoukyusho.docx""},{""name"":""02_入札説明書別紙4 関連文書提供依頼書(DOCX形式, 24KB)"",""uri"":""https://www.city.osaka.lg.jp/templates/buppin_nyusatsuanken/cmsfiles/contents/0000646/646974/02-4teikyouiraisho.docx""},{""name"":""03_資料1 仕様書(PDF形式, 990KB)"",""uri"":""https://www.city.osaka.lg.jp/templates/buppin_nyusatsuanken/cmsfiles/contents/0000646/646974/03_shiyousho.pdf""}]"
aG9ra2FpZG8vcmlrdXppaG9rdWJ1a2Fpa2VpLzIwMjUvMjAyNTAyMTdfMDczNzkK,小型無人機対処器材ソフトウェア更新役務,防衛省陸上自衛隊北部方面会計隊本部,01,北海道,011002,札幌市,2025-02-17T00:00:00+09:00,2025,役務,,https://www.mod.go.jp/gsdf/nae/fin/nafin/pdf/public_n/07/02/070217-110-n-kogata.pdf,1.1.0-candidate2,True,True,False,software_applications,1,False,False,True,False,False,False,False,False,False,False,False,72,2025-02-17T20:48:22+09:00,pdf,450701.0,,,,,,,0,[]
c2VhcmNoL3BfcG9ydGFsLzIwMjUvMDIvMjAyNTAyMTdfMzYyMDkK,法務省のＧＳＳネットワーク整備に係る役務作業の請負 一式,法務省,13,東京都,,,2025-02-17T00:00:00+09:00,2025,役務,一般競争入札,https://www.p-portal.go.jp/pps-web-biz/UAA01/OAA0101,1.1.0-candidate2,True,True,False,network_infrastructure,1,False,False,False,False,False,False,True,False,False,False,False,89,2025-02-17T19:05:23+09:00,html,,,,,,,,0,[]
Z292My9tb2RfZ3NkZl9lYWVfZWFmaW4vMjAyNS8yMDI1MDIxOF8xNzUwNwo=,ＩＰ無線機及び音声ＩＰ化装置連接運用支援役務,防衛省陸上自衛隊東部方面会計隊,13,東京都,131041,新宿区,2025-02-18T00:00:00+09:00,2025,役務,,https://www.mod.go.jp/gsdf/eae/kaikei/eafin/R4koukoku/20250228-GYOU-0830.pdf,1.1.0-candidate2,True,True,False,network_infrastructure,1,False,False,False,False,False,False,True,False,False,False,False,86,2025-02-18T20:23:51+09:00,pdf,279159.0,,,,,,,0,[]
Z292NS9haXN0X3VuaXQvMjAyNS8yMDI1MDIxOV8wNzI0OAo=,薬品・ガス管理システムの構築及び運用・保守,国立研究開発法人産業技術総合研究所,13,東京都,131016,千代田区,2025-02-19T00:00:00+09:00,2025,役務,,https://www.aist.go.jp/aist_j/procure/supplyinfo/pub/detail/CXFC9FKG,1.1.0-candidate2,True,True,False,system_development|operations_maintenance,2,True,False,False,True,False,False,False,False,False,False,False,72,2025-02-19T19:05:07+09:00,html,,,,,,,,0,[]
Z292My9tb2RfZGloLzIwMjUvMjAyNTAyMjFfMDEwODUK,高性能画像判読ＡＩＣＯＴＳソフトウェアインストール役務,防衛省情報本部,13,東京都,131041,新宿区,2025-02-21T00:00:00+09:00,2025,役務,,https://www.mod.go.jp/dih/7.2.21-255.pdf,1.1.0-candidate2,True,True,False,software_applications|artificial_intelligence,2,False,False,True,False,False,False,False,False,False,True,False,62,2025-02-21T21:22:58+09:00,pdf,527722.0,,,,,,,0,[]
Z292My9tb2RfZ3NkZl9lYWVfZWFmaW4vMjAyNS8yMDI1MDIyNl8xNzY0Mgo=,ＩＰ無線機の借上役務,防衛省陸上自衛隊東部方面会計隊,13,東京都,131041,新宿区,2025-02-26T00:00:00+09:00,2025,役務,,https://www.mod.go.jp/gsdf/eae/kaikei/eafin/R4koukoku/20250311-GYOU-0840.pdf,1.1.0-candidate2,True,True,False,network_infrastructure,1,False,False,False,False,False,False,True,False,False,False,False,36,2025-02-26T20:42:50+09:00,pdf,260006.0,,,,,,,0,[]
b3Nha2Evb3Nha2FfY2l0eS8yMDI1LzIwMjUwMjI2XzAwODM5Cg==,令和7年度都市・まちDX推進に向けた建設生産プロセスDX推進支援業務委託,大阪府大阪市,27,大阪府,271004,大阪市,2025-02-26T00:00:00+09:00,2025,役務,,https://www.city.osaka.lg.jp/templates/buppin_nyusatsuanken/cmsfiles/contents/0000647/647932/01_setumei.docx,1.1.0-candidate2,True,False,True,data_digital,1,False,False,False,False,False,False,False,False,True,False,False,8,2025-02-26T20:04:03+09:00,docx,17920.0,,,,,,,4,"[{""name"":""01_資料1 入札説明書(PDF形式, 284KB)"",""uri"":""https://www.city.osaka.lg.jp/templates/buppin_nyusatsuanken/cmsfiles/contents/0000647/647932/01_setumei.pdf""},{""name"":""02_資料2 業務委託仕様書(DOCX形式, 51KB)"",""uri"":""https://www.city.osaka.lg.jp/templates/buppin_nyusatsuanken/cmsfiles/contents/0000647/647932/02_siyo.docx""},{""name"":""02_資料2 業務委託仕様書(PDF形式, 954KB)"",""uri"":""https://www.city.osaka.lg.jp/templates/buppin_nyusatsuanken/cmsfiles/contents/0000647/647932/02_siyo.pdf""},{""name"":""03_資料2別紙 推進計画Ver1.0（案）(PDF形式, 4.03MB)"",""uri"":""https://www.city.osaka.lg.jp/templates/buppin_nyusatsuanken/cmsfiles/contents/0000647/647932/03_siyo2.pdf""}]"
Z292My9uaG9faG9uYnUvMjAyNS8yMDI1MDIyOF8wMDU2NQo=,精神科系病院における病院情報システム導入支援等に係るコンサルティング業務委託（PDF：144KB）,独立行政法人国立病院機構,13,東京都,131105,目黒区,2025-02-28T00:00:00+09:00,2025,役務,,https://nho.hosp.go.jp/files/000230569.pdf,1.1.0-candidate2,True,True,False,system_development|it_consulting_planning,2,True,False,False,False,False,False,False,False,False,False,True,15,2025-02-28T21:33:08+09:00,pdf,146852.0,,,,,,,0,[]
Z292NS9haXN0X3VuaXQvMjAyNS8yMDI1MDIyOF8wNzI0OQo=,AI品質マネジメントコンソーシアムの事務局運営支援業務 一式,国立研究開発法人産業技術総合研究所,13,東京都,131016,千代田区,2025-02-28T00:00:00+09:00,2025,役務,,https://www.aist.go.jp/aist_j/procure/supplyinfo/pub/detail/CTNBZ8CB,1.1.0-candidate2,True,False,True,artificial_intelligence,1,False,False,False,False,False,False,False,False,False,True,False,14,2025-02-28T19:05:05+09:00,html,,,,,,,,0,[]
Z292My9tb2RfZ3NkZl9kY19jZmluLzIwMjUvMjAyNTAzMDNfMDExNDcK,AIエンジン等導入検証のための技術支援役務,防衛省陸上自衛隊中央会計隊,13,東京都,131041,新宿区,2025-03-03T00:00:00+09:00,2025,役務,,https://www.mod.go.jp/gsdf/dc/cfin/html/img/file474.pdf,1.1.0-candidate2,True,False,True,artificial_intelligence,1,False,False,False,False,False,False,False,False,False,True,False,201,2025-03-03T20:32:49+09:00,pdf,368984.0,,,,,,,0,[]
dG9reW8vdGl0ZWNoX2FjLzIwMjUvMjAyNTAzMDNfMDA1OTgK,教務基幹システム，教務 Webシステム保守・運用支援業務 一式,国立大学法人東京工業大学,13,東京都,131105,目黒区,2025-03-03T00:00:00+09:00,2025,役務,,http://www.zaimu.titech.ac.jp/keiyaku/kanren/koukoku/wpsys/wp-content/uploads/%E6%95%99%E5%8B%99%E5%9F%BA%E5%B9%B9%E3%82%B7%E3%82%B9%E3%83%86%E3%83%A0%EF%BC%8C%E6%95%99%E5%8B%99-Web-%E3%82%B7%E3%82%B9%E3%83%86%E3%83%A0%E4%BF%9D%E5%AE%88%E3%83%BB%E9%81%8B%E7%94%A8%E6%94%AF%E6%8F%B4%E6%A5%AD%E5%8B%99%20%E4%B8%80%E5%BC%8F_R7.3.3-R7.5.14.pdf,1.1.0-candidate2,True,True,False,operations_maintenance,1,False,False,False,True,False,False,False,False,False,False,False,180,2025-03-03T20:12:19+09:00,pdf,16447.0,,,,,,,0,[]
aG9ra2FpZG8vaG9ra2FpZG9fcHJlZi8yMDI1LzIwMjUwMzA0XzAyMDYxCg==,令和７年度北海道立北の森づくり専門学院教務システム保守管理委託業務に係る一般競争入札の執行について,北海道,01,北海道,,,2025-03-04T00:00:00+09:00,2025,役務,,https://www.pref.hokkaido.lg.jp/sr/kms/182865.html,1.1.0-candidate2,True,True,False,operations_maintenance,1,False,False,False,True,False,False,False,False,False,False,False,220,2025-03-04T19:58:42+09:00,html,,,,,,,,1,"[{""name"":""北海道立北の森づくり専門学院告示第１６号ほか (ZIP 1.96MB)"",""uri"":""https://www.pref.hokkaido.lg.jp/fs/1/1/3/2/8/1/7/1/_/%E5%91%8A%E7%A4%BA%E7%94%A8.zip""}]"
c2VhcmNoL3BfcG9ydGFsLzIwMjUvMDMvMjAyNTAzMDVfMzgwNTQK,令和７年度「地方公共団体実行計画策定・管理等支援システムの次期システム構築」に向けた要件定義書作成及び調達支援等に係る委託業務【総合評価落札方式】,環境省,13,東京都,,,2025-03-05T00:00:00+09:00,2025,役務,一般競争入札,https://www.p-portal.go.jp/pps-web-biz/UAA01/OAA0101,1.1.0-candidate2,True,True,False,system_development|it_consulting_planning,2,True,False,False,False,False,False,False,False,False,False,True,152,2025-03-06T19:06:31+09:00,html,,,,,,,,0,[]
dG9reW8vbWhsd196ZW5zaG9lbi8yMDI1LzIwMjUwMzA1XzAwNTAzCg==,R07.03.05 情報システムサポート運用管理業務委託 一式（PDF82.75KB）,厚生労働省国立療養所多摩全生園,13,東京都,132136,東村山市,2025-03-05T00:00:00+09:00,2025,役務,,https://www.mhlw.go.jp/seisakunitsuite/bunya/kenkou_iryou/iryou/hansen/zenshoen/nyuusatsu/R07.03.05jyouhousupport.pdf,1.1.0-candidate2,True,True,False,operations_maintenance,1,False,False,False,True,False,False,False,False,False,False,False,148,2025-09-25T19:05:38+09:00,pdf,84733.0,,,,,,,0,[]
a2FuYWdhd2Eva3VyaWhhbWFfaXJ5b19jZW50ZXIvMjAyNS8yMDI1MDMwN18wMDI2OQo=,研修管理システム導入及び運用管理業務委託契約一式,独立行政法人国立病院機構久里浜医療センター,14,神奈川県,142018,横須賀市,2025-03-07T00:00:00+09:00,2025,役務,,https://kurihama.hosp.go.jp/about/bid/bid-2025-03-07system.pdf,1.1.0-candidate2,True,True,False,system_development|operations_maintenance,2,True,False,False,True,False,False,False,False,False,False,False,26,2025-03-07T19:28:50+09:00,pdf,157034.0,,,,,,,0,[]
aG9ra2FpZG8vaG9ra2FpZG9fcHJlZi8yMDI1LzIwMjUwMzA3XzAyMDgxCg==,令和７年度北海道立北の森づくり専門学院教務システム保守管理委託業務に係る一般競争入札の執行について,北海道,01,北海道,,,2025-03-07T00:00:00+09:00,2025,役務,,https://www.pref.hokkaido.lg.jp/sr/kms/182865.html,1.1.0-candidate2,True,True,False,operations_maintenance,1,False,False,False,True,False,False,False,False,False,False,False,195,2025-03-07T19:59:54+09:00,html,,,,,,,,1,"[{""name"":""北海道立北の森づくり専門学院告示第１６号ほか (ZIP 1.96MB)"",""uri"":""https://www.pref.hokkaido.lg.jp/fs/1/1/3/4/8/9/1/9/_/%E5%91%8A%E7%A4%BA%E7%94%A8.zip""}]"
c2VhcmNoL3BfcG9ydGFsLzIwMjUvMDMvMjAyNTAzMDdfMzg1MjAK,防衛研究所情報システム運用支援役務,防衛省,13,東京都,,,2025-03-07T00:00:00+09:00,2025,役務,一般競争入札,https://www.p-portal.go.jp/pps-web-biz/UAA01/OAA0101,1.1.0-candidate2,True,True,False,operations_maintenance,1,False,False,False,True,False,False,False,False,False,False,False,127,2025-03-08T19:07:10+09:00,html,,,,,,,,0,[]
c2VhcmNoL3BfcG9ydGFsLzIwMjUvMDMvMjAyNTAzMDdfMzgyNjAK,九州防衛局ＯＡネットワーク・システムの運用支援役務,防衛省,40,福岡県,,,2025-03-07T00:00:00+09:00,2025,役務,一般競争入札,https://www.p-portal.go.jp/pps-web-biz/UAA01/OAA0101,1.1.0-candidate2,True,True,False,operations_maintenance|network_infrastructure,2,False,False,False,True,False,False,True,False,False,False,False,27,2025-03-07T19:05:30+09:00,html,,,,,,,,0,[]
c2VhcmNoL3BfcG9ydGFsLzIwMjUvMDMvMjAyNTAzMTBfMzg2MzkK,令和７年度炭素市場エクスプレスウェブサイトの運用・維持管理・トランジション委託業務,環境省,13,東京都,,,2025-03-10T00:00:00+09:00,2025,役務,一般競争入札,https://www.p-portal.go.jp/pps-web-biz/UAA01/OAA0101,1.1.0-candidate2,True,True,False,software_applications,1,False,False,True,False,False,False,False,False,False,False,False,121,2025-03-10T19:06:00+09:00,html,,,,,,,,0,[]
Z292Ny9jYnJfbWxpdC8yMDI1LzIwMjUwMzEzXzA0ODA0Cg==,令和７年度 狩野川河川現況台帳デジタル化作業,国土交通省中部地方整備局,23,愛知県,231002,名古屋市,2025-03-13T00:00:00+09:00,2025,役務,,https://www.cbr.mlit.go.jp/contract/buppin/bukoukoku/data/pdf/6o697Ur0wo20250311_11.pdf,1.1.0-candidate2,True,False,True,data_digital,1,False,False,False,False,False,False,False,False,True,False,False,5,2025-05-07T19:05:20+09:00,pdf,101090.0,B C,,,,,,0,[]
c2VhcmNoL3BfcG9ydGFsLzIwMjUvMDMvMjAyNTAzMTdfMzk0NjMK,自動即時電話網(VoIP)IP中継交換装置等の保守役務,防衛省,13,東京都,,,2025-03-17T00:00:00+09:00,2025,役務,一般競争入札,https://www.p-portal.go.jp/pps-web-biz/UAA01/OAA0101,1.1.0-candidate2,True,True,False,network_infrastructure,1,False,False,False,False,False,False,True,False,False,False,False,70,2025-03-18T19:06:58+09:00,html,,,,,,,,0,[]
Z292My9tb2RfZGloLzIwMjUvMjAyNTAzMjRfMDEwODgK,【訂正公告】高性能画像判読ＡＩＣＯＴＳソフトウェアインストール役務,防衛省情報本部,13,東京都,131041,新宿区,2025-03-24T00:00:00+09:00,2025,役務,,https://www.mod.go.jp/dih/7.3.24-258.pdf,1.1.0-candidate2,True,True,False,software_applications|artificial_intelligence,2,False,False,True,False,False,False,False,False,False,True,False,37,2025-03-24T21:25:18+09:00,pdf,69427.0,,,,,,,0,[]
c2VhcmNoL3BfcG9ydGFsLzIwMjUvMDMvMjAyNTAzMjdfNDAyMDIK,令和7年度近畿中部防衛局OAネットワーク・システムの運用支援役務,防衛省,27,大阪府,,,2025-03-27T00:00:00+09:00,2025,役務,一般競争入札,https://www.p-portal.go.jp/pps-web-biz/UAA01/OAA0101,1.1.0-candidate2,True,True,False,operations_maintenance|network_infrastructure,2,False,False,False,True,False,False,True,False,False,False,False,4,2025-03-27T19:35:05+09:00,html,,,,,,,,0,[]
Z292OS9qc3BzLzIwMjUvMjAyNTAzMjhfMDAyMTEK,独立行政法人日本学術振興会情報セキュリティ監査業務（PDF/156KB）,独立行政法人日本学術振興会,13,東京都,131016,千代田区,2025-03-28T00:00:00+09:00,2025,役務,一般競争入札,https://www.jsps.go.jp/file/storage/j-choutatsu/procurement/R7-23_nyusatsu.pdf,1.1.0-candidate2,True,True,False,cybersecurity,1,False,False,False,False,False,True,False,False,False,False,False,12,2025-05-01T19:17:55+09:00,pdf,159475.0,,,,,,,0,[]
aG9ra2FpZG8vaG9ra2FpZG9fcHJlZi8yMDI1LzIwMjUwNDAxXzAyMTgyCg==,次期財務会計システム開発委託業務に係る総合評価一般競争入札の実施について,北海道,01,北海道,,,2025-04-01T00:00:00+09:00,2025,役務,,https://www.pref.hokkaido.lg.jp/st/sum/218029.html,1.1.0-candidate2,True,True,False,system_development,1,True,False,False,False,False,False,False,False,False,False,False,139,2025-04-01T19:59:00+09:00,html,,,,,,,,3,"[{""name"":""令和7年度北海道告示第184号 (PDF 139KB)"",""uri"":""https://www.pref.hokkaido.lg.jp/fs/1/1/4/5/1/3/9/8/_/%E4%BB%A4%E5%92%8C7%E5%B9%B4%E5%BA%A6%E5%8C%97%E6%B5%B7%E9%81%93%E5%91%8A%E7%A4%BA%E7%AC%AC184%E5%8F%B7.pdf""},{""name"":""入札説明書等 (ZIP 459KB)"",""uri"":""https://www.pref.hokkaido.lg.jp/fs/1/1/4/5/1/4/0/0/_/%E5%85%A5%E6%9C%AD%E8%AA%AC%E6%98%8E%E6%9B%B8%20%E4%B8%80%E5%BC%8F.zip""},{""name"":""調達仕様書 (ZIP 2.71MB)"",""uri"":""https://www.pref.hokkaido.lg.jp/fs/1/1/4/5/3/1/7/3/_/%E8%AA%BF%E9%81%94%E4%BB%95%E6%A7%98%E6%9B%B8.zip""}]"
c2VhcmNoL3BfcG9ydGFsLzIwMjUvMDQvMjAyNTA0MDJfNDA4MjQK,【本省】令和７年度産業標準策定システム改修業務役務請負,経済産業省,13,東京都,,,2025-04-02T00:00:00+09:00,2025,役務,一般競争入札,https://www.p-portal.go.jp/pps-web-biz/UAA01/OAA0101,1.1.0-candidate2,True,True,False,system_development,1,True,False,False,False,False,False,False,False,False,False,False,180,2025-04-02T19:51:44+09:00,html,,,,,,,,0,[]
Z292NS9haXN0X3VuaXQvMjAyNS8yMDI1MDQwM18wNzI1Mgo=,IDプロビジョニングシステムの更新及び運用・保守,国立研究開発法人産業技術総合研究所,13,東京都,131016,千代田区,2025-04-03T00:00:00+09:00,2025,役務,,https://www.aist.go.jp/aist_j/procure/supplyinfo/pub/detail/W8PVJSH4,1.1.0-candidate2,True,True,False,system_development|operations_maintenance,2,True,False,False,True,False,False,False,False,False,False,False,178,2025-04-03T19:05:07+09:00,html,,,,,,,,0,[]
ZnVrdW9rYS9mdWt1b2thX3ByZWYvMjAyNS8yMDI1MDQxMV8wMzc0OAo=,一般競争入札の公告（福岡県庶務事務システムの開発及び運用保守に係る業務委託契約）,福岡県,40,福岡県,,,2025-04-11T00:00:00+09:00,2025,役務,,https://www.pref.fukuoka.lg.jp/bid-info/nyusatsu-kyuyo2025.html,1.1.0-candidate2,True,True,False,system_development|operations_maintenance,2,True,False,False,True,False,False,False,False,False,False,False,22,2025-04-11T19:06:44+09:00,html,,,,,,,,2,"[{""name"":""入札説明書 [PDFファイル／413KB]"",""uri"":""https://www.pref.fukuoka.lg.jp/uploaded/attachment/253254.pdf""},{""name"":""別添１ 調達仕様書 [PDFファイル／830KB]"",""uri"":""https://www.pref.fukuoka.lg.jp/uploaded/attachment/253255.pdf""}]"
Z292My9tb2RfZ3NkZl9kY19jZmluLzIwMjUvMjAyNTA0MTVfMDExODIK,自衛隊就職援護情報ネットワーク保守等役務,防衛省陸上自衛隊中央会計隊,13,東京都,131041,新宿区,2025-04-15T00:00:00+09:00,2025,役務,,https://www.mod.go.jp/gsdf/dc/cfin/html/img/i029-R7.4.14.pdf,1.1.0-candidate2,True,True,False,network_infrastructure,1,False,False,False,False,False,False,True,False,False,False,False,99,2025-04-15T20:49:10+09:00,pdf,4816896.0,,,,,,,0,[]
Z292My9tb2RfZ3NkZl9kY19jZmluLzIwMjUvMjAyNTA0MTVfMDExODMK,陸自業務システム（援護情報機能）保守等役務,防衛省陸上自衛隊中央会計隊,13,東京都,131041,新宿区,2025-04-15T00:00:00+09:00,2025,役務,,https://www.mod.go.jp/gsdf/dc/cfin/html/img/i030-R7.4.14.pdf,1.1.0-candidate2,True,True,False,operations_maintenance,1,False,False,False,True,False,False,False,False,False,False,False,98,2025-04-15T20:49:16+09:00,pdf,5868207.0,,,,,,,0,[]
aG9ra2FpZG8vaG9ra2FpZG9fZ2FuX2NlbnRlci8yMDI1LzIwMjUwNDE1XzAwMzMxCg==,ホームページリニューアル業務委託一式,独立行政法人国立病院機構北海道がんセンター,01,北海道,011002,札幌市,2025-04-15T00:00:00+09:00,2025,役務,,https://hokkaido-cc.hosp.go.jp/information/file/nyusatsu/20250415_01_ny.pdf,1.1.0-candidate2,True,True,False,software_applications,1,False,False,True,False,False,False,False,False,False,False,False,62,2025-04-15T19:09:51+09:00,pdf,334392.0,,,,,,,0,[]
c2VhcmNoL3BfcG9ydGFsLzIwMjUvMDQvMjAyNTA0MTdfNDE2MTAK,令和７年度データセンターにおける再エネ活用促進に係る調査検討委託業務【総合評価落札方式】,環境省,13,東京都,,,2025-04-17T00:00:00+09:00,2025,役務,一般競争入札,https://www.p-portal.go.jp/pps-web-biz/UAA01/OAA0101,1.1.0-candidate2,True,True,False,network_infrastructure,1,False,False,False,False,False,False,True,False,False,False,False,76,2025-04-17T20:07:30+09:00,html,,,,,,,,0,[]
Z292NC9tb2RfbmFpa3lva3UvMjAyNS8yMDI1MDQyMl8wNDcxMAo=,クラウド整備指針管理支援役務,防衛省自衛隊,13,東京都,131041,新宿区,2025-04-22T00:00:00+09:00,2025,役務,,https://www.mod.go.jp/j/budget/chotatsu/naikyoku/nyuusatu/2025/0422b.pdf,1.1.0-candidate2,True,True,False,cloud,1,False,False,False,False,True,False,False,False,False,False,False,47,2025-04-22T20:27:59+09:00,pdf,690441.0,,,,,,,0,[]
c2VhcmNoL3BfcG9ydGFsLzIwMjUvMDQvMjAyNTA0MjJfNDE5MDYK,令和７年度日中韓環境教育ネットワーク事業実施等委託業務[総合評価落札方式],環境省,13,東京都,,,2025-04-22T00:00:00+09:00,2025,役務,一般競争入札,https://www.p-portal.go.jp/pps-web-biz/UAA01/OAA0101,1.1.0-candidate2,True,True,False,network_infrastructure,1,False,False,False,False,False,False,True,False,False,False,False,40,2025-04-22T19:56:13+09:00,html,,,,,,,,0,[]
c2VhcmNoL3BfcG9ydGFsLzIwMjUvMDQvMjAyNTA0MjJfNDIwNTcK,クラウド整備指針管理支援役務,防衛省,13,東京都,,,2025-04-22T00:00:00+09:00,2025,役務,一般競争入札,https://www.p-portal.go.jp/pps-web-biz/UAA01/OAA0101,1.1.0-candidate2,True,True,False,cloud,1,False,False,False,False,True,False,False,False,False,False,False,41,2025-04-23T19:57:56+09:00,html,,,,,,,,0,[]
b3Nha2Evb3Nha2F0b25leWFtYV9pcnlvX2NlbnRlci8yMDI1LzIwMjUwNDI1XzAwMzYzCg==,病院情報システム更新に係るコンサルティング業務委託,独立行政法人国立病院機構大阪刀根山医療センター,27,大阪府,272035,豊中市,2025-04-25T00:00:00+09:00,2025,役務,,https://toneyama.hosp.go.jp/personnel/supply/pdf/buppin/20250425_2.pdf,1.1.0-candidate2,True,True,False,system_development|it_consulting_planning,2,True,False,False,False,False,False,False,False,False,False,True,7,2025-04-25T19:39:36+09:00,pdf,103365.0,,,,,,,0,[]
b3Nha2EvbWlub2hfY2l0eS8yMDI1LzIwMjUwNDI1XzAwMDU3Cg==,箕面市図書館システム更新等業務委託にかかる総合評価落札方式による一般競争入札の実施について,大阪府箕面市,27,大阪府,272205,箕面市,2025-04-25T00:00:00+09:00,2025,役務,,https://www.city.minoh.lg.jp/library/nyuusatsu/minoshitoshokan-system.html,1.1.0-candidate2,True,True,False,system_development,1,True,False,False,False,False,False,False,False,False,False,False,6,2025-10-21T19:07:00+09:00,html,,,,,,,,2,"[{""name"":""入札説明書（PDF：199KB）"",""uri"":""https://www.city.minoh.lg.jp/library/nyuusatsu/documents/s0_r7nyuusatusetumeisyo_1.pdf""},{""name"":""仕様書（資料1）（PDF：597KB）"",""uri"":""https://www.city.minoh.lg.jp/library/nyuusatsu/documents/s1_r7shiyousyo.pdf""}]"
dG9reW8vdG9reW9faXJ5b19jZW50ZXIvMjAyNS8yMDI1MDQzMF8wMDc4Nwo=,手術部門・重症部門システム保守業務委託 一式 (2025年4月30日～5月19日)（PDF：103KB),独立行政法人国立病院機構東京医療センター,13,東京都,131105,目黒区,2025-04-30T00:00:00+09:00,2025,役務,,https://tokyo-mc.hosp.go.jp/wp-content/uploads/2025/04/procure20250430_2.pdf,1.1.0-candidate2,True,True,False,operations_maintenance,1,False,False,False,True,False,False,False,False,False,False,False,1,2025-04-30T20:01:43+09:00,pdf,104958.0,,,,,,,0,[]
Z292NS9yb2Z1a3UvMjAyNS8yMDI1MDUwN18wMjI1OQo=,2025 年度情報セキュリティ監査、脆弱性診断、標的型メール攻撃訓練業務委託 一式（本部）,独立行政法人労働者健康安全機構,14,神奈川県,141305,川崎市,2025-05-07T00:00:00+09:00,2025,役務,,https://www.johas.go.jp/Portals/0/data0/jigyogaiyo/choutatsu/nyusatsu/0705/nyuusatsu070507(1).pdf,1.1.0-candidate2,True,True,False,cybersecurity,1,False,False,False,False,False,True,False,False,False,False,False,7,2025-05-07T00:00:00+09:00,pdf,160079.0,,,,,,,0,[]
Z292Ni9xc3JfbWxpdC8yMDI1LzIwMjUwNTA3XzExNzQ2Cg==,用地調査等業務委託設計書作成システム保守,国土交通省九州地方整備局,40,福岡県,401307,福岡市,2025-05-07T00:00:00+09:00,2025,役務,,https://www.qsr.mlit.go.jp/site_files/file/nyusatu_joho/buppin-ekimu-nyuusatukoukoku/R7/e22.pdf,1.1.0-candidate2,True,True,False,operations_maintenance,1,False,False,False,True,False,False,False,False,False,False,False,19,2025-05-07T19:31:07+09:00,pdf,223897.0,C D,,,,,,0,[]
Z292Ny9jYnJfbWxpdC8yMDI1LzIwMjUwNTA4XzA0ODA1Cg==,令和７年度 中部技術排水オペレーションシステム改良保守業務,国土交通省中部地方整備局,23,愛知県,231002,名古屋市,2025-05-08T00:00:00+09:00,2025,役務,,https://www.cbr.mlit.go.jp/contract/buppin/bukoukoku/data/pdf/2YfkC5aMsZ20250425_33.pdf,1.1.0-candidate2,True,True,False,system_development|operations_maintenance,2,True,False,False,True,False,False,False,False,False,False,False,21,2025-05-08T19:05:13+09:00,pdf,167617.0,B C,,,,,,0,[]
b3Nha2EvbWlub2hfY2l0eS8yMDI1LzIwMjUwNTA4XzAwMDU2Cg==,箕面市要介護認定調査支援システム導入業務委託及び使用許諾に係る総合評価入札方式による一般競争入札の実施について,大阪府箕面市,27,大阪府,272205,箕面市,2025-05-08T00:00:00+09:00,2025,役務,,https://www.city.minoh.lg.jp/kaigo/nintei/nyusatsu/r7ninteichosa_app.html,1.1.0-candidate2,True,True,False,system_development,1,True,False,False,False,False,False,False,False,False,False,False,32,2025-10-21T19:06:59+09:00,html,,,,,,,,4,"[{""name"":""入札説明書（PDF：162KB）"",""uri"":""https://www.city.minoh.lg.jp/kaigo/nintei/nyusatsu/documents/nyusatsusetsumeisho.pdf""},{""name"":""(資料1-1)箕面市要介護認定調査支援システム導入業務仕様書（PDF：331KB）"",""uri"":""https://www.city.minoh.lg.jp/kaigo/nintei/nyusatsu/documents/shiryo1-1_dounyushiyousho.pdf""},{""name"":""(資料1-2)箕面市要介護認定調査支援アプリ使用許諾仕様書（PDF：265KB）"",""uri"":""https://www.city.minoh.lg.jp/kaigo/nintei/nyusatsu/documents/shiryo1-2_shiyoukyodakushiyousho.pdf""},{""name"":""(資料1-6)【別添】認定調査票（特記事項）（PDF：78KB）"",""uri"":""https://www.city.minoh.lg.jp/kaigo/nintei/nyusatsu/documents/shiryo1-6_tokkiyoshiki.pdf""}]"
aG9ra2FpZG8vZGF0ZV9jaXR5LzIwMjUvMjAyNTA1MTJfMDAyODUK,情報セキュリティ監査（β´モデル監査）業務委託,北海道伊達市,01,北海道,012335,伊達市,2025-05-12T00:00:00+09:00,2025,役務,,https://www.city.date.hokkaido.jp/hotnews/files/00005800/00005873/%E6%83%85%E5%A0%B1%E3%82%BB%E3%82%AD%E3%83%A5%E3%83%AA%E3%83%86%E3%82%A3%E7%9B%A3%E6%9F%BB%EF%BC%88%CE%B2%C2%B4%E3%83%A2%E3%83%87%E3%83%AB%E7%9B%A3%E6%9F%BB%EF%BC%89%E6%A5%AD%E5%8B%99%E5%A7%94%E8%A8%97.pdf,1.1.0-candidate2,True,True,False,cybersecurity,1,False,False,False,False,False,True,False,False,False,False,False,91,2025-05-12T19:05:41+09:00,pdf,337812.0,,,,,2025-06-03T00:00:00+09:00,,0,[]
b3Nha2EvbWlub2hfY2l0eS8yMDI1LzIwMjUwNTEyXzAwMDU1Cg==,箕面市要支援者支援システム導入等業務委託に係る総合評価入札方式による一般競争入札の実施について,大阪府箕面市,27,大阪府,272205,箕面市,2025-05-12T00:00:00+09:00,2025,役務,,https://www.city.minoh.lg.jp/lifeplaza/hinankoudounyuusatu.html,1.1.0-candidate2,True,True,False,system_development,1,True,False,False,False,False,False,False,False,False,False,False,30,2025-10-21T19:06:58+09:00,html,,,,,,,,6,"[{""name"":""入札説明書（PDF：231KB）"",""uri"":""https://www.city.minoh.lg.jp/lifeplaza/documents/nyusatusetumeisyo.pdf""},{""name"":""(資料1)箕面市要支援者支援システム導入委託仕様書（PDF：273KB）"",""uri"":""https://www.city.minoh.lg.jp/lifeplaza/documents/siryou1.pdf""},{""name"":""(資料2)箕面市要支援者支援システム保守委託仕様書（PDF：117KB）"",""uri"":""https://www.city.minoh.lg.jp/lifeplaza/documents/siryou2.pdf""},{""name"":""(資料8)個人情報の取扱いに関する特記仕様書（PDF：274KB）"",""uri"":""https://www.city.minoh.lg.jp/lifeplaza/documents/siryou8.pdf""},{""name"":""(資料10)ソフトウェアライセンス使用許諾仕様書（PDF：114KB）"",""uri"":""https://www.city.minoh.lg.jp/lifeplaza/documents/siryou10.pdf""},{""name"":""(資料11)連携仕様書（ZIP：5,540KB）"",""uri"":""https://www.city.minoh.lg.jp/lifeplaza/documents/renkeisiyou.zip""}]"
aG9ra2FpZG8vZGF0ZV9jaXR5LzIwMjUvMjAyNTA1MTNfMDAyODcK,電子請求・電子契約クラウドサービス構築業務委託,北海道伊達市,01,北海道,012335,伊達市,2025-05-13T00:00:00+09:00,2025,役務,,https://www.city.date.hokkaido.jp/hotnews/files/00005800/00005873/%E9%9B%BB%E5%AD%90%E8%AB%8B%E6%B1%82%E3%83%BB%E9%9B%BB%E5%AD%90%E5%A5%91%E7%B4%84%E3%82%AF%E3%83%A9%E3%82%A6%E3%83%89%E3%82%B5%E3%83%BC%E3%83%93%E3%82%B9%E6%A7%8B%E7%AF%89%E6%A5%AD%E5%8B%99%E5%A7%94%E8%A8%97.pdf,1.1.0-candidate2,True,True,False,cloud,1,False,False,False,False,True,False,False,False,False,False,False,85,2025-05-13T19:07:49+09:00,pdf,321699.0,,,,,2025-06-03T00:00:00+09:00,,0,[]
dG9reW8vdG9reW9faXJ5b19jZW50ZXIvMjAyNS8yMDI1MDUxM18wMDc5MQo=,生理検査部門システム保守業務委託 一式 (2025年5月13日～5月29日)（PDF：102KB),独立行政法人国立病院機構東京医療センター,13,東京都,131105,目黒区,2025-05-13T00:00:00+09:00,2025,役務,,https://tokyo-mc.hosp.go.jp/wp-content/uploads/2025/05/procure20250513.pdf,1.1.0-candidate2,True,True,False,operations_maintenance,1,False,False,False,True,False,False,False,False,False,False,False,98,2025-05-13T20:21:56+09:00,pdf,104374.0,,,,,,,0,[]
YWljaGkvYW5qb19jaXR5LzIwMjUvMjAyNTA1MjBfMDAwMzMK,安城市土地開発公社財務会計システム更新業務委託,愛知県安城市,23,愛知県,232122,安城市,2025-05-20T00:00:00+09:00,2025,役務,,https://www.city.anjo.aichi.jp/zigyo/nyusatsu/keiyaku/hacchuukeiji/documents/2025350001koukokubun.pdf,1.1.0-candidate2,True,True,False,system_development,1,True,False,False,False,False,False,False,False,False,False,False,7,2025-05-20T19:05:41+09:00,pdf,265865.0,,,,,,,0,[]
dG9reW8vbW9kX2FzZGZfZnVjaHUvMjAyNS8yMDI1MDUyMl8wMDgwNgo=,データ解析用電子計算機システムのデータ移行等役務,防衛省航空自衛隊府中基地,13,東京都,132063,府中市,2025-05-22T00:00:00+09:00,2025,役務,,https://www.mod.go.jp/asdf/fuchu/acs/choutatsu/kisho07-k7koukoku.pdf,1.1.0-candidate2,True,True,False,network_infrastructure|data_digital,2,False,False,False,False,False,False,True,False,True,False,False,31,2025-05-22T19:56:07+09:00,pdf,497155.0,,,,,,,1,"[{""name"":""仕様書"",""uri"":""https://www.mod.go.jp/asdf/fuchu/acs/choutatsu/kisho07-k07shiyousyo.pdf""}]"
Z292OS9qc3BzLzIwMjUvMjAyNTA1MjZfMDAyMTUK,科学研究費助成事業データベース・システムハードウェア等賃貸借及び保守 一式（PDF/173KB）,独立行政法人日本学術振興会,13,東京都,131016,千代田区,2025-05-26T00:00:00+09:00,2025,役務,,https://www.jsps.go.jp/file/storage/j-choutatsu/procurement/R7-34_nyusatsu.pdf,1.1.0-candidate2,True,True,False,operations_maintenance,1,False,False,False,True,False,False,False,False,False,False,False,22,2025-05-26T19:09:32+09:00,pdf,176501.0,,,,,,,0,[]
aG9ra2FpZG8vaG9ra2FpZG9fcHJlZi8yMDI1LzIwMjUwNTI3XzAyNDIyCg==,一般競争入札の実施について（森林資源把握のための衛星画像解析委託業務）,北海道,01,北海道,,,2025-05-27T00:00:00+09:00,2025,役務,,https://www.pref.hokkaido.lg.jp/sr/srk/223145.html,1.1.0-candidate2,True,False,True,data_digital,1,False,False,False,False,False,False,False,False,True,False,False,8,2025-05-27T19:50:12+09:00,html,,,,,,,,3,"[{""name"":""北海道告示第10963号 (PDF 126KB)"",""uri"":""https://www.pref.hokkaido.lg.jp/fs/1/1/6/6/3/2/4/7/_/%E5%8C%97%E6%B5%B7%E9%81%93%E5%91%8A%E7%A4%BA%E7%AC%AC10963%E5%8F%B7.pdf""},{""name"":""関係書類一式 (ZIP 1.21MB)"",""uri"":""https://www.pref.hokkaido.lg.jp/fs/1/1/6/5/9/1/5/8/_/%E5%85%A5%E6%9C%AD%E9%96%A2%E4%BF%82%E6%9B%B8%E9%A1%9E%E4%B8%80%E5%BC%8F.zip""},{""name"":""入札執行の公開について (PDF 102KB)"",""uri"":""https://www.pref.hokkaido.lg.jp/fs/1/1/6/6/3/4/6/2/_/%E5%85%A5%E6%9C%AD%E5%9F%B7%E8%A1%8C%E3%81%AE%E5%85%AC%E9%96%8B%E3%81%AB%E3%81%A4%E3%81%84%E3%81%A6.pdf""}]"
b3Nha2Eva2Fkb21hX2NpdHkvMjAyNS8yMDI1MDUyN18wMDY4OAo=,郵送期限：6月10日 クリーンセンター業務棟空調システム保守点検業務委託,大阪府門真市,27,大阪府,272230,門真市,2025-05-27T00:00:00+09:00,2025,役務,一般競争入札,https://www.city.kadoma.osaka.jp/material/files/group/20/kutyou_youryou_2025.pdf,1.1.0-candidate2,True,True,False,operations_maintenance,1,False,False,False,True,False,False,False,False,False,False,False,19,2025-05-27T19:05:35+09:00,pdf,171124.0,,,,,,,2,"[{""name"":""仕様書 (PDFファイル: 95.8KB)"",""uri"":""https://www.city.kadoma.osaka.jp/material/files/group/20/kutyou_shiyousyo_2025.pdf""},{""name"":""仕様書別添(主要機器一覧表) (PDFファイル: 128.9KB)"",""uri"":""https://www.city.kadoma.osaka.jp/material/files/group/20/kutyou_betten_2025.pdf""}]"
Z292NS9haXN0X3VuaXQvMjAyNS8yMDI1MDUzMF8wNzI2Nwo=,【入札公告の訂正】IDプロビジョニングシステムの更新及び運用・保守,国立研究開発法人産業技術総合研究所,13,東京都,131016,千代田区,2025-05-30T00:00:00+09:00,2025,役務,,https://www.aist.go.jp/aist_j/procure/supplyinfo/pub/detail/WBUWXKTK,1.1.0-candidate2,True,True,False,system_development|operations_maintenance,2,True,False,False,True,False,False,False,False,False,False,False,4,2025-05-30T19:06:39+09:00,html,,,,,,,,0,[]
aG9ra2FpZG8vaG9ra2FpZG9fcHJlZi8yMDI1LzIwMjUwNTMwXzAyNDMzCg==,道営住宅管理システム再構築委託業務に係る総合評価一般競争入札の実施について,北海道,01,北海道,,,2025-05-30T00:00:00+09:00,2025,役務,,https://www.pref.hokkaido.lg.jp/kn/jtk/223377.html,1.1.0-candidate2,True,True,False,system_development,1,True,False,False,False,False,False,False,False,False,False,False,2,2025-05-30T19:48:49+09:00,html,,,,,,,,3,"[{""name"":""令和7年度北海道告示第285号 (PDF 309KB)"",""uri"":""https://www.pref.hokkaido.lg.jp/fs/1/1/6/8/0/7/0/1/_/100_%E4%BB%A4%E5%92%8C7%E5%B9%B4%E5%BA%A6%E5%8C%97%E6%B5%B7%E9%81%93%E5%91%8A%E7%A4%BA%E7%AC%AC285%E5%8F%B7.pdf""},{""name"":""入札説明書等 (ZIP 349KB)"",""uri"":""https://www.pref.hokkaido.lg.jp/fs/1/1/6/7/8/7/9/3/_/2%E5%85%A5%E6%9C%AD%E8%AA%AC%E6%98%8E%E6%9B%B8%E7%AD%89.zip""},{""name"":""道営住宅管理システム仕様書 (PDF 1.84MB)"",""uri"":""https://www.pref.hokkaido.lg.jp/fs/1/1/6/7/4/6/9/6/_/610_%E9%81%93%E5%96%B6%E4%BD%8F%E5%AE%85%E7%AE%A1%E7%90%86%E3%82%B7%E3%82%B9%E3%83%86%E3%83%A0%E4%BB%95%E6%A7%98%E6%9B%B8.pdf""}]"
c2VhcmNoL3BfcG9ydGFsLzIwMjUvMDYvMjAyNTA2MDRfNDM2MzMK,令和７年度環境アセスメントデータベースシステム改修委託業務[最低価格落札方式],環境省,13,東京都,,,2025-06-04T00:00:00+09:00,2025,役務,一般競争入札,https://www.p-portal.go.jp/pps-web-biz/UAA01/OAA0101,1.1.0-candidate2,True,True,False,system_development,1,True,False,False,False,False,False,False,False,False,False,False,155,2025-06-04T19:05:29+09:00,html,,,,,,,,0,[]
c2VhcmNoL3BfcG9ydGFsLzIwMjUvMDYvMjAyNTA2MDRfNDM2ODAK,【札幌国税局】電子計算処理に係るシステムの改修等に関する委託業務,財務省,01,北海道,,,2025-06-04T00:00:00+09:00,2025,役務,一般競争入札,https://www.p-portal.go.jp/pps-web-biz/UAA01/OAA0101,1.1.0-candidate2,True,True,False,system_development,1,True,False,False,False,False,False,False,False,False,False,False,98,2025-06-04T19:05:33+09:00,html,,,,,,,,0,[]
Z292NS9haXN0X3VuaXQvMjAyNS8yMDI1MDYwOV8wNzI3MAo=,産総研公式ホームページの構築及び保守,国立研究開発法人産業技術総合研究所,13,東京都,131016,千代田区,2025-06-09T00:00:00+09:00,2025,役務,,https://www.aist.go.jp/aist_j/procure/supplyinfo/pub/detail/JWZ89FKY,1.1.0-candidate2,True,True,False,software_applications,1,False,False,True,False,False,False,False,False,False,False,False,129,2025-06-09T19:05:09+09:00,html,,,,,,,,0,[]
Z292OS9qc3BzLzIwMjUvMjAyNTA2MTFfMDAyMjEK,独立行政法人日本学術振興会文書決裁・管理システムの構築及び保守業務 一式（PDF/174KB）,独立行政法人日本学術振興会,13,東京都,131016,千代田区,2025-06-11T00:00:00+09:00,2025,役務,,https://www.jsps.go.jp/file/storage/j-choutatsu/procurement/R7-2_nyuusatukoukoku.pdf,1.1.0-candidate2,True,True,False,system_development|operations_maintenance,2,True,False,False,True,False,False,False,False,False,False,False,107,2025-06-11T19:07:55+09:00,pdf,178110.0,,,,,,,0,[]
aG9ra2FpZG8vaG9ra2FpZG9fcHJlZi8yMDI1LzIwMjUwNjExXzAyNDc2Cg==,道営住宅管理システム再構築委託業務に係る総合評価一般競争入札の実施について,北海道,01,北海道,,,2025-06-11T00:00:00+09:00,2025,役務,,https://www.pref.hokkaido.lg.jp/kn/jtk/223377.html,1.1.0-candidate2,True,True,False,system_development,1,True,False,False,False,False,False,False,False,False,False,False,79,2025-06-11T20:00:21+09:00,html,,,,,,,,3,"[{""name"":""令和7年度北海道告示第285号 (PDF 309KB)"",""uri"":""https://www.pref.hokkaido.lg.jp/fs/1/1/6/8/0/7/0/1/_/100_%E4%BB%A4%E5%92%8C7%E5%B9%B4%E5%BA%A6%E5%8C%97%E6%B5%B7%E9%81%93%E5%91%8A%E7%A4%BA%E7%AC%AC285%E5%8F%B7.pdf""},{""name"":""入札説明書等 (ZIP 349KB)"",""uri"":""https://www.pref.hokkaido.lg.jp/fs/1/1/6/7/8/7/9/3/_/2%E5%85%A5%E6%9C%AD%E8%AA%AC%E6%98%8E%E6%9B%B8%E7%AD%89.zip""},{""name"":""道営住宅管理システム仕様書 (PDF 1.84MB)"",""uri"":""https://www.pref.hokkaido.lg.jp/fs/1/1/6/7/4/6/9/6/_/610_%E9%81%93%E5%96%B6%E4%BD%8F%E5%AE%85%E7%AE%A1%E7%90%86%E3%82%B7%E3%82%B9%E3%83%86%E3%83%A0%E4%BB%95%E6%A7%98%E6%9B%B8.pdf""}]"
b3Nha2EvbWlub2hfY2l0eS8yMDI1LzIwMjUwNjEyXzAwMDM4Cg==,障害者手帳交付システム（権限移譲対応版）導入業務委託に係る総合評価落札方式による一般競争入札の実施について,大阪府箕面市,27,大阪府,272205,箕面市,2025-06-12T00:00:00+09:00,2025,役務,,https://www.city.minoh.lg.jp/kouikifukusi/shougaishatechousisutemu.html,1.1.0-candidate2,True,True,False,system_development,1,True,False,False,False,False,False,False,False,False,False,False,26,2025-10-21T19:06:32+09:00,html,,,,,,,,1,"[{""name"":""入札説明書（PDF：156KB）"",""uri"":""https://www.city.minoh.lg.jp/kouikifukusi/documents/nyuusatusetumeisho_1.pdf""}]"
c2VhcmNoL3BfcG9ydGFsLzIwMjUvMDYvMjAyNTA2MTJfNDQyOTgK,ネットワーク管理装置用ソフトウェアのデータ整備等役務,防衛省,13,東京都,,,2025-06-12T00:00:00+09:00,2025,役務,一般競争入札,https://www.p-portal.go.jp/pps-web-biz/UAA01/OAA0101,1.1.0-candidate2,True,True,False,software_applications|network_infrastructure,2,False,False,True,False,False,False,True,False,False,False,False,87,2025-06-12T20:05:15+09:00,html,,,,,,,,0,[]
aG9ra2FpZG8vaG9ra2FpZG9fcHJlZi8yMDI1LzIwMjUwNjEzXzAyNDk1Cg==,令和7年度データセンター集積推進事業（海外データセンター誘致）委託業務に係る総合評価一般競争入札の実施,北海道,01,北海道,,,2025-06-13T00:00:00+09:00,2025,役務,,https://www.pref.hokkaido.lg.jp/kz/ssg/225086.html,1.1.0-candidate2,True,True,False,network_infrastructure,1,False,False,False,False,False,False,True,False,False,False,False,59,2025-06-13T20:00:53+09:00,html,,,,,,,,2,"[{""name"":""北海道告示第11070号（入札実施） (PDF 144KB)"",""uri"":""https://www.pref.hokkaido.lg.jp/fs/1/1/7/3/8/1/3/8/_/%E5%8C%97%E6%B5%B7%E9%81%93%E5%91%8A%E7%A4%BA%E7%AC%AC11070%E5%8F%B7.pdf""},{""name"":""関係書類一式 (ZIP 1.98MB)"",""uri"":""https://www.pref.hokkaido.lg.jp/fs/1/1/7/3/8/1/2/9/_/%E9%96%A2%E4%BF%82%E6%9B%B8%E9%A1%9E%E4%B8%80%E5%BC%8F.zip""}]"
aG9ra2FpZG8vaG9ra2FpZG9fcHJlZi8yMDI1LzIwMjUwNjE2XzAyNDk3Cg==,【終了しました】一般競争入札の実施について（森林資源把握のための衛星画像解析委託業務）,北海道,01,北海道,,,2025-06-16T00:00:00+09:00,2025,役務,,https://www.pref.hokkaido.lg.jp/sr/srk/223145.html,1.1.0-candidate2,True,False,True,data_digital,1,False,False,False,False,False,False,False,False,True,False,False,51,2025-06-16T19:44:51+09:00,html,,,,,,,,3,"[{""name"":""北海道告示第10963号 (PDF 126KB)"",""uri"":""https://www.pref.hokkaido.lg.jp/fs/1/1/6/6/3/2/4/7/_/%E5%8C%97%E6%B5%B7%E9%81%93%E5%91%8A%E7%A4%BA%E7%AC%AC10963%E5%8F%B7.pdf""},{""name"":""関係書類一式 (ZIP 1.21MB)"",""uri"":""https://www.pref.hokkaido.lg.jp/fs/1/1/6/5/9/1/5/8/_/%E5%85%A5%E6%9C%AD%E9%96%A2%E4%BF%82%E6%9B%B8%E9%A1%9E%E4%B8%80%E5%BC%8F.zip""},{""name"":""入札執行の公開について (PDF 102KB)"",""uri"":""https://www.pref.hokkaido.lg.jp/fs/1/1/6/6/3/4/6/2/_/%E5%85%A5%E6%9C%AD%E5%9F%B7%E8%A1%8C%E3%81%AE%E5%85%AC%E9%96%8B%E3%81%AB%E3%81%A4%E3%81%84%E3%81%A6.pdf""}]"
c2VhcmNoL3BfcG9ydGFsLzIwMjUvMDYvMjAyNTA2MTZfNDQ0ODYK,大阪国税局情報システム第一課４・５階改修工事設計業務委託,財務省,27,大阪府,,,2025-06-16T00:00:00+09:00,2025,役務,一般競争入札,https://www.p-portal.go.jp/pps-web-biz/UAA01/OAA0101,1.1.0-candidate2,True,True,False,system_development,1,True,False,False,False,False,False,False,False,False,False,False,22,2025-06-17T19:52:48+09:00,html,,,,,,,,0,[]
b3Nha2Evb3Nha2FfY2l0eS8yMDI1LzIwMjUwNjE3XzAwODc4Cg==,下水道事業管理システム構築業務委託,大阪府大阪市,27,大阪府,271004,大阪市,2025-06-17T00:00:00+09:00,2025,役務,,https://www.city.osaka.lg.jp/templates/buppin_nyusatsuanken/cmsfiles/contents/0000639/639969/00_koukokubun.pdf,1.1.0-candidate2,True,True,False,system_development,1,True,False,False,False,False,False,False,False,False,False,False,20,2025-06-17T19:44:22+09:00,pdf,17985.0,,,,,,,3,"[{""name"":""01_資料1 入札説明書(PDF形式, 309KB)"",""uri"":""https://www.city.osaka.lg.jp/templates/buppin_nyusatsuanken/cmsfiles/contents/0000639/639969/01_nyusatsusetumeisyo.pdf""},{""name"":""01_資料1 入札説明書(DOCX形式, 50KB)"",""uri"":""https://www.city.osaka.lg.jp/templates/buppin_nyusatsuanken/cmsfiles/contents/0000639/639969/01_nyusatsusetumeisyo.docx""},{""name"":""02_資料2 調達仕様書(PDF形式, 1.45MB)"",""uri"":""https://www.city.osaka.lg.jp/templates/buppin_nyusatsuanken/cmsfiles/contents/0000639/639969/02_shiryou2.pdf""}]"
c2VhcmNoL3BfcG9ydGFsLzIwMjUvMDYvMjAyNTA2MTdfNDQ2OTIK,装備システムのゼロトラストセキュリティ構成要素技術の検証役務（その２）,防衛省,13,東京都,,,2025-06-17T00:00:00+09:00,2025,役務,一般競争入札,https://www.p-portal.go.jp/pps-web-biz/UAA01/OAA0101,1.1.0-candidate2,True,True,False,cybersecurity,1,False,False,False,False,False,True,False,False,False,False,False,61,2025-06-18T20:04:22+09:00,html,,,,,,,,0,[]
dG9reW8vbmNjX2dvLzIwMjUvMjAyNTA2MTdfMDMxMjgK,内視鏡手術ナビゲーションにかかるシステム開発の業務委託 一式,国立研究開発法人国立がん研究センター,13,東京都,,,2025-06-17T00:00:00+09:00,2025,役務,一般競争入札,https://www.ncc.go.jp/jp/chotatsu/kashiwa/010/20250101_000/20250617_084/koukoku20250617_084.pdf,1.1.0-candidate2,True,True,False,system_development,1,True,False,False,False,False,False,False,False,False,False,False,60,2025-06-25T20:20:53+09:00,pdf,164738.0,,,,,,,0,[]
dG9reW8vbmNjaGQvMjAyNS8yMDI1MDYxN18wMDM2Ngo=,株式会社クライムメディカルシステムズ カテーテルデータ解析装置 Climb System 保守業務委託（再公告）,国立研究開発法人国立成育医療研究センター,13,東京都,131121,世田谷区,2025-06-17T00:00:00+09:00,2025,役務,,https://www.ncchd.go.jp/purchase/20250617_02.pdf,1.1.0-candidate2,True,True,False,operations_maintenance,1,False,False,False,True,False,False,False,False,False,False,False,58,2025-06-17T20:07:05+09:00,pdf,156772.0,,,,,,,0,[]
aG9ra2FpZG8vaG9ra2FpZG9fcHJlZi8yMDI1LzIwMjUwNjE4XzAyNTE0Cg==,道営住宅管理システム再構築委託業務に係る総合評価一般競争入札の実施について,北海道,01,北海道,,,2025-06-18T00:00:00+09:00,2025,役務,,https://www.pref.hokkaido.lg.jp/kn/jtk/223377.html,1.1.0-candidate2,True,True,False,system_development,1,True,False,False,False,False,False,False,False,False,False,False,42,2025-06-18T19:50:29+09:00,html,,,,,,,,3,"[{""name"":""令和7年度北海道告示第285号 (PDF 309KB)"",""uri"":""https://www.pref.hokkaido.lg.jp/fs/1/1/6/8/0/7/0/1/_/100_%E4%BB%A4%E5%92%8C7%E5%B9%B4%E5%BA%A6%E5%8C%97%E6%B5%B7%E9%81%93%E5%91%8A%E7%A4%BA%E7%AC%AC285%E5%8F%B7.pdf""},{""name"":""入札説明書等 (ZIP 349KB)"",""uri"":""https://www.pref.hokkaido.lg.jp/fs/1/1/6/7/8/7/9/3/_/2%E5%85%A5%E6%9C%AD%E8%AA%AC%E6%98%8E%E6%9B%B8%E7%AD%89.zip""},{""name"":""道営住宅管理システム仕様書 (PDF 1.84MB)"",""uri"":""https://www.pref.hokkaido.lg.jp/fs/1/1/7/4/6/6/5/6/_/%E3%80%90R0706xx%E6%9B%B4%E6%96%B0%E3%80%91%E9%81%93%E5%96%B6%E4%BD%8F%E5%AE%85%E7%AE%A1%E7%90%86%E3%82%B7%E3%82%B9%E3%83%86%E3%83%A0%E4%BB%95%E6%A7%98%E6%9B%B8.pdf""}]"
Z292Ny9jYnJfbWxpdC8yMDI1LzIwMjUwNjIwXzA0ODQxCg==,令和７年度 工事契約管理システム改良業務,国土交通省中部地方整備局,23,愛知県,231002,名古屋市,2025-06-20T00:00:00+09:00,2025,役務,,https://www.cbr.mlit.go.jp/contract/buppin/bukoukoku/data/pdf/fc6mivxFML20250619_2.pdf,1.1.0-candidate2,True,True,False,system_development,1,True,False,False,False,False,False,False,False,False,False,False,14,2025-06-20T19:05:16+09:00,pdf,227032.0,A B C D,,,,,,0,[]
Z292L25hbHRlY19nby8yMDI1XzIwMjU3NzE3NDMxMy8yMDI1MDYyNF8wMDAxOQo=,"旅費精算システムの導入及び旅費計算確認等委託業務 （231,792KB）",独立行政法人自動車技術総合機構,13,東京都,131041,新宿区,2025-06-24T00:00:00+09:00,2025,役務,一般競争入札,https://www.naltec.go.jp/publication/hbh5ss0000004coo-att/hbh5ss0000004coz.pdf,1.1.0-candidate2,True,True,False,system_development,1,True,False,False,False,False,False,False,False,False,False,False,31,2025-06-24T19:49:56+09:00,pdf,231792.0,,,,,,,0,[]
Z292NS9haXN0X3VuaXQvMjAyNS8yMDI1MDYyNF8wNzI3Nwo=,【訂正公告】産総研公式ホームページの構築及び保守,国立研究開発法人産業技術総合研究所,13,東京都,131016,千代田区,2025-06-24T00:00:00+09:00,2025,役務,,https://www.aist.go.jp/aist_j/procure/supplyinfo/pub/detail/GBT3THKO,1.1.0-candidate2,True,True,False,software_applications,1,False,False,True,False,False,False,False,False,False,False,False,26,2025-06-24T19:05:14+09:00,html,,,,,,,,0,[]
c2VhcmNoL3BfcG9ydGFsLzIwMjUvMDYvMjAyNTA2MjRfNDUwMDQK,株式のデータ分析等に関する業務委託,財務省,13,東京都,,,2025-06-24T00:00:00+09:00,2025,役務,一般競争入札,https://www.p-portal.go.jp/pps-web-biz/UAA01/OAA0101,1.1.0-candidate2,True,False,True,data_digital,1,False,False,False,False,False,False,False,False,True,False,False,23,2025-06-24T19:54:26+09:00,html,,,,,,,,0,[]
c2VhcmNoL3BfcG9ydGFsLzIwMjUvMDYvMjAyNTA2MjRfNDUwMzkK,法務省固有のＧＳＳネットワーク（ｖＮｘ）整備に係る役務作業の請負 一式,法務省,13,東京都,,,2025-06-24T00:00:00+09:00,2025,役務,一般競争入札,https://www.p-portal.go.jp/pps-web-biz/UAA01/OAA0101,1.1.0-candidate2,True,True,False,network_infrastructure,1,False,False,False,False,False,False,True,False,False,False,False,22,2025-06-24T19:54:27+09:00,html,,,,,,,,0,[]
aG9ra2FpZG8vaG9ra2FpZG9fcHJlZi8yMDI1LzIwMjUwNjI1XzAyNTM1Cg==,道営住宅管理システム再構築委託業務に係る総合評価一般競争入札の実施について,北海道,01,北海道,,,2025-06-25T00:00:00+09:00,2025,役務,,https://www.pref.hokkaido.lg.jp/kn/jtk/223377.html,1.1.0-candidate2,True,True,False,system_development,1,True,False,False,False,False,False,False,False,False,False,False,22,2025-06-25T19:55:13+09:00,html,,,,,,,,3,"[{""name"":""令和7年度北海道告示第285号 (PDF 309KB)"",""uri"":""https://www.pref.hokkaido.lg.jp/fs/1/1/6/8/0/7/0/1/_/100_%E4%BB%A4%E5%92%8C7%E5%B9%B4%E5%BA%A6%E5%8C%97%E6%B5%B7%E9%81%93%E5%91%8A%E7%A4%BA%E7%AC%AC285%E5%8F%B7.pdf""},{""name"":""入札説明書等 (ZIP 349KB)"",""uri"":""https://www.pref.hokkaido.lg.jp/fs/1/1/6/7/8/7/9/3/_/2%E5%85%A5%E6%9C%AD%E8%AA%AC%E6%98%8E%E6%9B%B8%E7%AD%89.zip""},{""name"":""道営住宅管理システム仕様書 (PDF 1.84MB)"",""uri"":""https://www.pref.hokkaido.lg.jp/fs/1/1/7/4/6/6/5/6/_/%E3%80%90R0706xx%E6%9B%B4%E6%96%B0%E3%80%91%E9%81%93%E5%96%B6%E4%BD%8F%E5%AE%85%E7%AE%A1%E7%90%86%E3%82%B7%E3%82%B9%E3%83%86%E3%83%A0%E4%BB%95%E6%A7%98%E6%9B%B8.pdf""}]"
Z292Ny9jYnJfbWxpdC8yMDI1LzIwMjUwNjI3XzA0ODUyCg==,令和７年度 電子入札システム機能改良業務,国土交通省中部地方整備局,23,愛知県,231002,名古屋市,2025-06-27T00:00:00+09:00,2025,役務,,https://www.cbr.mlit.go.jp/contract/buppin/bukoukoku/data/pdf/TW1lxgegc020250626_2.pdf,1.1.0-candidate2,True,True,False,system_development,1,True,False,False,False,False,False,False,False,False,False,False,4,2025-06-27T19:06:34+09:00,pdf,113612.0,A B,,,,,,0,[]
Z292OS9qc3BzLzIwMjUvMjAyNTA2MjdfMDAyMjMK,旅行手配・管理システム構築等 一式(PDF/152KB),独立行政法人日本学術振興会,13,東京都,131016,千代田区,2025-06-27T00:00:00+09:00,2025,役務,,https://www.jsps.go.jp/file/storage/j-choutatsu/procurement/R7-45_competition.pdf,1.1.0-candidate2,True,True,False,system_development,1,True,False,False,False,False,False,False,False,False,False,False,7,2025-06-27T19:08:57+09:00,pdf,154917.0,,,,,,,0,[]
dG9reW8vbmNjaGQvMjAyNS8yMDI1MDYyN18wMDM4MAo=,ダイバーシティWEBサイト構築・制作・運用保守業務委託,国立研究開発法人国立成育医療研究センター,13,東京都,131121,世田谷区,2025-06-27T00:00:00+09:00,2025,役務,,https://www.ncchd.go.jp/purchase/20250627_01.pdf,1.1.0-candidate2,True,True,False,software_applications,1,False,False,True,False,False,False,False,False,False,False,False,2,2025-07-07T19:06:20+09:00,pdf,152845.0,,,,,,,0,[]
aG9ra2FpZG8vaG9ra2FpZG9fcHJlZi8yMDI1LzIwMjUwNjMwXzAyNTYyCg==,道営住宅管理システム再構築委託業務に係る総合評価一般競争入札の実施について,北海道,01,北海道,,,2025-06-30T00:00:00+09:00,2025,役務,,https://www.pref.hokkaido.lg.jp/kn/jtk/223377.html,1.1.0-candidate2,True,True,False,system_development,1,True,False,False,False,False,False,False,False,False,False,False,3,2025-07-07T19:06:59+09:00,html,,,,,,,,3,"[{""name"":""令和7年度北海道告示第285号 (PDF 309KB)"",""uri"":""https://www.pref.hokkaido.lg.jp/fs/1/1/6/8/0/7/0/1/_/100_%E4%BB%A4%E5%92%8C7%E5%B9%B4%E5%BA%A6%E5%8C%97%E6%B5%B7%E9%81%93%E5%91%8A%E7%A4%BA%E7%AC%AC285%E5%8F%B7.pdf""},{""name"":""入札説明書等 (ZIP 349KB)"",""uri"":""https://www.pref.hokkaido.lg.jp/fs/1/1/6/7/8/7/9/3/_/2%E5%85%A5%E6%9C%AD%E8%AA%AC%E6%98%8E%E6%9B%B8%E7%AD%89.zip""},{""name"":""道営住宅管理システム仕様書 (PDF 1.84MB)"",""uri"":""https://www.pref.hokkaido.lg.jp/fs/1/1/7/9/6/7/4/2/_/%E9%81%93%E5%96%B6%E4%BD%8F%E5%AE%85%E7%AE%A1%E7%90%86%E3%82%B7%E3%82%B9%E3%83%86%E3%83%A0%E4%BB%95%E6%A7%98%E6%9B%B8.pdf""}]"
dG9reW8vcmlueWFfbWFmZl9nby8yMDI1LzIwMjUwNjMwXzAwMDA5Cg==,令和6年度（補正予算）山地災害調査アプリケーションのクラウド移行及び改修業務(PDF : 253KB),林野庁,13,東京都,131016,千代田区,2025-06-30T00:00:00+09:00,2025,役務,,https://www.rinya.maff.go.jp/j/supply/nyusatu/buppin/attach/pdf/system-684.pdf,1.1.0-candidate2,True,True,False,software_applications|cloud,2,False,False,True,False,True,False,False,False,False,False,False,1,2025-09-08T19:08:58+09:00,pdf,258954.0,A B,,,,,,2,"[{""name"":""入札説明書(PDF : 1,037KB)"",""uri"":""https://www.rinya.maff.go.jp/j/supply/nyusatu/buppin/attach/pdf/system-685.pdf""},{""name"":""仕様書(PDF : 5,135KB)"",""uri"":""https://www.rinya.maff.go.jp/j/supply/nyusatu/buppin/attach/pdf/system-686.pdf""}]"
Z292Ny9jYnJfbWxpdC8yMDI1LzIwMjUwNzAyXzA0ODU1Cg==,令和７年度 防災情報システムサーバー賃貸借及び保守,国土交通省中部地方整備局,23,愛知県,231002,名古屋市,2025-07-02T00:00:00+09:00,2025,役務,,https://www.cbr.mlit.go.jp/contract/buppin/bukoukoku/data/pdf/507SbKsS2620250701_2.pdf,1.1.0-candidate2,True,True,False,operations_maintenance|network_infrastructure,2,False,False,False,True,False,False,True,False,False,False,False,21,2025-07-07T19:05:09+09:00,pdf,125608.0,A B C D,,,,,,0,[]
c2VhcmNoL3BfcG9ydGFsLzIwMjUvMDcvMjAyNTA3MDRfNDU4MTYK,「全国犯罪被害者支援フォーラム2025」及び「令和７年度全国被害者支援ネットワーク秋期全国研修会」運営等業務委託,国家公安委員会（警察庁）,13,東京都,,,2025-07-04T00:00:00+09:00,2025,役務,一般競争入札,https://www.p-portal.go.jp/pps-web-biz/UAA01/OAA0101,1.1.0-candidate2,True,True,False,network_infrastructure,1,False,False,False,False,False,False,True,False,False,False,False,77,2025-07-08T16:23:51+09:00,html,,,,,,,,0,[]
Z292L25hbHRlY19nby8yMDI1LzIwMjUwNzA3XzAwMDAxCg==,"旅費精算システムの導入及び旅費計算確認等委託業務 （231,792KB）",独立行政法人自動車技術総合機構,13,東京都,131041,新宿区,2025-07-07T00:00:00+09:00,2025,役務,一般競争入札,https://www.naltec.go.jp/publication/hbh5ss0000004coo-att/hbh5ss0000004coz.pdf,1.1.0-candidate2,True,True,False,system_development,1,True,False,False,False,False,False,False,False,False,False,False,76,2025-07-07T17:43:13+09:00,pdf,231792.0,,,,,,,0,[]
aG9ra2FpZG8yL2hpZ2FzaGlrYWd1cmFfdG93bi8yMDI1LzIwMjUwNzA3XzAwMDAzCg==,東神楽町 AI オンデマンド交通システム導入業務委託公募型プロポーザル実施のお知らせ,北海道東神楽町,01,北海道,014532,東神楽町,2025-07-07T00:00:00+09:00,2025,役務,,https://www.town.higashikagura.lg.jp/docs/14757.html,1.1.0-candidate2,True,True,False,system_development|artificial_intelligence,2,True,False,False,False,False,False,False,False,False,True,False,55,2026-03-05T19:05:45+09:00,html,19011.0,,,,,,,4,"[{""name"":""00_プロポーザル公示文章(デマンドシステム) (PDF 132KB)"",""uri"":""https://www.town.higashikagura.lg.jp/fs/5/0/1/5/5/_/00_____________________.pdf""},{""name"":""02_実施要領(デマンドシステム)0613修正 (PDF 944KB)"",""uri"":""https://www.town.higashikagura.lg.jp/fs/5/0/2/4/7/_/02_______________0613__.pdf""},{""name"":""03_仕様書(デマンドシステム) (PDF 1000KB)"",""uri"":""https://www.town.higashikagura.lg.jp/fs/5/0/1/5/7/_/03______________.pdf""},{""name"":""実施体制図 (PDF 85KB)"",""uri"":""https://www.town.higashikagura.lg.jp/fs/5/0/1/4/8/_/_____.pdf""}]"
b3Nha2Evb3Nha2F0b25leWFtYV9pcnlvX2NlbnRlci8yMDI1LzIwMjUwNzA3XzAwMzcyCg==,病院情報システムハードウェア保守業務委託,独立行政法人国立病院機構大阪刀根山医療センター,27,大阪府,272035,豊中市,2025-07-07T00:00:00+09:00,2025,役務,,https://toneyama.hosp.go.jp/personnel/supply/pdf/buppin/20250630_2.pdf,1.1.0-candidate2,True,True,False,operations_maintenance,1,False,False,False,True,False,False,False,False,False,False,False,18,2025-07-07T19:06:34+09:00,pdf,86666.0,,,,,,,0,[]
Z292NS9haXN0X3VuaXQvMjAyNS8yMDI1MDcwOF8wNzI4MAo=,AIチップ設計拠点のクラウド仮想サーバーシステムの構築,国立研究開発法人産業技術総合研究所,13,東京都,131016,千代田区,2025-07-08T00:00:00+09:00,2025,役務,,https://www.aist.go.jp/aist_j/procure/supplyinfo/pub/detail/BKU13X5D,1.1.0-candidate2,True,True,False,system_development|cloud|network_infrastructure|artificial_intelligence,4,True,False,False,False,True,False,True,False,False,True,False,69,2025-07-08T19:05:10+09:00,html,,,,,,,,0,[]
Z292MTAvbmVkb19nby8yMDI1LzIwMjUwNzA5XzAwMDQ5Cg==,「追跡調査支援システム」の設計・構築・開発及び運用・保守業務,国立研究開発法人新エネルギー・産業技術総合開発機構,14,神奈川県,141305,川崎市,2025-07-09T00:00:00+09:00,2025,役務,一般競争入札,https://www.nedo.go.jp/content/800027598.pdf,1.1.0-candidate2,True,True,False,system_development|operations_maintenance,2,True,False,False,True,False,False,False,False,False,False,False,5,2025-07-09T19:05:30+09:00,pdf,196731.0,A B C,,,,,,1,"[{""name"":""仕様書（287KB）"",""uri"":""https://www.nedo.go.jp/content/800027599.pdf""}]"
dG9reW8vbmNjX2dvLzIwMjUvMjAyNTA3MTBfMDMxNjAK,内視鏡手術ナビゲーションにかかるシステム開発の業務委託 一式,国立研究開発法人国立がん研究センター,13,東京都,,,2025-07-10T00:00:00+09:00,2025,役務,一般競争入札,https://www.ncc.go.jp/jp/chotatsu/kashiwa/010/20250101_000/20250617_084/2_koukoku20250710_084.pdf,1.1.0-candidate2,True,True,False,system_development,1,True,False,False,False,False,False,False,False,False,False,False,64,2025-07-10T19:06:10+09:00,pdf,164477.0,,,,,,,0,[]
c2VhcmNoL3BfcG9ydGFsLzIwMjUvMDcvMjAyNTA3MTRfNDYzNjYK,新情報セキュリティ基準への対応に係る支援役務（移動支援等）,防衛省,13,東京都,,,2025-07-14T00:00:00+09:00,2025,役務,一般競争入札,https://www.p-portal.go.jp/pps-web-biz/UAA01/OAA0101,1.1.0-candidate2,True,True,False,cybersecurity,1,False,False,False,False,False,True,False,False,False,False,False,56,2025-07-14T19:51:36+09:00,html,,,,,,,,0,[]
Z292My9tb2Rfam9pbnRfc3RhZmYvMjAyNS8yMDI1MDcxNV8wMDcwMQo=,ネットワーク管理装置用ソフトウェアのデータ整備等役務（25S1E06061）（pdf）,防衛省統合幕僚監部,13,東京都,131041,新宿区,2025-07-15T00:00:00+09:00,2025,役務,,https://www.mod.go.jp/js/pdf/supply/open_bid/c20250612_03.pdf,1.1.0-candidate2,True,True,False,software_applications|network_infrastructure,2,False,False,True,False,False,False,True,False,False,False,False,54,2025-06-12T20:42:53+09:00,pdf,802228.0,,,,,,,0,[]
c2VhcmNoL3BfcG9ydGFsLzIwMjUvMDcvMjAyNTA3MTdfNDY2OTIK,オンプレミス型大規模言語モデルの調査実証等役務,防衛省,13,東京都,,,2025-07-17T00:00:00+09:00,2025,役務,一般競争入札,https://www.p-portal.go.jp/pps-web-biz/UAA01/OAA0101,1.1.0-candidate2,True,False,True,artificial_intelligence,1,False,False,False,False,False,False,False,False,False,True,False,41,2025-07-18T19:42:58+09:00,html,,,,,,,,0,[]
dG9reW8vdGl0ZWNoX2FjLzIwMjUvMjAyNTA3MThfMDA2OTUK,教育用電子計算機システム移設等作業 1式,国立大学法人東京工業大学,13,東京都,131105,目黒区,2025-07-18T00:00:00+09:00,2025,役務,,http://www.zaimu.titech.ac.jp/keiyaku/kanren/koukoku/wpsys/wp-content/uploads/%E6%95%99%E8%82%B2%E7%94%A8%E9%9B%BB%E5%AD%90%E8%A8%88%E7%AE%97%E6%A9%9F%E3%82%B7%E3%82%B9%E3%83%86%E3%83%A0%E7%A7%BB%E8%A8%AD%E7%AD%89%E4%BD%9C%E6%A5%AD-1%E5%BC%8F_R7.7.18-R7.8.8.pdf,1.1.0-candidate2,True,True,False,network_infrastructure,1,False,False,False,False,False,False,True,False,False,False,False,34,2025-07-18T19:08:21+09:00,pdf,195623.0,,,,,,,0,[]
Z292L25hbHRlY19nby8yMDI1LzIwMjUwNzIyXzAwMDIyCg==,"【入札公告の取消】旅費精算システムの導入及び旅費計算確認等委託業務 （49,588KB）",独立行政法人自動車技術総合機構,13,東京都,131041,新宿区,2025-07-22T00:00:00+09:00,2025,役務,一般競争入札,https://www.naltec.go.jp/publication/hbh5ss0000004iqw-att/20250722.pdf,1.1.0-candidate2,True,True,False,system_development,1,True,False,False,False,False,False,False,False,False,False,False,33,2025-07-22T19:07:31+09:00,pdf,49588.0,,,,,,,0,[]
Z292L25hbHRlY19nby8yMDI1LzIwMjUwNzIyXzAwMDIzCg==,"旅費精算システムの導入及び旅費計算確認等委託業務 （233,625KB）",独立行政法人自動車技術総合機構,13,東京都,131041,新宿区,2025-07-22T00:00:00+09:00,2025,役務,一般競争入札,https://www.naltec.go.jp/publication/hbh5ss0000004irh-att/2025072_2.pdf,1.1.0-candidate2,True,True,False,system_development,1,True,False,False,False,False,False,False,False,False,False,False,32,2025-07-22T19:07:32+09:00,pdf,233625.0,,,,,,,0,[]
Z292OS9qcGYvMjAyNS8yMDI1MDcyMl8wMDUzOAo=,次世代人事課業務システムの更改に係る設計・開発及び運用・保守業務委託,独立行政法人国際交流基金,13,東京都,131041,新宿区,2025-07-22T00:00:00+09:00,2025,役務,,https://www.jpf.go.jp/assets/attachmentfile/attachmentfile-file-4678.pdf,1.1.0-candidate2,True,True,False,system_development|operations_maintenance,2,True,False,False,True,False,False,False,False,False,False,False,31,2025-07-22T19:05:10+09:00,pdf,349742.0,A B C,,,,,,0,[]
aG9ra2FpZG8veXViYXJpX2NpdHkvMjAyNS8yMDI1MDcyMl8wMDIyOAo=,令和7年度二要素認証システム更新業務委託に係る条件付一般競争入札を実施します,北海道夕張市,01,北海道,012092,夕張市,2025-07-22T00:00:00+09:00,2025,役務,,https://www.city.yubari.lg.jp/uploaded/attachment/7242.pdf,1.1.0-candidate2,True,True,False,system_development,1,True,False,False,False,False,False,False,False,False,False,False,19,2025-07-22T19:08:22+09:00,pdf,88189.0,,,,,,,2,"[{""name"":""入札説明書 [PDFファイル／94KB]"",""uri"":""https://www.city.yubari.lg.jp/uploaded/attachment/7243.pdf""},{""name"":""令和7年度二要素認証システム更新業務委託仕様書 [PDFファイル／205KB]"",""uri"":""https://www.city.yubari.lg.jp/uploaded/attachment/7244.pdf""}]"
aG9ra2FpZG8veXViYXJpX2NpdHkvMjAyNS8yMDI1MDcyMl8wMDIyOQo=,令和7年度選挙人名簿管理システム（標準化対応）構築業務委託に係る条件付一般競争入札を実施します,北海道夕張市,01,北海道,012092,夕張市,2025-07-22T00:00:00+09:00,2025,役務,,https://www.city.yubari.lg.jp/uploaded/attachment/7235.pdf,1.1.0-candidate2,True,True,False,system_development|it_consulting_planning,2,True,False,False,False,False,False,False,False,False,False,True,18,2025-07-22T19:08:22+09:00,pdf,89368.0,,,,,,,1,"[{""name"":""入札説明書 [PDFファイル／97KB]"",""uri"":""https://www.city.yubari.lg.jp/uploaded/attachment/7236.pdf""}]"
Z292NS9haXN0X3VuaXQvMjAyNS8yMDI1MDcyNF8wNzI4Nwo=,知的財産管理システムの構築及び運用保守,国立研究開発法人産業技術総合研究所,13,東京都,131016,千代田区,2025-07-24T00:00:00+09:00,2025,役務,,https://www.aist.go.jp/aist_j/procure/supplyinfo/pub/detail/OI16O8XL,1.1.0-candidate2,True,True,False,system_development|operations_maintenance,2,True,False,False,True,False,False,False,False,False,False,False,21,2025-07-24T19:05:05+09:00,html,,,,,,,,0,[]
aG9ra2FpZG8vaG9ra2FpZG9fcHJlZi8yMDI1LzIwMjUwNzI1XzAyNjEwCg==,次期財産管理システム開発委託業務に係る総合評価一般競争入札の実施について,北海道,01,北海道,,,2025-07-25T00:00:00+09:00,2025,役務,,https://www.pref.hokkaido.lg.jp/st/sum/228812.html,1.1.0-candidate2,True,True,False,system_development,1,True,False,False,False,False,False,False,False,False,False,False,13,2025-07-25T19:06:16+09:00,html,,,,,,,,11,"[{""name"":""令和7年度北海道告示第357号 (PDF 87.4KB)"",""uri"":""https://www.pref.hokkaido.lg.jp/fs/1/1/9/7/5/1/5/9/_/%E5%8C%97%E6%B5%B7%E9%81%93%E5%91%8A%E7%A4%BA%E7%AC%AC%20357%20%E5%8F%B7.pdf""},{""name"":""関係書類一式（調達仕様書を除く） (ZIP 1.88MB)"",""uri"":""https://www.pref.hokkaido.lg.jp/fs/1/1/9/8/6/9/8/8/_/%E9%96%A2%E4%BF%82%E6%9B%B8%E9%A1%9E%E4%B8%80%E5%BC%8F(%E8%AA%BF%E9%81%94%E4%BB%95%E6%A7%98%E6%9B%B8%E3%82%92%E9%99%A4%E3%81%8F).zip""},{""name"":""調達仕様書、要求定義書及び導入スケジュール案 (ZIP 1.8MB)"",""uri"":""https://www.pref.hokkaido.lg.jp/fs/1/1/9/7/5/1/6/1/_/%E8%AA%BF%E9%81%94%E4%BB%95%E6%A7%98%E6%9B%B8%E3%80%81%E8%A6%81%E6%B1%82%E5%AE%9A%E7%BE%A9%E6%9B%B8%E5%8F%8A%E3%81%B3%E5%B0%8E%E5%85%A5%E3%82%B9%E3%82%B1%E3%82%B8%E3%83%A5%E3%83%BC%E3%83%AB%E6%A1%88.zip""},{""name"":""要求定義書別添 (ZIP 696KB)"",""uri"":""https://www.pref.hokkaido.lg.jp/fs/1/1/9/7/5/1/6/2/_/%E8%A6%81%E6%B1%82%E5%AE%9A%E7%BE%A9%E6%9B%B8%E5%88%A5%E6%B7%BB.zip""},{""name"":""調達仕様書参考資料１ (ZIP 1000KB)"",""uri"":""https://www.pref.hokkaido.lg.jp/fs/1/1/9/7/5/2/5/7/_/%E8%AA%BF%E9%81%94%E4%BB%95%E6%A7%98%E6%9B%B8%E5%8F%82%E8%80%83%E8%B3%87%E6%96%991.zip""},{""name"":""調達仕様書参考資料２ (ZIP 1.86MB)"",""uri"":""https://www.pref.hokkaido.lg.jp/fs/1/1/9/7/5/2/2/9/_/%E8%AA%BF%E9%81%94%E4%BB%95%E6%A7%98%E6%9B%B8%E5%8F%82%E8%80%83%E8%B3%87%E6%96%992.zip""},{""name"":""調達仕様書参考資料３ (ZIP 2.56MB)"",""uri"":""https://www.pref.hokkaido.lg.jp/fs/1/1/9/7/5/2/6/7/_/%E8%AA%BF%E9%81%94%E4%BB%95%E6%A7%98%E6%9B%B8%E5%8F%82%E8%80%83%E8%B3%87%E6%96%993.zip""},{""name"":""調達仕様書参考資料４ (ZIP 1.91MB)"",""uri"":""https://www.pref.hokkaido.lg.jp/fs/1/1/9/7/5/2/6/8/_/%E8%AA%BF%E9%81%94%E4%BB%95%E6%A7%98%E6%9B%B8%E5%8F%82%E8%80%83%E8%B3%87%E6%96%994.zip""},{""name"":""調達仕様書参考資料５ (ZIP 2.73MB)"",""uri"":""https://www.pref.hokkaido.lg.jp/fs/1/1/9/7/5/2/6/9/_/%E8%AA%BF%E9%81%94%E4%BB%95%E6%A7%98%E6%9B%B8%E5%8F%82%E8%80%83%E8%B3%87%E6%96%995.zip""},{""name"":""調達仕様書参考資料６ (ZIP 2.68MB)"",""uri"":""https://www.pref.hokkaido.lg.jp/fs/1/1/9/7/5/2/7/2/_/%E8%AA%BF%E9%81%94%E4%BB%95%E6%A7%98%E6%9B%B8%E5%8F%82%E8%80%83%E8%B3%87%E6%96%996.zip""},{""name"":""調達仕様書参考資料7 (ZIP 737KB)"",""uri"":""https://www.pref.hokkaido.lg.jp/fs/1/1/9/7/5/2/7/3/_/%E8%AA%BF%E9%81%94%E4%BB%95%E6%A7%98%E6%9B%B8%E5%8F%82%E8%80%83%E8%B3%87%E6%96%997.zip""}]"
dG9reW8va2VpZGFpLzIwMjUvMjAyNTA3MzFfMDA2NDQK,車載ネットワークからのデータ取得役務（形式：72KB）,国家公安委員会（警察庁）警察大学校,13,東京都,132063,府中市,2025-07-31T00:00:00+09:00,2025,役務,,https://www.npa.go.jp/keidai/resources/kobo/tyotatsu/2025/R7-07.pdf,1.1.0-candidate2,True,True,False,network_infrastructure,1,False,False,False,False,False,False,True,False,False,False,False,1,2025-07-31T19:05:19+09:00,pdf,73433.0,,,,,,,0,[]
dG9reW8vbmNucF9nby8yMDI1LzIwMjUwODA1XzAxODM5Cg==,病院情報システム運用管理業務委託,国立研究開発法人国立精神・神経医療研究センター,13,東京都,132110,小平市,2025-08-05T00:00:00+09:00,2025,役務,,https://www.ncnp.go.jp/press_search/images/bid/bid_kWsq90jJtHzKTTjh_1.pdf,1.1.0-candidate2,True,True,False,operations_maintenance,1,False,False,False,True,False,False,False,False,False,False,False,68,2025-08-05T19:05:57+09:00,pdf,161366.0,,,,,,,0,[]
Z292NS9haXN0X3VuaXQvMjAyNS8yMDI1MDgwOF8wNzI5Ngo=,電力・空調設備監視システムの導入,国立研究開発法人産業技術総合研究所,13,東京都,131016,千代田区,2025-08-08T00:00:00+09:00,2025,役務,,https://www.aist.go.jp/aist_j/procure/supplyinfo/pub/detail/B4OKWLA7,1.1.0-candidate2,True,True,False,system_development,1,True,False,False,False,False,False,False,False,False,False,False,56,2025-08-08T19:05:37+09:00,html,,,,,,,,0,[]
dG9reW8vdGl0ZWNoX2FjLzIwMjUvMjAyNTA4MDhfMDA3MTAK,アンケートシステムの利用及び導入サポート 一式,国立大学法人東京工業大学,13,東京都,131105,目黒区,2025-08-08T00:00:00+09:00,2025,役務,,http://www.zaimu.titech.ac.jp/keiyaku/kanren/koukoku/wpsys/wp-content/uploads/%E3%82%A2%E3%83%B3%E3%82%B1%E3%83%BC%E3%83%88%E3%82%B7%E3%82%B9%E3%83%86%E3%83%A0%E3%81%AE%E5%88%A9%E7%94%A8%E5%8F%8A%E3%81%B3%E5%B0%8E%E5%85%A5%E3%82%B5%E3%83%9D%E3%83%BC%E3%83%88-%E4%B8%80%E5%BC%8F_R7.8.8-R7.9.12.pdf,1.1.0-candidate2,True,True,False,system_development|system_services,2,True,True,False,False,False,False,False,False,False,False,False,49,2025-08-08T19:08:32+09:00,pdf,158550.0,,,,,,,0,[]
YWljaGkvbmNnZy8yMDI1LzIwMjUwODE4XzAxMjQ0Cg==,EDCシステム構築・システム保守業務委託契約,国立研究開発法人国立長寿医療研究センター,23,愛知県,232238,大府市,2025-08-18T00:00:00+09:00,2025,役務,,https://www.ncgg.go.jp/ncgg-chotatsu/documents/20250818-1.pdf,1.1.0-candidate2,True,True,False,system_development|operations_maintenance,2,True,False,False,True,False,False,False,False,False,False,False,12,2025-08-18T19:05:45+09:00,pdf,138206.0,,,,,,,0,[]
Z292NS9haXN0X3VuaXQvMjAyNS8yMDI1MDgxOF8wNzMwMQo=,基幹ネットワーク機器の更新及び保守,国立研究開発法人産業技術総合研究所,13,東京都,131016,千代田区,2025-08-18T00:00:00+09:00,2025,役務,,https://www.aist.go.jp/aist_j/procure/supplyinfo/pub/detail/6ZOE5NTY,1.1.0-candidate2,True,True,False,network_infrastructure,1,False,False,False,False,False,False,True,False,False,False,False,39,2025-08-18T19:05:21+09:00,html,,,,,,,,0,[]
b3Nha2EvbWlub2hfY2l0eS8yMDI1LzIwMjUwODIwXzAwMDE1Cg==,財務会計システム更新等業務委託にかかる総合評価入札による一般競争入札の実施について,大阪府箕面市,27,大阪府,272205,箕面市,2025-08-20T00:00:00+09:00,2025,役務,,https://www.city.minoh.lg.jp/suitou/nyusatu/r7sougouhyoukanyuusatu.html,1.1.0-candidate2,True,True,False,system_development,1,True,False,False,False,False,False,False,False,False,False,False,9,2025-10-21T19:05:53+09:00,html,,,,,,,,2,"[{""name"":""入札説明書（ワード：26KB）"",""uri"":""https://www.city.minoh.lg.jp/suitou/nyusatu/documents/nyuusatusetumeisho.docx""},{""name"":""(資料1)仕様書（ワード：26KB）"",""uri"":""https://www.city.minoh.lg.jp/suitou/nyusatu/documents/siryou1.docx""}]"
c2VhcmNoL3BfcG9ydGFsLzIwMjUvMDgvMjAyNTA4MjBfNDgzMTMK,防衛大学校共同利用電子計算機システムのEDR導入役務,防衛省,14,神奈川県,,,2025-08-20T00:00:00+09:00,2025,役務,一般競争入札,https://www.p-portal.go.jp/pps-web-biz/UAA01/OAA0101,1.1.0-candidate2,True,True,False,system_development,1,True,False,False,False,False,False,False,False,False,False,False,4,2025-08-20T20:10:54+09:00,html,,,,,,,,0,[]
dG9reW8vcmlueWFfbWFmZl9nby8yMDI1LzIwMjUwODIwXzAwMDA4Cg==,令和7年度国家森林資源データベースシステムの運用及びデータ整備等業務(PDF : 431KB),林野庁,13,東京都,131016,千代田区,2025-08-20T00:00:00+09:00,2025,役務,,https://www.rinya.maff.go.jp/j/supply/nyusatu/buppin/attach/pdf/system-692.pdf,1.1.0-candidate2,True,True,False,operations_maintenance,1,False,False,False,True,False,False,False,False,False,False,False,32,2025-09-08T19:08:58+09:00,pdf,440464.0,A B C D,,,,,,2,"[{""name"":""入札説明書等(PDF : 657KB)"",""uri"":""https://www.rinya.maff.go.jp/j/supply/nyusatu/buppin/attach/pdf/system-694.pdf""},{""name"":""調達仕様書(PDF : 7,075KB)"",""uri"":""https://www.rinya.maff.go.jp/j/supply/nyusatu/buppin/attach/pdf/system-693.pdf""}]"
dG9reW8vdGl0ZWNoX2FjLzIwMjUvMjAyNTA4MjBfMDA3MTQK,LLMのミスアライメントに対するレッドチーミングフレームワークの開発 一式,国立大学法人東京工業大学,13,東京都,131105,目黒区,2025-08-20T00:00:00+09:00,2025,役務,,http://www.zaimu.titech.ac.jp/keiyaku/kanren/koukoku/wpsys/wp-content/uploads/LLM%E3%81%AE%E3%83%9F%E3%82%B9%E3%82%A2%E3%83%A9%E3%82%A4%E3%83%A1%E3%83%B3%E3%83%88%E3%81%AB%E5%AF%BE%E3%81%99%E3%82%8B%E3%83%AC%E3%83%83%E3%83%89%E3%83%81%E3%83%BC%E3%83%9F%E3%83%B3%E3%82%B0%E3%83%95%E3%83%AC%E3%83%BC%E3%83%A0%E3%83%AF%E3%83%BC%E3%82%AF%E3%81%AE%E9%96%8B%E7%99%BA-%E4%B8%80%E5%BC%8F_R7.8.20-R7.9.12.pdf,1.1.0-candidate2,True,True,False,system_development|artificial_intelligence,2,True,False,False,False,False,False,False,False,False,True,False,33,2025-08-20T19:08:21+09:00,pdf,148338.0,,,,,,,0,[]
YWljaGkvbmNnZy8yMDI1LzIwMjUwODIyXzAxMjQ2Cg==,ステルスステーションナビゲーションシステム保守業務委託契約,国立研究開発法人国立長寿医療研究センター,23,愛知県,232238,大府市,2025-08-22T00:00:00+09:00,2025,役務,,https://www.ncgg.go.jp/ncgg-chotatsu/documents/2025082202.pdf,1.1.0-candidate2,True,True,False,operations_maintenance,1,False,False,False,True,False,False,False,False,False,False,False,6,2025-08-25T19:05:31+09:00,pdf,139877.0,,,,,,,0,[]
Z292MTAvbmVkb19nby8yMDI1LzIwMjUwODI2XzAwMDU2Cg==,マスタデータ管理及び情報系システムに係る設計・開発及び運用・保守業務,国立研究開発法人新エネルギー・産業技術総合開発機構,14,神奈川県,141305,川崎市,2025-08-26T00:00:00+09:00,2025,役務,一般競争入札,https://www.nedo.go.jp/content/800030945.pdf,1.1.0-candidate2,True,True,False,system_development|operations_maintenance,2,True,False,False,True,False,False,False,False,False,False,False,3,2025-08-26T19:05:17+09:00,pdf,793100.0,A B C,,,,,,1,"[{""name"":""仕様書（1.7MB）"",""uri"":""https://www.nedo.go.jp/content/800030946.pdf""}]"
aG9ra2FpZG8vaG9ra2FpZG9fcm91ZG91a3lva3UvMjAyNS8yMDI1MDgyNl8wMjI0Nwo=,受付発券機及び呼出操作システムの更新業務委託契約（釧路公共職業安定所及びハローワークプラザ釧路）,厚生労働省北海道労働局,01,北海道,011002,札幌市,2025-08-26T00:00:00+09:00,2025,役務,一般競争入札,https://jsite.mhlw.go.jp/hokkaido-roudoukyoku/content/contents/002361045.pdf,1.1.0-candidate2,True,True,False,system_development,1,True,False,False,False,False,False,False,False,False,False,False,10,2025-09-01T19:06:57+09:00,pdf,95377.0,,,,,,,0,[]
b3Nha2EvbWlub2hfY2l0eS8yMDI1LzIwMjUwODI2XzAwMDE0Cg==,箕面市教育情報ネットワーク（学習系ネットワーク）アセスメント業務委託にかかる一般競争入札の実施について,大阪府箕面市,27,大阪府,272205,箕面市,2025-08-26T00:00:00+09:00,2025,役務,,https://www.city.minoh.lg.jp/keiyaku/ippannkyousounyuusatu/documents/r7kyouikujouhouasesumento.html,1.1.0-candidate2,True,True,False,network_infrastructure,1,False,False,False,False,False,False,True,False,False,False,False,5,2025-10-21T19:05:52+09:00,html,,,,,,,,2,"[{""name"":""入札説明書（PDF：146KB）"",""uri"":""https://www.city.minoh.lg.jp/keiyaku/ippannkyousounyuusatu/documents/documents/01nyuusatsusetsumeishor7kyouikujouhouasesumento.pdf""},{""name"":""仕様書（PDF：242KB）"",""uri"":""https://www.city.minoh.lg.jp/keiyaku/ippannkyousounyuusatu/documents/documents/02shiyousyor7kyouikujouhouasesumento.pdf""}]"
c2VhcmNoL3BfcG9ydGFsLzIwMjUvMDgvMjAyNTA4MjZfNDg2MjEK,秘匿アプリケーションの設定変更等役務,防衛省,13,東京都,,,2025-08-26T00:00:00+09:00,2025,役務,一般競争入札,https://www.p-portal.go.jp/pps-web-biz/UAA01/OAA0101,1.1.0-candidate2,True,True,False,software_applications,1,False,False,True,False,False,False,False,False,False,False,False,16,2025-08-26T19:53:49+09:00,html,,,,,,,,0,[]
aG9ra2FpZG8vaG9ra2FpZG9fcHJlZi8yMDI1LzIwMjUwODI3XzAyNjU5Cg==,道営住宅管理システム再構築委託業務に係る総合評価一般競争入札の実施について,北海道,01,北海道,,,2025-08-27T00:00:00+09:00,2025,役務,,https://www.pref.hokkaido.lg.jp/kn/jtk/223377.html,1.1.0-candidate2,True,True,False,system_development,1,True,False,False,False,False,False,False,False,False,False,False,4,2025-08-27T19:06:31+09:00,html,,,,,,,,3,"[{""name"":""令和7年度北海道告示第285号 (PDF 309KB)"",""uri"":""https://www.pref.hokkaido.lg.jp/fs/1/1/6/8/0/7/0/1/_/100_%E4%BB%A4%E5%92%8C7%E5%B9%B4%E5%BA%A6%E5%8C%97%E6%B5%B7%E9%81%93%E5%91%8A%E7%A4%BA%E7%AC%AC285%E5%8F%B7.pdf""},{""name"":""入札説明書等 (ZIP 349KB)"",""uri"":""https://www.pref.hokkaido.lg.jp/fs/1/1/6/7/8/7/9/3/_/2%E5%85%A5%E6%9C%AD%E8%AA%AC%E6%98%8E%E6%9B%B8%E7%AD%89.zip""},{""name"":""道営住宅管理システム仕様書 (PDF 1.84MB)"",""uri"":""https://www.pref.hokkaido.lg.jp/fs/1/1/7/9/6/7/4/2/_/%E9%81%93%E5%96%B6%E4%BD%8F%E5%AE%85%E7%AE%A1%E7%90%86%E3%82%B7%E3%82%B9%E3%83%86%E3%83%A0%E4%BB%95%E6%A7%98%E6%9B%B8.pdf""}]"
ZnVrdW9rYS9vbXV0YV9ob3NwLzIwMjUvMjAyNTA5MDFfMDAzMjQK,入札公告（病院情報システム一式及び7年間の保守業務委託）,独立行政法人国立病院機構大牟田病院,40,福岡県,402028,大牟田市,2025-09-01T00:00:00+09:00,2025,役務,,https://omuta.hosp.go.jp/profession/bid/b03/pdf/20250901_R7_hoshugyoumu.pdf,1.1.0-candidate2,True,True,False,operations_maintenance,1,False,False,False,True,False,False,False,False,False,False,False,15,2025-09-02T19:06:14+09:00,pdf,178618.0,,,,,,,0,[]
c2VhcmNoL3BfcG9ydGFsLzIwMjUvMDkvMjAyNTA5MDJfNDkyMTgK,防衛大学校共同利用電子計算機システムのネットワーク機器設定変更等役務,防衛省,14,神奈川県,,,2025-09-02T00:00:00+09:00,2025,役務,一般競争入札,https://www.p-portal.go.jp/pps-web-biz/UAA01/OAA0101,1.1.0-candidate2,True,True,False,network_infrastructure,1,False,False,False,False,False,False,True,False,False,False,False,23,2025-09-04T20:01:07+09:00,html,,,,,,,,0,[]
Z292NS9haXN0X3VuaXQvMjAyNS8yMDI1MDkwM18wNzMwNgo=,半導体プロセスガスの供給排気システム構築作業 一式,国立研究開発法人産業技術総合研究所,13,東京都,131016,千代田区,2025-09-03T00:00:00+09:00,2025,役務,,https://www.aist.go.jp/aist_j/procure/supplyinfo/pub/detail/X0BIEIPV,1.1.0-candidate2,True,True,False,system_development,1,True,False,False,False,False,False,False,False,False,False,False,63,2025-09-03T19:05:37+09:00,html,,,,,,,,0,[]
Z292NS9haXN0X3VuaXQvMjAyNS8yMDI1MDkwNF8wNzMwNwo=,自動運転向けAI 評価システム開発作業 一式,国立研究開発法人産業技術総合研究所,13,東京都,131016,千代田区,2025-09-04T00:00:00+09:00,2025,役務,,https://www.aist.go.jp/aist_j/procure/supplyinfo/pub/detail/J28U352X,1.1.0-candidate2,True,True,False,system_development|artificial_intelligence,2,True,False,False,False,False,False,False,False,False,True,False,61,2025-09-04T19:05:16+09:00,html,,,,,,,,0,[]
Z292NS9haXN0X3VuaXQvMjAyNS8yMDI1MDkwNF8wNzMwOAo=,【訂正公告】知的財産管理システムの構築及び運用保守,国立研究開発法人産業技術総合研究所,13,東京都,131016,千代田区,2025-09-04T00:00:00+09:00,2025,役務,,https://www.aist.go.jp/aist_j/procure/supplyinfo/pub/detail/U40W0O4G,1.1.0-candidate2,True,True,False,system_development|operations_maintenance,2,True,False,False,True,False,False,False,False,False,False,False,60,2025-09-04T19:05:17+09:00,html,,,,,,,,0,[]
Z292MTAvbmVkb19nby8yMDI1LzIwMjUwOTA1XzAwMDU5Cg==,日射量データベース、風況マップのクラウド基盤の移行及び運用保守等業務,国立研究開発法人新エネルギー・産業技術総合開発機構,14,神奈川県,141305,川崎市,2025-09-05T00:00:00+09:00,2025,役務,一般競争入札,https://www.nedo.go.jp/content/800031953.pdf,1.1.0-candidate2,True,True,False,cloud,1,False,False,False,False,True,False,False,False,False,False,False,22,2025-09-05T19:05:14+09:00,pdf,765480.0,A B C,,,,,,1,"[{""name"":""仕様書（435KB）"",""uri"":""https://www.nedo.go.jp/content/800031955.pdf""}]"
a2FuYWdhd2EvaGFrb25lX2hvc3AvMjAyNS8yMDI1MDkwOV8wMDAzMAo=,病院情報システム一式の調達および７年間の保守業務委託,独立行政法人国立病院機構箱根病院,14,神奈川県,142069,小田原市,2025-09-09T00:00:00+09:00,2025,役務,,https://hakone.hosp.go.jp/u-nyusatsu/pdf/20240110.pdf,1.1.0-candidate2,True,True,False,operations_maintenance,1,False,False,False,True,False,False,False,False,False,False,False,7,2025-09-09T19:11:47+09:00,pdf,784201.0,,,,,,,0,[]
c2VhcmNoL3BfcG9ydGFsLzIwMjUvMDkvMjAyNTA5MDlfNDk0NjQK,電磁波を用いた探知及び探知結果に対するＡＩ技術の適用に係る検討役務,防衛省,13,東京都,,,2025-09-09T00:00:00+09:00,2025,役務,一般競争入札,https://www.p-portal.go.jp/pps-web-biz/UAA01/OAA0101,1.1.0-candidate2,True,False,True,artificial_intelligence,1,False,False,False,False,False,False,False,False,False,True,False,49,2025-09-09T19:55:17+09:00,html,,,,,,,,0,[]
c2VhcmNoL3BfcG9ydGFsLzIwMjUvMDkvMjAyNTA5MTFfNDk2NDEK,法令クリアリングシステムの運用に係る改修役務,防衛省,13,東京都,,,2025-09-11T00:00:00+09:00,2025,役務,一般競争入札,https://www.p-portal.go.jp/pps-web-biz/UAA01/OAA0101,1.1.0-candidate2,True,True,False,system_development|operations_maintenance,2,True,False,False,True,False,False,False,False,False,False,False,35,2025-09-11T20:00:24+09:00,html,,,,,,,,0,[]
c2VhcmNoL3BfcG9ydGFsLzIwMjUvMDkvMjAyNTA5MTJfNDk3NDYK,国税システムのシステム運用業務委託,財務省,13,東京都,,,2025-09-12T00:00:00+09:00,2025,役務,一般競争入札,https://www.p-portal.go.jp/pps-web-biz/UAA01/OAA0101,1.1.0-candidate2,True,True,False,operations_maintenance,1,False,False,False,True,False,False,False,False,False,False,False,33,2025-09-12T20:04:16+09:00,html,,,,,,,,0,[]
b3Nha2EvbWlub2hfY2l0eS8yMDI1LzIwMjUwOTE2XzAwMDA5Cg==,箕面市災害対策本部情報共有システム導入業務委託及びシステム用機器購入にかかる一般競争入札の実施について,大阪府箕面市,27,大阪府,272205,箕面市,2025-09-16T00:00:00+09:00,2025,役務,,https://www.city.minoh.lg.jp/keiyaku/ippannkyousounyuusatu/documents/minohshisaigaitaisakuhonbuzyouhoukyouyushisutemu.html,1.1.0-candidate2,True,True,False,system_development,1,True,False,False,False,False,False,False,False,False,False,False,5,2025-10-21T19:05:46+09:00,html,,,,,,,,3,"[{""name"":""入札説明書（PDF：141KB）"",""uri"":""https://www.city.minoh.lg.jp/keiyaku/ippannkyousounyuusatu/documents/documents/01nyusatusetumeisyosaigaitaisakuhonbuzyouhoukyouyuushisutemu.pdf""},{""name"":""導入業務委託仕様書（PDF：1,223KB）"",""uri"":""https://www.city.minoh.lg.jp/keiyaku/ippannkyousounyuusatu/documents/documents/02-1itakushiyousyosaigaitaisakuhinbuzyouhoukyouyushisutemu.pdf""},{""name"":""機器購入仕様書（PDF：209KB）"",""uri"":""https://www.city.minoh.lg.jp/keiyaku/ippannkyousounyuusatu/documents/documents/03-1kikikounyushiyousyosaigaitaisakuzyouhoukyouyushisutemu.pdf""}]"
dG9reW8vcmlueWFfbWFmZl9nby8yMDI1LzIwMjUwOTE2XzAwMDE0Cg==,令和7年度国有林野情報管理システム−市町村交付金算定サブシステムの構築に係る要件定義書作成等業務(PDF : 252KB),林野庁,13,東京都,131016,千代田区,2025-09-16T00:00:00+09:00,2025,役務,,https://www.rinya.maff.go.jp/j/supply/nyusatu/buppin/attach/pdf/system-695.pdf,1.1.0-candidate2,True,True,False,system_development,1,True,False,False,False,False,False,False,False,False,False,False,31,2025-09-16T19:08:31+09:00,pdf,257806.0,A,,,,,,2,"[{""name"":""入札説明書等(PDF : 846KB)"",""uri"":""https://www.rinya.maff.go.jp/j/supply/nyusatu/buppin/attach/pdf/system-696.pdf""},{""name"":""調達仕様書関連(PDF : 3,888KB)"",""uri"":""https://www.rinya.maff.go.jp/j/supply/nyusatu/buppin/attach/pdf/system-697.pdf""}]"
Z292NS9haXN0X3VuaXQvMjAyNS8yMDI1MDkxN18wNzMxMgo=,人材受入管理システムのメールアドレス自動発行機能の構築及び運用・保守,国立研究開発法人産業技術総合研究所,13,東京都,131016,千代田区,2025-09-17T00:00:00+09:00,2025,役務,,https://www.aist.go.jp/aist_j/procure/supplyinfo/pub/detail/JQSQ9WEK,1.1.0-candidate2,True,True,False,system_development|operations_maintenance,2,True,False,False,True,False,False,False,False,False,False,False,30,2025-09-17T19:05:03+09:00,html,,,,,,,,0,[]
Z292NS9haXN0X3VuaXQvMjAyNS8yMDI1MDkxN18wNzMxMwo=,次期産学官システム等と財務会計システムのIF連携機能の構築 一式,国立研究開発法人産業技術総合研究所,13,東京都,131016,千代田区,2025-09-17T00:00:00+09:00,2025,役務,,https://www.aist.go.jp/aist_j/procure/supplyinfo/pub/detail/4FLZS7X3,1.1.0-candidate2,True,True,False,system_development,1,True,False,False,False,False,False,False,False,False,False,False,29,2025-09-17T19:05:04+09:00,html,,,,,,,,0,[]
Z292Ny9jYnJfbWxpdC8yMDI1LzIwMjUwOTE5XzA0OTA3Cg==,令和７年度 名古屋国道共用空間データ関連システム改良等業務,国土交通省中部地方整備局,23,愛知県,231002,名古屋市,2025-09-19T00:00:00+09:00,2025,役務,,https://www.cbr.mlit.go.jp/contract/buppin/bukoukoku/data/pdf/xYXPiiY4AR20250909_16.pdf,1.1.0-candidate2,True,True,False,system_development,1,True,False,False,False,False,False,False,False,False,False,False,8,2025-09-19T19:05:05+09:00,pdf,105530.0,A B C D,,,,,,0,[]
Z292OS9qc3BzLzIwMjUvMjAyNTA5MTlfMDAyMjkK,クラウドストレージサービスライセンス一式(PDF/155KB),独立行政法人日本学術振興会,13,東京都,131016,千代田区,2025-09-19T00:00:00+09:00,2025,役務,一般競争入札,https://www.jsps.go.jp/file/storage/j-choutatsu/procurement/R7-54_nyusatukoukoku.pdf,1.1.0-candidate2,True,True,False,cloud,1,False,False,False,False,True,False,False,False,False,False,False,25,2025-09-19T19:05:12+09:00,pdf,158630.0,,,,,,,0,[]
YWljaGkvbmNnZy8yMDI1LzIwMjUwOTI0XzAxMjU0Cg==,生理検査システム保守業務委託契約,国立研究開発法人国立長寿医療研究センター,23,愛知県,232238,大府市,2025-09-24T00:00:00+09:00,2025,役務,,https://www.ncgg.go.jp/ncgg-chotatsu/documents/20250924-1.pdf,1.1.0-candidate2,True,True,False,operations_maintenance,1,False,False,False,True,False,False,False,False,False,False,False,6,2025-09-24T19:05:29+09:00,pdf,139561.0,,,,,,,0,[]
aG9ra2FpZG8vaG9ra2FpZG9fcm91ZG91a3lva3UvMjAyNS8yMDI1MDkyNl8wMjI4Mgo=,函館公共職業安定所受付発券機及び呼出操作システムの更新業務委託契約,厚生労働省北海道労働局,01,北海道,011002,札幌市,2025-09-26T00:00:00+09:00,2025,役務,一般競争入札,https://jsite.mhlw.go.jp/hokkaido-roudoukyoku/content/contents/002395597.pdf,1.1.0-candidate2,True,True,False,system_development,1,True,False,False,False,False,False,False,False,False,False,False,6,2025-09-26T19:05:58+09:00,pdf,170943.0,,,,,,,0,[]
c2VhcmNoL3BfcG9ydGFsLzIwMjUvMDkvMjAyNTA5MjZfNTAyMTgK,法務省固有のＧＳＳネットワーク（ｖＮｘ）整備に係る役務作業（第二次）の請負 一式,法務省,13,東京都,,,2025-09-26T00:00:00+09:00,2025,役務,一般競争入札,https://www.p-portal.go.jp/pps-web-biz/UAA01/OAA0101,1.1.0-candidate2,True,True,False,network_infrastructure,1,False,False,False,False,False,False,True,False,False,False,False,14,2025-09-26T19:52:52+09:00,html,,,,,,,,0,[]
c2VhcmNoL3BfcG9ydGFsLzIwMjUvMDkvMjAyNTA5MjZfNTAyMjEK,令和７年度人工知能等を活用した大気汚染物質の健康影響等に係る科学的知見の収集・整理手法の検討調査委託業務【総合評価落札方式】,環境省,13,東京都,,,2025-09-26T00:00:00+09:00,2025,役務,一般競争入札,https://www.p-portal.go.jp/pps-web-biz/UAA01/OAA0101,1.1.0-candidate2,True,False,True,artificial_intelligence,1,False,False,False,False,False,False,False,False,False,True,False,13,2025-09-26T19:52:52+09:00,html,,,,,,,,0,[]
c2VhcmNoL3BfcG9ydGFsLzIwMjUvMDkvMjAyNTA5MjlfNTAzNDUK,無人機のサイバーセキュリティに係る検討役務（その２）,防衛省,13,東京都,,,2025-09-29T00:00:00+09:00,2025,役務,一般競争入札,https://www.p-portal.go.jp/pps-web-biz/UAA01/OAA0101,1.1.0-candidate2,True,True,False,cybersecurity,1,False,False,False,False,False,True,False,False,False,False,False,10,2025-09-30T19:41:16+09:00,html,,,,,,,,0,[]
Z292NS9haXN0X3VuaXQvMjAyNS8yMDI1MDkzMF8wNzMxOQo=,DHCPサーバの導入及び保守,国立研究開発法人産業技術総合研究所,13,東京都,131016,千代田区,2025-09-30T00:00:00+09:00,2025,役務,,https://www.aist.go.jp/aist_j/procure/supplyinfo/pub/detail/KYCOM2V8,1.1.0-candidate2,True,True,False,network_infrastructure,1,False,False,False,False,False,False,True,False,False,False,False,6,2025-09-30T19:05:04+09:00,html,,,,,,,,0,[]
c2VhcmNoL3BfcG9ydGFsLzIwMjUvMDkvMjAyNTA5MzBfNTAzMzkK,【本省】令和７年度経済産業省情報セキュリティ監査等業務役務請負,経済産業省,13,東京都,,,2025-09-30T00:00:00+09:00,2025,役務,一般競争入札,https://www.p-portal.go.jp/pps-web-biz/UAA01/OAA0101,1.1.0-candidate2,True,True,False,cybersecurity,1,False,False,False,False,False,True,False,False,False,False,False,1,2025-09-30T19:41:16+09:00,html,,,,,,,,0,[]
b3Nha2EvbWlub2hfY2l0eS8yMDI1LzIwMjUxMDAxXzAwMDA2Cg==,箕面市役所本庁舎構内PHSシステム導入業務委託にかかる一般競争入札の実施について,大阪府箕面市,27,大阪府,272205,箕面市,2025-10-01T00:00:00+09:00,2025,役務,,https://www.city.minoh.lg.jp/keiyaku/ippannkyousounyuusatu/documents/minohphssystemdonyu.html,1.1.0-candidate2,True,True,False,system_development,1,True,False,False,False,False,False,False,False,False,False,False,19,2025-10-21T19:05:42+09:00,html,,,,,,,,3,"[{""name"":""入札説明書（PDF：135KB）"",""uri"":""https://www.city.minoh.lg.jp/keiyaku/ippannkyousounyuusatu/documents/documents/01nyusatsusetsumeisyor7minohphssystemdonyu.pdf""},{""name"":""仕様書（PDF：145KB）"",""uri"":""https://www.city.minoh.lg.jp/keiyaku/ippannkyousounyuusatu/documents/documents/02shiyousyor7minohphssystemdonyu.pdf""},{""name"":""参考図（PDF：329KB）"",""uri"":""https://www.city.minoh.lg.jp/keiyaku/ippannkyousounyuusatu/documents/documents/07sankouzur7minohphssystemdonyu.pdf""}]"
b3Nha2Evc2VubmFuX2NpdHkvMjAyNS8yMDI1MTAwMV8wMDA0Mgo=,泉南市キャッシュレス決済システム運用保守等業務委託事業者の募集について,大阪府泉南市,27,大阪府,272281,泉南市,2025-10-01T00:00:00+09:00,2025,役務,一般競争入札,https://www.city.sennan.lg.jp/material/files/group/26/sennnanshiippannkyousounyuusatushiyousyo.pdf,1.1.0-candidate2,True,True,False,operations_maintenance,1,False,False,False,True,False,False,False,False,False,False,False,20,2025-10-01T19:06:17+09:00,pdf,268633.0,,,,,,,0,[]
c2VhcmNoL3BfcG9ydGFsLzIwMjUvMTAvMjAyNTEwMDFfNTA0NjcK,防衛大学校第５学生舎へのネットワーク機器設定役務,防衛省,14,神奈川県,,,2025-10-01T00:00:00+09:00,2025,役務,一般競争入札,https://www.p-portal.go.jp/pps-web-biz/UAA01/OAA0101,1.1.0-candidate2,True,True,False,network_infrastructure,1,False,False,False,False,False,False,True,False,False,False,False,17,2025-10-01T20:00:28+09:00,html,,,,,,,,0,[]
Z292NS9haXN0X3VuaXQvMjAyNS8yMDI1MTAwM18wNzMyMQo=,エッジ側データ処理サービスの技術相談・開発支援、およびエッジデバイス群、エッジサーバ群の試験環境構築支援および保守管理業務,国立研究開発法人産業技術総合研究所,13,東京都,131016,千代田区,2025-10-03T00:00:00+09:00,2025,役務,,https://www.aist.go.jp/aist_j/procure/supplyinfo/pub/detail/H76I8QDG,1.1.0-candidate2,True,True,False,network_infrastructure,1,False,False,False,False,False,False,True,False,False,False,False,90,2025-10-03T19:05:04+09:00,html,,,,,,,,0,[]
b3Nha2Eva2Fkb21hX2NpdHkvMjAyNS8yMDI1MTAwM18wMDc3Mgo=,郵送提出期限：10月20日 門真市家屋評価システム保守管理業務委託(令和8～12年度業務),大阪府門真市,27,大阪府,272230,門真市,2025-10-03T00:00:00+09:00,2025,役務,一般競争入札,https://www.city.kadoma.osaka.jp/material/files/group/10/01_00_yubinnyusatsuzishiyouryo.pdf,1.1.0-candidate2,True,True,False,operations_maintenance,1,False,False,False,True,False,False,False,False,False,False,False,17,2025-10-03T19:05:20+09:00,pdf,561458.0,,,,,,,2,"[{""name"":""門真市家屋評価システム保守管理業務委託(令和8～12年度業務)仕様書 (PDFファイル: 648.3KB)"",""uri"":""https://www.city.kadoma.osaka.jp/material/files/group/10/02_00_kaokuhyokasystemshiyousyo.pdf""},{""name"":""情報システム関連業務委託一般仕様書 (PDFファイル: 322.7KB)"",""uri"":""https://www.city.kadoma.osaka.jp/material/files/group/10/12_00_johosystemippanshiyousyo.pdf""}]"
b3Nha2EvbWlub2hfY2l0eS8yMDI1LzIwMjUxMDAzXzAwMDA1Cg==,令和7年度箕面市情報セキュリティ監査業務委託にかかる一般競争入札の実施について,大阪府箕面市,27,大阪府,272205,箕面市,2025-10-03T00:00:00+09:00,2025,役務,,https://www.city.minoh.lg.jp/keiyaku/ippannkyousounyuusatu/documents/r7jyouhousecuritykansaitaku.html,1.1.0-candidate2,True,True,False,cybersecurity,1,False,False,False,False,False,True,False,False,False,False,False,16,2025-10-21T19:05:40+09:00,html,,,,,,,,2,"[{""name"":""入札説明書（PDF：145KB）"",""uri"":""https://www.city.minoh.lg.jp/keiyaku/ippannkyousounyuusatu/documents/documents/01nyuusatsusetsumeisyojyouhousecuritykansaitaku.pdf""},{""name"":""仕様書（PDF：233KB）"",""uri"":""https://www.city.minoh.lg.jp/keiyaku/ippannkyousounyuusatu/documents/documents/02shiyousyojyouhousecuritykansaitaku.pdf""}]"
Z292NS9haXN0X3VuaXQvMjAyNS8yMDI1MTAwN18wNzMyNAo=,高機密データ管理・計算基盤システムのマルチクラスタへの配備機能プロトタイプ構築 一式,国立研究開発法人産業技術総合研究所,13,東京都,131016,千代田区,2025-10-07T00:00:00+09:00,2025,役務,,https://www.aist.go.jp/aist_j/procure/supplyinfo/pub/detail/RN172U46,1.1.0-candidate2,True,True,False,system_development,1,True,False,False,False,False,False,False,False,False,False,False,83,2025-10-07T19:05:04+09:00,html,,,,,,,,0,[]
c2VhcmNoL3BfcG9ydGFsLzIwMjUvMTAvMjAyNTEwMTBfNTEwNTAK,サイバー戦における作戦環境分析に対するＡＩ適用検討役務,防衛省,13,東京都,,,2025-10-10T00:00:00+09:00,2025,役務,一般競争入札,https://www.p-portal.go.jp/pps-web-biz/UAA01/OAA0101,1.1.0-candidate2,True,False,True,artificial_intelligence,1,False,False,False,False,False,False,False,False,False,True,False,66,2025-10-10T20:02:10+09:00,html,,,,,,,,0,[]
c2VhcmNoL3BfcG9ydGFsLzIwMjUvMTAvMjAyNTEwMTRfNTExMjYK,第5学生舎等の構内ネットワーク構築役務,防衛省,14,神奈川県,,,2025-10-14T00:00:00+09:00,2025,役務,一般競争入札,https://www.p-portal.go.jp/pps-web-biz/UAA01/OAA0101,1.1.0-candidate2,True,True,False,network_infrastructure,1,False,False,False,False,False,False,True,False,False,False,False,10,2025-10-15T19:56:41+09:00,html,,,,,,,,0,[]
dG9reW8vdGl0ZWNoX2FjLzIwMjUvMjAyNTEwMTRfMDA3NTUK,キャンパスネットワークシステム（対外接続装置部分）保守 一式,国立大学法人東京工業大学,13,東京都,131105,目黒区,2025-10-14T00:00:00+09:00,2025,役務,,http://www.zaimu.titech.ac.jp/keiyaku/kanren/koukoku/wpsys/wp-content/uploads/%E3%82%AD%E3%83%A3%E3%83%B3%E3%83%91%E3%82%B9%E3%83%8D%E3%83%83%E3%83%88%E3%83%AF%E3%83%BC%E3%82%AF%E3%82%B7%E3%82%B9%E3%83%86%E3%83%A0%EF%BC%88%E5%AF%BE%E5%A4%96%E6%8E%A5%E7%B6%9A%E8%A3%85%E7%BD%AE%E9%83%A8%E5%88%86%EF%BC%89%E4%BF%9D%E5%AE%88-%E4%B8%80%E5%BC%8F_R7.10.14-R7.11.19.pdf,1.1.0-candidate2,True,True,False,operations_maintenance|network_infrastructure,2,False,False,False,True,False,False,True,False,False,False,False,61,2025-10-14T19:08:26+09:00,pdf,89332.0,,,,,,,0,[]
c2VhcmNoL3BfcG9ydGFsLzIwMjUvMTAvMjAyNTEwMTZfNTEyNzgK,ＩＣカード身分証管理システム等の運用支援役務,防衛省,13,東京都,,,2025-10-16T00:00:00+09:00,2025,役務,一般競争入札,https://www.p-portal.go.jp/pps-web-biz/UAA01/OAA0101,1.1.0-candidate2,True,True,False,operations_maintenance,1,False,False,False,True,False,False,False,False,False,False,False,52,2025-10-16T20:07:23+09:00,html,,,,,,,,0,[]
c2VhcmNoL3BfcG9ydGFsLzIwMjUvMTAvMjAyNTEwMTZfNTEzNzkK,防衛省におけるサイバーセキュリティ及び情報保証業務に関する事業推進のための技術支援役務（その２）,防衛省,13,東京都,,,2025-10-16T00:00:00+09:00,2025,役務,一般競争入札,https://www.p-portal.go.jp/pps-web-biz/UAA01/OAA0101,1.1.0-candidate2,True,True,False,cybersecurity,1,False,False,False,False,False,True,False,False,False,False,False,50,2025-10-18T19:34:25+09:00,html,,,,,,,,0,[]
Z292L2lwYS8yMDI1LzIwMjUxMDI0XzAxMjM1Cg==,入札公告「Webフィルタリングシステムの更新に伴う移行役務」に係る一般競争入札,独立行政法人情報処理推進機構,13,東京都,131059,文京区,2025-10-24T00:00:00+09:00,2025,役務,,https://www.ipa.go.jp/choutatsu/nyusatsu/2025/nyusatsu20251024.html,1.1.0-candidate2,True,True,False,system_development,1,True,False,False,False,False,False,False,False,False,False,False,36,2025-10-24T19:06:19+09:00,html,,,,,,,,1,"[{""name"":""入札説明書(PDF:431 KB)"",""uri"":""https://www.ipa.go.jp/choutatsu/nyusatsu/2025/j5u9nn000000e0qv-att/nyusatsu20251024.pdf""}]"
dG9reW8vdG9reW9faXJ5b19jZW50ZXIvMjAyNS8yMDI1MTAyN18wMDgzMgo=,病院情報システム等運用保守業務委託 一式 調達 (2025年10月27日～11月28日)（PDF：145KB),独立行政法人国立病院機構東京医療センター,13,東京都,131105,目黒区,2025-10-27T00:00:00+09:00,2025,役務,,https://tokyo-mc.hosp.go.jp/wp-content/uploads/2025/10/procure20251027_2.pdf,1.1.0-candidate2,True,True,False,operations_maintenance,1,False,False,False,True,False,False,False,False,False,False,False,20,2025-10-27T19:08:32+09:00,pdf,148423.0,,,,,,,0,[]
Z292L2pvZ21lYy8yMDI1LzIwMjUxMDI4XzAyODcyCg==,地熱発電技術研究開発事業に関する委託業務「小型震源装置を利用した複合型発震システムによる地熱探査法の技術開発」,独立行政法人石油天然ガス・ 金属鉱物資源機構,13,東京都,131032,港区,2025-10-28T00:00:00+09:00,2025,役務,,https://www.jogmec.go.jphttps://www.facebook.com/sharer/sharer.php?u=https%3A%2F%2Fwww.jogmec.go.jp%2Fnews%2Fbid%2Fbid_10_01337.html&src=sdkpreparse,1.1.0-candidate2,True,True,False,system_development,1,True,False,False,False,False,False,False,False,False,False,False,19,2025-10-28T19:07:12+09:00,,,A B C,,,,,,1,"[{""name"":""公告文（PDF:577KB）"",""uri"":""https://www.jogmec.go.jp/news/bid/content/300796237.pdf""}]"
Z292NS9haXN0X3VuaXQvMjAyNS8yMDI1MTAyOV8wNzM0Mwo=,NTPサーバの導入及び保守,国立研究開発法人産業技術総合研究所,13,東京都,131016,千代田区,2025-10-29T00:00:00+09:00,2025,役務,,https://www.aist.go.jp/aist_j/procure/supplyinfo/pub/detail/K7POFFKR,1.1.0-candidate2,True,True,False,network_infrastructure,1,False,False,False,False,False,False,True,False,False,False,False,12,2025-10-29T19:05:06+09:00,html,,,,,,,,0,[]
Z292NS9haXN0X3VuaXQvMjAyNS8yMDI1MTAyOV8wNzM0Nwo=,GPUクラウド環境の構築および技術相談,国立研究開発法人産業技術総合研究所,13,東京都,131016,千代田区,2025-10-29T00:00:00+09:00,2025,役務,,https://www.aist.go.jp/aist_j/procure/supplyinfo/pub/detail/NW1UPMHS,1.1.0-candidate2,True,True,False,cloud,1,False,False,False,False,True,False,False,False,False,False,False,11,2025-10-30T19:05:07+09:00,html,,,,,,,,0,[]
a2FuYWdhd2EvenVzaGlfY2l0eS8yMDI1LzIwMjUxMTA0XzAwMjEzCg==,逗子市学習系ネットワークアセスメント業務委託,神奈川県逗子市,14,神奈川県,142085,逗子市,2025-11-04T00:00:00+09:00,2025,役務,,https://www.city.zushi.kanagawa.jp/_res/projects/default_project/_page_/001/004/649/7koukoku_zusigakusyuunextutowa-kuakuses.pdf,1.1.0-candidate2,True,True,False,network_infrastructure,1,False,False,False,False,False,False,True,False,False,False,False,24,2025-11-04T19:12:21+09:00,pdf,66485.0,,,,,,,1,"[{""name"":""01_仕様書 （PDF 181.7 KB）"",""uri"":""https://www.city.zushi.kanagawa.jp/_res/projects/default_project/_page_/001/004/649/7siyou_zusigakusyuunextutowa-kuakusesu.pdf""}]"
b3Nha2Eva2Fkb21hX2NpdHkvMjAyNS8yMDI1MTEwNF8wMDc4Ngo=,郵送提出期限：11月13日 門真市家屋評価システム保守管理業務委託(令和8～12年度業務),大阪府門真市,27,大阪府,272230,門真市,2025-11-04T00:00:00+09:00,2025,役務,一般競争入札,https://www.city.kadoma.osaka.jp/material/files/group/10/01_00_yubinnyusatsuzishiyouryo-2.pdf,1.1.0-candidate2,True,True,False,operations_maintenance,1,False,False,False,True,False,False,False,False,False,False,False,33,2025-11-04T19:05:27+09:00,pdf,567541.0,,,,,,,2,"[{""name"":""門真市家屋評価システム保守管理業務委託(令和8～12年度業務)仕様書 (PDFファイル: 648.8KB)"",""uri"":""https://www.city.kadoma.osaka.jp/material/files/group/10/02_00_kaokuhyokasystemshiyousyo-2.pdf""},{""name"":""情報システム関連業務委託一般仕様書 (PDFファイル: 291.3KB)"",""uri"":""https://www.city.kadoma.osaka.jp/material/files/group/10/12_00_johosystemippanshiyousyo-2.pdf""}]"
dG9reW8vbmNjX2dvLzIwMjUvMjAyNTExMDRfMDMyOTcK,情報セキュリティ等支援業務委託,国立研究開発法人国立がん研究センター,13,東京都,,,2025-11-04T00:00:00+09:00,2025,役務,一般競争入札,https://www.ncc.go.jp/jp/chotatsu/tsukiji/010/koukoku1104.pdf,1.1.0-candidate2,True,True,False,cybersecurity,1,False,False,False,False,False,True,False,False,False,False,False,110,2025-11-06T19:05:51+09:00,pdf,131021.0,,,,,,,0,[]
b3Nha2Evb3Nha2FfY2l0eS8yMDI1LzIwMjUxMTEyXzAwOTE3Cg==,最高情報セキュリティ責任者（CISO）補佐業務委託（長期継続）,大阪府大阪市,27,大阪府,271004,大阪市,2025-11-12T00:00:00+09:00,2025,役務,,https://www.city.osaka.lg.jp/templates/buppin_nyusatsuanken/cmsfiles/contents/0000665/665292/01_nyusatsusetsumeisyo.pdf,1.1.0-candidate2,True,True,False,cybersecurity,1,False,False,False,False,False,True,False,False,False,False,False,18,2025-11-12T19:08:35+09:00,pdf,17985.0,,,,,,,2,"[{""name"":""02_【資料2】業務委託仕様書(PDF形式, 294KB)"",""uri"":""https://www.city.osaka.lg.jp/templates/buppin_nyusatsuanken/cmsfiles/contents/0000665/665292/02_shiyousyo.pdf""},{""name"":""03_【資料2別紙】想定納品物一覧(PDF形式, 107KB)"",""uri"":""https://www.city.osaka.lg.jp/templates/buppin_nyusatsuanken/cmsfiles/contents/0000665/665292/03_nouhinbutsuichiran.pdf""}]"
c2VhcmNoL3BfcG9ydGFsLzIwMjUvMTEvMjAyNTExMTRfNTI5MzMK,令和７年度次世代地域エネルギーシステムのモデル構築に係る検討委託業務【総合評価落札方式】,環境省,13,東京都,,,2025-11-14T00:00:00+09:00,2025,役務,一般競争入札,https://www.p-portal.go.jp/pps-web-biz/UAA01/OAA0101,1.1.0-candidate2,True,True,False,system_development,1,True,False,False,False,False,False,False,False,False,False,False,81,2025-11-14T20:07:14+09:00,html,,,,,,,,0,[]
Z292NS9haXN0X3VuaXQvMjAyNS8yMDI1MTExN18wNzM2OAo=,クラウド業務共通基盤及びデータ連携基盤の運用保守業務,国立研究開発法人産業技術総合研究所,13,東京都,131016,千代田区,2025-11-17T00:00:00+09:00,2025,役務,,https://www.aist.go.jp/aist_j/procure/supplyinfo/pub/detail/URV5C86C,1.1.0-candidate2,True,True,False,cloud|data_digital,2,False,False,False,False,True,False,False,False,True,False,False,73,2025-11-17T19:05:07+09:00,html,,,,,,,,0,[]
Z292NS9haXN0X3VuaXQvMjAyNS8yMDI1MTExOF8wNzM3MQo=,SalesforceおよびBox導入システムにおけるマルチベンダー開発支援業務,国立研究開発法人産業技術総合研究所,13,東京都,131016,千代田区,2025-11-18T00:00:00+09:00,2025,役務,,https://www.aist.go.jp/aist_j/procure/supplyinfo/pub/detail/OQ6P2ZX7,1.1.0-candidate2,True,True,False,system_development,1,True,False,False,False,False,False,False,False,False,False,False,67,2025-11-18T19:05:05+09:00,html,,,,,,,,0,[]
Z292Ny9jYnJfbWxpdC8yMDI1LzIwMjUxMTE4XzA0OTQ5Cg==,令和７年度 中部技術排水ポンプ車状態監視システム保守業務,国土交通省中部地方整備局,23,愛知県,231002,名古屋市,2025-11-18T00:00:00+09:00,2025,役務,,https://www.cbr.mlit.go.jp/contract/buppin/bukoukoku/data/pdf/Ip65OUkc7m20251113_33.pdf,1.1.0-candidate2,True,True,False,operations_maintenance,1,False,False,False,True,False,False,False,False,False,False,False,12,2025-11-18T19:05:04+09:00,pdf,190944.0,A B C D,,,,,,0,[]
Z292Ny9jYnJfbWxpdC8yMDI1LzIwMjUxMTE4XzA0OTUwCg==,令和７年度 中部技術排水ポンプ車状態監視システム通信設備更新,国土交通省中部地方整備局,23,愛知県,231002,名古屋市,2025-11-18T00:00:00+09:00,2025,役務,,https://www.cbr.mlit.go.jp/contract/buppin/bukoukoku/data/pdf/6RwviY1TXw20251113_33.pdf,1.1.0-candidate2,True,True,False,system_development,1,True,False,False,False,False,False,False,False,False,False,False,11,2025-11-18T19:05:05+09:00,pdf,188182.0,A B C D,,,,,,0,[]
c2VhcmNoL3BfcG9ydGFsLzIwMjUvMTEvMjAyNTExMTlfNTMyMTQK,生成AIを用いたフィッシングサイト判定情報提供等役務,国家公安委員会（警察庁）,13,東京都,,,2025-11-19T00:00:00+09:00,2025,役務,一般競争入札,https://www.p-portal.go.jp/pps-web-biz/UAA01/OAA0101,1.1.0-candidate2,True,False,True,artificial_intelligence,1,False,False,False,False,False,False,False,False,False,True,False,63,2025-11-19T20:12:58+09:00,html,,,,,,,,0,[]
c2VhcmNoL3BfcG9ydGFsLzIwMjUvMTEvMjAyNTExMjBfNTM0MjIK,オンライン請求ネットワーク基盤及びオンライン資格確認ネットワーク基盤の設定変更等役務,防衛省,13,東京都,,,2025-11-20T00:00:00+09:00,2025,役務,一般競争入札,https://www.p-portal.go.jp/pps-web-biz/UAA01/OAA0101,1.1.0-candidate2,True,True,False,network_infrastructure,1,False,False,False,False,False,False,True,False,False,False,False,55,2025-11-21T20:12:18+09:00,html,,,,,,,,0,[]
c2VhcmNoL3BfcG9ydGFsLzIwMjUvMTEvMjAyNTExMjBfNTM0MjMK,中間サーバーネットワーク基盤の設定変更等役務,防衛省,13,東京都,,,2025-11-20T00:00:00+09:00,2025,役務,一般競争入札,https://www.p-portal.go.jp/pps-web-biz/UAA01/OAA0101,1.1.0-candidate2,True,True,False,network_infrastructure,1,False,False,False,False,False,False,True,False,False,False,False,54,2025-11-21T20:12:18+09:00,html,,,,,,,,0,[]
c2VhcmNoL3BfcG9ydGFsLzIwMjUvMTEvMjAyNTExMjBfNTMzMTMK,防衛装備庁ホームページの改修役務,防衛省,13,東京都,,,2025-11-20T00:00:00+09:00,2025,役務,一般競争入札,https://www.p-portal.go.jp/pps-web-biz/UAA01/OAA0101,1.1.0-candidate2,True,True,False,software_applications,1,False,False,True,False,False,False,False,False,False,False,False,58,2025-11-20T20:11:07+09:00,html,,,,,,,,0,[]
b3Nha2Evb3Nha2FfY2l0eS8yMDI1LzIwMjUxMTI2XzAwOTIxCg==,道路橋梁総合管理システムサービス提供業務委託,大阪府大阪市,27,大阪府,271004,大阪市,2025-11-26T00:00:00+09:00,2025,役務,,https://www.city.osaka.lg.jp/templates/buppin_nyusatsuanken/cmsfiles/contents/0000663/663833/00_koukokubun.pdf,1.1.0-candidate2,True,True,False,system_services,1,False,True,False,False,False,False,False,False,False,False,False,8,2025-11-26T19:08:35+09:00,pdf,17985.0,,,,,,,4,"[{""name"":""00_公告文(DOC形式, 94KB)"",""uri"":""https://www.city.osaka.lg.jp/templates/buppin_nyusatsuanken/cmsfiles/contents/0000663/663833/00_koukokubun.doc""},{""name"":""01_資料1 入札説明書(PDF形式, 325KB)"",""uri"":""https://www.city.osaka.lg.jp/templates/buppin_nyusatsuanken/cmsfiles/contents/0000663/663833/01_nyusatsusetumeisyo.pdf""},{""name"":""01_資料1 入札説明書(DOCX形式, 53KB)"",""uri"":""https://www.city.osaka.lg.jp/templates/buppin_nyusatsuanken/cmsfiles/contents/0000663/663833/01_nyusatsusetumeisyo.docx""},{""name"":""02_資料2 調達仕様書(PDF形式, 5.86MB)"",""uri"":""https://www.city.osaka.lg.jp/templates/buppin_nyusatsuanken/cmsfiles/contents/0000663/663833/02_shiryou2.pdf""}]"
dG9reW8vcmlueWFfbWFmZl9nby8yMDI1LzIwMjUxMTI2XzAwMDE1Cg==,令和7年度空中写真ネガフィルムのデジタル化業務(PDF : 138KB),林野庁,13,東京都,131016,千代田区,2025-11-26T00:00:00+09:00,2025,役務,,https://www.rinya.maff.go.jp/j/supply/nyusatu/buppin/attach/pdf/sonota-760.pdf,1.1.0-candidate2,True,False,True,data_digital,1,False,False,False,False,False,False,False,False,True,False,False,18,2025-11-26T19:11:37+09:00,pdf,140698.0,A B C D,,,,,,1,"[{""name"":""入札説明書・仕様書等(PDF : 1,760KB)"",""uri"":""https://www.rinya.maff.go.jp/j/supply/nyusatu/buppin/attach/pdf/sonota-761.pdf""}]"
Z292NS9haXN0X3VuaXQvMjAyNS8yMDI1MTEyOF8wNzM3Ngo=,情報セキュリティ及び情報インフラに係る支援業務,国立研究開発法人産業技術総合研究所,13,東京都,131016,千代田区,2025-11-28T00:00:00+09:00,2025,役務,,https://www.aist.go.jp/aist_j/procure/supplyinfo/pub/detail/EMA016PJ,1.1.0-candidate2,True,True,False,cybersecurity,1,False,False,False,False,False,True,False,False,False,False,False,11,2025-11-28T19:05:06+09:00,html,,,,,,,,0,[]
c2VhcmNoL3BfcG9ydGFsLzIwMjUvMTEvMjAyNTExMjhfNTM2NTMK,令和７年度環境アセスメントデータベース及び再生可能エネルギー情報提供システム等の合理的な運用に向けた調査・検討委託業務【総合評価落札方式】,環境省,13,東京都,,,2025-11-28T00:00:00+09:00,2025,役務,一般競争入札,https://www.p-portal.go.jp/pps-web-biz/UAA01/OAA0101,1.1.0-candidate2,True,True,False,operations_maintenance,1,False,False,False,True,False,False,False,False,False,False,False,10,2025-11-28T20:08:31+09:00,html,,,,,,,,0,[]
Z292OS9qcGYvMjAyNS8yMDI1MTIwMV8wMDU3MQo=,文化のWA2.0特設ウェブサイト：専用サーバ管理・監視業務委託契約（令和8・9・10年度）,独立行政法人国際交流基金,13,東京都,131041,新宿区,2025-12-01T00:00:00+09:00,2025,役務,,https://www.jpf.go.jp/assets/attachmentfile/attachmentfile-file-5157.pdf,1.1.0-candidate2,True,True,False,network_infrastructure,1,False,False,False,False,False,False,True,False,False,False,False,151,2025-12-01T19:05:06+09:00,pdf,205728.0,A B C D,,,,,,0,[]
dG9reW8vdGl0ZWNoX2FjLzIwMjUvMjAyNTEyMDFfMDA4MDQK,キャンパスネットワーク運用・管理業務委託 一式,国立大学法人東京工業大学,13,東京都,131105,目黒区,2025-12-01T00:00:00+09:00,2025,役務,,http://www.zaimu.titech.ac.jp/keiyaku/kanren/koukoku/wpsys/wp-content/uploads/%E3%82%AD%E3%83%A3%E3%83%B3%E3%83%91%E3%82%B9%E3%83%8D%E3%83%83%E3%83%88%E3%83%AF%E3%83%BC%E3%82%AF%E9%81%8B%E7%94%A8%E3%83%BB%E7%AE%A1%E7%90%86%E6%A5%AD%E5%8B%99%E5%A7%94%E8%A8%97-%E4%B8%80%E5%BC%8F_R7.12.1-R8.2.9.pdf,1.1.0-candidate2,True,True,False,network_infrastructure,1,False,False,False,False,False,False,True,False,False,False,False,142,2025-12-01T19:08:53+09:00,pdf,78597.0,,,,,,,0,[]
dG9reW8vdGl0ZWNoX2FjLzIwMjUvMjAyNTEyMDFfMDA4MDUK,キャンパス有線ネットワークシステム保守業務 一式,国立大学法人東京工業大学,13,東京都,131105,目黒区,2025-12-01T00:00:00+09:00,2025,役務,,http://www.zaimu.titech.ac.jp/keiyaku/kanren/koukoku/wpsys/wp-content/uploads/%E3%82%AD%E3%83%A3%E3%83%B3%E3%83%91%E3%82%B9%E6%9C%89%E7%B7%9A%E3%83%8D%E3%83%83%E3%83%88%E3%83%AF%E3%83%BC%E3%82%AF%E3%82%B7%E3%82%B9%E3%83%86%E3%83%A0%E4%BF%9D%E5%AE%88%E6%A5%AD%E5%8B%99-%E4%B8%80%E5%BC%8F_R7.12.1-R8.2.5.pdf,1.1.0-candidate2,True,True,False,operations_maintenance|network_infrastructure,2,False,False,False,True,False,False,True,False,False,False,False,141,2025-12-01T19:08:53+09:00,pdf,79160.0,,,,,,,0,[]
Z292NS9haXN0X3VuaXQvMjAyNS8yMDI1MTIwM18wNzM4MQo=,低レイテンシLLM推論クラウドの利用および技術相談,国立研究開発法人産業技術総合研究所,13,東京都,131016,千代田区,2025-12-03T00:00:00+09:00,2025,役務,,https://www.aist.go.jp/aist_j/procure/supplyinfo/pub/detail/OET5M72J,1.1.0-candidate2,True,True,False,cloud|artificial_intelligence,2,False,False,False,False,True,False,False,False,False,True,False,134,2025-12-03T19:05:08+09:00,html,,,,,,,,0,[]
Z292NS9haXN0X3VuaXQvMjAyNS8yMDI1MTIwM18wNzM4Mwo=,財務会計システム保守・運用支援,国立研究開発法人産業技術総合研究所,13,東京都,131016,千代田区,2025-12-03T00:00:00+09:00,2025,役務,,https://www.aist.go.jp/aist_j/procure/supplyinfo/pub/detail/OLI7ZS77,1.1.0-candidate2,True,True,False,operations_maintenance,1,False,False,False,True,False,False,False,False,False,False,False,133,2025-12-03T19:05:10+09:00,html,,,,,,,,0,[]
c2VhcmNoL3BfcG9ydGFsLzIwMjUvMTIvMjAyNTEyMDNfNTQwNTkK,米国及び欧州における統合情報構築のクラウド整備に係る態勢及び保全に関する調査役務,防衛省,13,東京都,,,2025-12-03T00:00:00+09:00,2025,役務,一般競争入札,https://www.p-portal.go.jp/pps-web-biz/UAA01/OAA0101,1.1.0-candidate2,True,True,False,cloud,1,False,False,False,False,True,False,False,False,False,False,False,131,2025-12-03T20:25:52+09:00,html,,,,,,,,0,[]
c2VhcmNoL3BfcG9ydGFsLzIwMjUvMTIvMjAyNTEyMDNfNTQwNjAK,統合情報構築のデータサーバー及びクラウドサーバーに関する検討役務,防衛省,13,東京都,,,2025-12-03T00:00:00+09:00,2025,役務,一般競争入札,https://www.p-portal.go.jp/pps-web-biz/UAA01/OAA0101,1.1.0-candidate2,True,True,False,cloud|network_infrastructure,2,False,False,False,False,True,False,True,False,False,False,False,130,2025-12-03T20:25:52+09:00,html,,,,,,,,0,[]
Z292NS9haXN0X3VuaXQvMjAyNS8yMDI1MTIwNF8wNzM4NAo=,イントラ業務システム等運用・管理支援業務,国立研究開発法人産業技術総合研究所,13,東京都,131016,千代田区,2025-12-04T00:00:00+09:00,2025,役務,,https://www.aist.go.jp/aist_j/procure/supplyinfo/pub/detail/Q69DDLEA,1.1.0-candidate2,True,True,False,operations_maintenance,1,False,False,False,True,False,False,False,False,False,False,False,126,2025-12-04T19:05:05+09:00,html,,,,,,,,0,[]
a2FuYWdhd2Eva2FuYWdhd2FfaG9zcC8yMDI1LzIwMjUxMjA0XzAwMzEwCg==,入札公告（病院情報システム更新支援業務委託) (PDF：118KB),独立行政法人国立病院機構神奈川病院,14,神奈川県,142115,秦野市,2025-12-04T00:00:00+09:00,2025,役務,一般競争入札,https://kanagawa.hosp.go.jp/files/000247352.pdf,1.1.0-candidate2,True,True,False,system_development,1,True,False,False,False,False,False,False,False,False,False,False,27,2025-12-04T19:11:43+09:00,pdf,120643.0,,,,,,,0,[]
Z292OS9qc3BzLzIwMjUvMjAyNTEyMDhfMDAyNDEK,独立行政法人日本学術振興会勤怠管理システムの構築及び運用保守（PDF/175KB）,独立行政法人日本学術振興会,13,東京都,131016,千代田区,2025-12-08T00:00:00+09:00,2025,役務,,https://www.jsps.go.jp/file/storage/j-choutatsu/procurement/R7-74_nyusatsukoukoku.pdf,1.1.0-candidate2,True,True,False,system_development|operations_maintenance,2,True,False,False,True,False,False,False,False,False,False,False,117,2025-12-08T19:05:20+09:00,pdf,178183.0,,,,,,,0,[]
dG9reW8vbmNjaGQvMjAyNS8yMDI1MTIwOF8wMDQ0OAo=,AI電話運用・保守業務委託,国立研究開発法人国立成育医療研究センター,13,東京都,131121,世田谷区,2025-12-08T00:00:00+09:00,2025,役務,,https://www.ncchd.go.jp/purchase/20251208_01.pdf,1.1.0-candidate2,True,False,True,artificial_intelligence,1,False,False,False,False,False,False,False,False,False,True,False,113,2025-12-09T19:06:04+09:00,pdf,122772.0,,,,,,,0,[]
Z292MTAvbmVkb19nby8yMDI1LzIwMjUxMjEwXzAwMDY3Cg==,統合人事システムの導入・調達に伴う支援業務,国立研究開発法人新エネルギー・産業技術総合開発機構,14,神奈川県,141305,川崎市,2025-12-10T00:00:00+09:00,2025,役務,一般競争入札,https://www.nedo.go.jp/content/800036898.pdf,1.1.0-candidate2,True,True,False,system_development,1,True,False,False,False,False,False,False,False,False,False,False,17,2025-12-10T19:05:11+09:00,pdf,784510.0,A B C,,,,,,1,"[{""name"":""仕様書（340KB）"",""uri"":""https://www.nedo.go.jp/content/800036899.pdf""}]"
Z292Mi90Yl9tbGl0X2NodWJ1LzIwMjUvMjAyNTEyMTBfMDAyMjcK,中部運輸局のサーバシステム更新契約,国土交通省中部運輸局,23,愛知県,231002,名古屋市,2025-12-10T00:00:00+09:00,2025,役務,,https://wwwtb.mlit.go.jp/chubu/soumu/nyuusatsu/20251210_shiyousyo.pdf,1.1.0-candidate2,True,True,False,system_development|network_infrastructure,2,True,False,False,False,False,False,True,False,False,False,False,59,2025-12-10T19:07:18+09:00,pdf,581603.0,,,,,,,1,"[{""name"":""入札説明書"",""uri"":""https://wwwtb.mlit.go.jp/chubu/soumu/nyuusatsu/20251210_setsumeisyo.pdf""}]"
Z292NS9haXN0X3VuaXQvMjAyNS8yMDI1MTIxMF8wNzM5MQo=,Salesforce導入システムにおけるライセンスの提供,国立研究開発法人産業技術総合研究所,13,東京都,131016,千代田区,2025-12-10T00:00:00+09:00,2025,役務,,https://www.aist.go.jp/aist_j/procure/supplyinfo/pub/detail/5EEVF1UH,1.1.0-candidate2,True,True,False,system_services,1,False,True,False,False,False,False,False,False,False,False,False,106,2025-12-10T19:05:04+09:00,html,,,,,,,,0,[]
c2VhcmNoL3BfcG9ydGFsLzIwMjUvMTIvMjAyNTEyMTBfNTQ0MjgK,司法修習及び考試のデジタル化に係る検証業務委託,最高裁判所,13,東京都,,,2025-12-10T00:00:00+09:00,2025,役務,一般競争入札,https://www.p-portal.go.jp/pps-web-biz/UAA01/OAA0101,1.1.0-candidate2,True,False,True,data_digital,1,False,False,False,False,False,False,False,False,True,False,False,101,2025-12-10T20:21:27+09:00,html,,,,,,,,0,[]
Z292NS9haXN0X3VuaXQvMjAyNS8yMDI1MTIxMV8wNzM5Mgo=,AIテストベッド設計・構築,国立研究開発法人産業技術総合研究所,13,東京都,131016,千代田区,2025-12-11T00:00:00+09:00,2025,役務,,https://www.aist.go.jp/aist_j/procure/supplyinfo/pub/detail/VY3NN952,1.1.0-candidate2,True,True,False,system_development|artificial_intelligence,2,True,False,False,False,False,False,False,False,False,True,False,98,2025-12-11T19:05:03+09:00,html,,,,,,,,0,[]
Z292NS9haXN0X3VuaXQvMjAyNS8yMDI1MTIxMV8wNzM5Mwo=,Box導入システムにおけるライセンスの提供,国立研究開発法人産業技術総合研究所,13,東京都,131016,千代田区,2025-12-11T00:00:00+09:00,2025,役務,,https://www.aist.go.jp/aist_j/procure/supplyinfo/pub/detail/1RYNLPWU,1.1.0-candidate2,True,True,False,system_services,1,False,True,False,False,False,False,False,False,False,False,False,97,2025-12-11T19:05:04+09:00,html,,,,,,,,0,[]
dG9reW8vdGl0ZWNoX2FjLzIwMjUvMjAyNTEyMTZfMDA4MjEK,学修管理システム（LMS）運用保守業務 一式,国立大学法人東京工業大学,13,東京都,131105,目黒区,2025-12-16T00:00:00+09:00,2025,役務,,http://www.zaimu.titech.ac.jp/keiyaku/kanren/koukoku/wpsys/wp-content/uploads/%E5%AD%A6%E4%BF%AE%E7%AE%A1%E7%90%86%E3%82%B7%E3%82%B9%E3%83%86%E3%83%A0%EF%BC%88LMS%EF%BC%89%E9%81%8B%E7%94%A8%E4%BF%9D%E5%AE%88%E6%A5%AD%E5%8B%99_R7.12.16-R8.1.19.pdf,1.1.0-candidate2,True,True,False,operations_maintenance,1,False,False,False,True,False,False,False,False,False,False,False,71,2025-12-16T19:14:48+09:00,pdf,147751.0,,,,,,,0,[]
Z292NS9haXN0X3VuaXQvMjAyNS8yMDI1MTIxN18wNzM5Nwo=,産総研情報システム環境に係る導入支援業務,国立研究開発法人産業技術総合研究所,13,東京都,131016,千代田区,2025-12-17T00:00:00+09:00,2025,役務,,https://www.aist.go.jp/aist_j/procure/supplyinfo/pub/detail/RYHZBHE2,1.1.0-candidate2,True,True,False,system_development|it_consulting_planning,2,True,False,False,False,False,False,False,False,False,False,True,69,2025-12-17T19:05:05+09:00,html,,,,,,,,0,[]
c2VhcmNoL3BfcG9ydGFsLzIwMjUvMTIvMjAyNTEyMTdfNTUwNTEK,防衛監察本部システム用器材（０７換装）の運用支援役務,防衛省,13,東京都,,,2025-12-17T00:00:00+09:00,2025,役務,一般競争入札,https://www.p-portal.go.jp/pps-web-biz/UAA01/OAA0101,1.1.0-candidate2,True,True,False,operations_maintenance,1,False,False,False,True,False,False,False,False,False,False,False,67,2025-12-18T20:05:45+09:00,html,,,,,,,,0,[]
c2VhcmNoL3BfcG9ydGFsLzIwMjUvMTIvMjAyNTEyMThfNTUwNTgK,【本省】令和８年度産業標準策定システムに係る運用業務役務請負,経済産業省,13,東京都,,,2025-12-18T00:00:00+09:00,2025,役務,一般競争入札,https://www.p-portal.go.jp/pps-web-biz/UAA01/OAA0101,1.1.0-candidate2,True,True,False,operations_maintenance,1,False,False,False,True,False,False,False,False,False,False,False,64,2025-12-18T20:05:45+09:00,html,,,,,,,,0,[]
Z292MTAvbmVkb19nby8yMDI1LzIwMjUxMjE5XzAwMDY4Cg==,NEDO公式Webサイトの運用・保守業務,国立研究開発法人新エネルギー・産業技術総合開発機構,14,神奈川県,141305,川崎市,2025-12-19T00:00:00+09:00,2025,役務,一般競争入札,https://www.nedo.go.jp/content/800038144.pdf,1.1.0-candidate2,True,True,False,software_applications,1,False,False,True,False,False,False,False,False,False,False,False,5,2025-12-19T19:05:16+09:00,pdf,783020.0,A B C D,,,,,,1,"[{""name"":""仕様書（437KB）"",""uri"":""https://www.nedo.go.jp/content/800038174.pdf""}]"
Z292NS9haXN0X3VuaXQvMjAyNS8yMDI1MTIxOV8wNzM5OAo=,北陸デジタルものづくりセンター向けストレージシステムの保守・運用業務,国立研究開発法人産業技術総合研究所,13,東京都,131016,千代田区,2025-12-19T00:00:00+09:00,2025,役務,,https://www.aist.go.jp/aist_j/procure/supplyinfo/pub/detail/6DFBNZB5,1.1.0-candidate2,True,True,False,operations_maintenance,1,False,False,False,True,False,False,False,False,False,False,False,60,2025-12-19T19:05:08+09:00,html,,,,,,,,0,[]
Z292NS9haXN0X3VuaXQvMjAyNS8yMDI1MTIxOV8wNzM5OQo=,巨大チップAI半導体LLM学習・推論クラウドの利用および技術相談,国立研究開発法人産業技術総合研究所,13,東京都,131016,千代田区,2025-12-19T00:00:00+09:00,2025,役務,,https://www.aist.go.jp/aist_j/procure/supplyinfo/pub/detail/058MYXH6,1.1.0-candidate2,True,True,False,cloud|artificial_intelligence,2,False,False,False,False,True,False,False,False,False,True,False,59,2025-12-19T19:05:08+09:00,html,,,,,,,,0,[]
Z292Ny9qaWNhX2dvLzIwMjUvMjAyNTEyMTlfMDAxNDIK,寄附金受付システムの導入・保守・管理及び寄附金回収にかかる業務委託（25a00514）（2.1MB）,独立行政法人国際協力機構,13,東京都,131016,千代田区,2025-12-19T00:00:00+09:00,2025,役務,,https://www.jica.go.jp/about/announce/buppin/detail/__icsFiles/afieldfile/2025/12/17/koji_25a00514.pdf,1.1.0-candidate2,True,True,False,system_development|operations_maintenance,2,True,False,False,True,False,False,False,False,False,False,False,57,2025-12-19T19:05:58+09:00,pdf,2250705.0,,,,,,,0,[]
Z292Ny9qaWNhX2dvLzIwMjUvMjAyNTEyMTlfMDAxNjAK,寄附金受付システムの導入・保守・管理及び寄附金回収にかかる業務委託（25a00514）（142KB）,独立行政法人国際協力機構,13,東京都,131016,千代田区,2025-12-19T00:00:00+09:00,2025,役務,,https://www.jica.go.jp/about/announce/buppin/detail/__icsFiles/afieldfile/2026/01/26/kaito_25a00514_4.pdf,1.1.0-candidate2,True,True,False,system_development|operations_maintenance,2,True,False,False,True,False,False,False,False,False,False,False,56,2026-01-26T19:06:03+09:00,pdf,145133.0,,,,,,,2,"[{""name"":""1 of 1（142KB）"",""uri"":""https://www.jica.go.jp/about/announce/buppin/detail/__icsFiles/afieldfile/2026/01/26/kaito_25a00514_5.pdf""},{""name"":""142KB"",""uri"":""https://www.jica.go.jp/about/announce/buppin/detail/__icsFiles/afieldfile/2026/01/26/kaito_25a00514.pdf""}]"
Z292Ny9qaWNhX2dvLzIwMjUvMjAyNTEyMTlfMDAxNjEK,寄附金受付システムの導入・保守・管理及び寄附金回収にかかる業務委託（25a00514）（2.1MB）,独立行政法人国際協力機構,13,東京都,131016,千代田区,2025-12-19T00:00:00+09:00,2025,役務,,https://www.jica.go.jp/about/announce/buppin/detail/__icsFiles/afieldfile/2026/01/27/koji_25a00514.pdf,1.1.0-candidate2,True,True,False,system_development|operations_maintenance,2,True,False,False,True,False,False,False,False,False,False,False,55,2026-01-27T19:05:51+09:00,pdf,2250705.0,,,,,,,1,"[{""name"":""142KB"",""uri"":""https://www.jica.go.jp/about/announce/buppin/detail/__icsFiles/afieldfile/2026/01/26/kaito_25a00514.pdf""}]"
b3Nha2Eva2lua2ljaHVvX2tva3l1a2lfY2VudGVyLzIwMjUvMjAyNTEyMTlfMDAyODUK,・令和7年12月19日付 病院情報システム更新及びシステム保守業務委託,独立行政法人国立病院機構近畿中央呼吸器センター,27,大阪府,271403,堺市,2025-12-19T00:00:00+09:00,2025,役務,,https://kcmc.hosp.go.jp/files/000248290.pdf,1.1.0-candidate2,True,True,False,system_development|operations_maintenance,2,True,False,False,True,False,False,False,False,False,False,False,17,2025-12-19T19:05:33+09:00,pdf,148674.0,,,,,,,0,[]
dG9reW8vbmNjX2dvLzIwMjUvMjAyNTEyMTlfMDMzOTAK,2025年度ペネトレーションテスト業務委託,国立研究開発法人国立がん研究センター,13,東京都,,,2025-12-19T00:00:00+09:00,2025,役務,一般競争入札,https://www.ncc.go.jp/jp/chotatsu/tsukiji/010/koukoku1219.pdf,1.1.0-candidate2,True,True,False,cybersecurity,1,False,False,False,False,False,True,False,False,False,False,False,51,2025-12-19T19:06:08+09:00,pdf,131034.0,,,,,,,0,[]
Z292NS9haXN0X3VuaXQvMjAyNS8yMDI1MTIyMl8wNzQwMAo=,パブリック・クラウドサービス環境の提供及び保守・運用支援,国立研究開発法人産業技術総合研究所,13,東京都,131016,千代田区,2025-12-22T00:00:00+09:00,2025,役務,,https://www.aist.go.jp/aist_j/procure/supplyinfo/pub/detail/CS0PZRVF,1.1.0-candidate2,True,True,False,cloud,1,False,False,False,False,True,False,False,False,False,False,False,47,2025-12-22T19:05:03+09:00,html,,,,,,,,0,[]
Z292NS9haXN0X3VuaXQvMjAyNS8yMDI1MTIyMl8wNzQwMgo=,エッジネットワークサービスの提供及び保守,国立研究開発法人産業技術総合研究所,13,東京都,131016,千代田区,2025-12-22T00:00:00+09:00,2025,役務,,https://www.aist.go.jp/aist_j/procure/supplyinfo/pub/detail/272EGHV1,1.1.0-candidate2,True,True,False,network_infrastructure,1,False,False,False,False,False,False,True,False,False,False,False,46,2025-12-22T19:05:05+09:00,html,,,,,,,,0,[]
b3Nha2Evb3Nha2FfY2l0eS8yMDI1LzIwMjUxMjIyXzAwOTM2Cg==,市政広報物デジタルブック作成クラウドサービス等のライセンス取得及び支払代行業務委託,大阪府大阪市,27,大阪府,271004,大阪市,2025-12-22T00:00:00+09:00,2025,役務,,https://www.city.osaka.lg.jp/templates/buppin_nyusatsuanken/cmsfiles/contents/0000668/668203/02_koukokubun(digitalbook).pdf,1.1.0-candidate2,True,True,False,cloud,1,False,False,False,False,True,False,False,False,False,False,False,15,2025-12-22T19:08:10+09:00,pdf,17985.0,,,,,,,1,"[{""name"":""仕様書(PDF形式, 287KB)"",""uri"":""https://www.city.osaka.lg.jp/templates/buppin_nyusatsuanken/cmsfiles/contents/0000668/668203/03_siyousyo.pdf""}]"
c2VhcmNoL3BfcG9ydGFsLzIwMjUvMTIvMjAyNTEyMjJfNTUzODUK,参議院ネットワークシステム脆弱性診断役務（令和７年度）,参議院,13,東京都,,,2025-12-22T00:00:00+09:00,2025,役務,一般競争入札,https://www.p-portal.go.jp/pps-web-biz/UAA01/OAA0101,1.1.0-candidate2,True,True,False,cybersecurity|network_infrastructure,2,False,False,False,False,False,True,True,False,False,False,False,45,2025-12-22T19:46:38+09:00,html,,,,,,,,0,[]
dG9reW8vdGl0ZWNoX2FjLzIwMjUvMjAyNTEyMjJfMDA4MzkK,TSUKIMI衛星センサの地上データ処理システム構築に向けた概念検討支援作業 一式,国立大学法人東京工業大学,13,東京都,131105,目黒区,2025-12-22T00:00:00+09:00,2025,役務,,http://www.zaimu.titech.ac.jp/keiyaku/kanren/koukoku/wpsys/wp-content/uploads/TSUKIMI%E8%A1%9B%E6%98%9F%E3%82%BB%E3%83%B3%E3%82%B5%E3%81%AE%E5%9C%B0%E4%B8%8A%E3%83%87%E3%83%BC%E3%82%BF%E5%87%A6%E7%90%86%E3%82%B7%E3%82%B9%E3%83%86%E3%83%A0%E6%A7%8B%E7%AF%89%E3%81%AB%E5%90%91%E3%81%91%E3%81%9F%E6%A6%82%E5%BF%B5%E6%A4%9C%E8%A8%8E%E6%94%AF%E6%8F%B4%E4%BD%9C%E6%A5%AD-%E4%B8%80%E5%BC%8F_R7.12.22-R8.1.26.pdf,1.1.0-candidate2,True,True,False,system_development,1,True,False,False,False,False,False,False,False,False,False,False,37,2025-12-22T19:13:14+09:00,pdf,92917.0,,,,,,,0,[]
Z292L2phc3NvX2dvLzIwMjUvMjAyNTEyMjNfMDE2ODEK,令和8年度学生生活調査等におけるオンライン調査システムの開発・運用に係る業務委託,独立行政法人日本学生支援機構,13,東京都,131041,新宿区,2025-12-23T00:00:00+09:00,2025,役務,,https://www.jasso.go.jp/about/procurement/nyusatsu_buppin/__icsFiles/afieldfile/2025/12/22/0216_r8stlifesv_1.pdf,1.1.0-candidate2,True,True,False,system_development|operations_maintenance,2,True,False,False,True,False,False,False,False,False,False,False,32,2025-12-23T19:10:32+09:00,pdf,197177.0,,,,,,,0,[]
Z292NS9haXN0X3VuaXQvMjAyNS8yMDI1MTIyM18wNzQwNAo=,時間確定性を高めるネットワーク制御技術の性能評価にかかる技術相談の対応,国立研究開発法人産業技術総合研究所,13,東京都,131016,千代田区,2025-12-23T00:00:00+09:00,2025,役務,,https://www.aist.go.jp/aist_j/procure/supplyinfo/pub/detail/I32RXDF8,1.1.0-candidate2,True,True,False,network_infrastructure,1,False,False,False,False,False,False,True,False,False,False,False,30,2025-12-23T19:05:03+09:00,html,,,,,,,,0,[]
Z292NS9haXN0X3VuaXQvMjAyNS8yMDI1MTIyM18wNzQwNQo=,ハイブリッドクラウド環境における経路特性保証型ネットワーク技術の標準化にかかるプロトタイプ開発作業,国立研究開発法人産業技術総合研究所,13,東京都,131016,千代田区,2025-12-23T00:00:00+09:00,2025,役務,,https://www.aist.go.jp/aist_j/procure/supplyinfo/pub/detail/P5TTGF7T,1.1.0-candidate2,True,True,False,cloud|network_infrastructure,2,False,False,False,False,True,False,True,False,False,False,False,29,2025-12-23T19:05:03+09:00,html,,,,,,,,0,[]
dG9reW8vdG9reW9faG9zcC8yMDI1LzIwMjUxMjI0XzAwNjU3Cg==,病院情報システム更新に係るコンサルティング業務委託 一式に係る入札公告について(2025.12.24),独立行政法人国立病院機構東京病院,13,東京都,132217,清瀬市,2025-12-24T00:00:00+09:00,2025,役務,,https://tokyo-hp.hosp.go.jp/bumon/jimu/pdf/R071224_konsaru.pdf,1.1.0-candidate2,True,True,False,system_development|it_consulting_planning,2,True,False,False,False,False,False,False,False,False,False,True,21,2025-12-24T19:15:37+09:00,pdf,429816.0,,,,,,,0,[]
Z292NS9haXN0X3VuaXQvMjAyNS8yMDI1MTIyNV8wNzQxMQo=,移行基盤用クラウドサービスの提供,国立研究開発法人産業技術総合研究所,13,東京都,131016,千代田区,2025-12-25T00:00:00+09:00,2025,役務,,https://www.aist.go.jp/aist_j/procure/supplyinfo/pub/detail/F3JN8H0C,1.1.0-candidate2,True,True,False,cloud,1,False,False,False,False,True,False,False,False,False,False,False,18,2025-12-25T19:05:05+09:00,html,,,,,,,,0,[]
ZnVrdW9rYS9reXVzaHVfaXJ5b19jZW50ZXIvMjAyNS8yMDI1MTIyNV8wMDU2MQo=,病院物流システムの管理運用に係る業務委託 一式,独立行政法人国立病院機構九州医療センター,40,福岡県,401307,福岡市,2025-12-25T00:00:00+09:00,2025,役務,,https://kyushu-mc.hosp.go.jp/about/bid_itaku2025_20251225.html,1.1.0-candidate2,True,True,False,operations_maintenance,1,False,False,False,True,False,False,False,False,False,False,False,5,2025-12-26T19:06:05+09:00,html,,,,,,,,0,[]
c2VhcmNoL3BfcG9ydGFsLzIwMjUvMTIvMjAyNTEyMjZfNTYxNTMK,領事業務情報システム（統合運用・保守業務委託）一式,外務省,13,東京都,,,2025-12-26T00:00:00+09:00,2025,役務,一般競争入札,https://www.p-portal.go.jp/pps-web-biz/UAA01/OAA0101,1.1.0-candidate2,True,True,False,operations_maintenance,1,False,False,False,True,False,False,False,False,False,False,False,6,2025-12-27T19:50:03+09:00,html,,,,,,,,0,[]
dG9reW8vcmlueWFfbWFmZl9nby8yMDI1LzIwMjUxMjI2XzAwMDE3Cg==,令和8年度国有林野地理情報高度化システム運用・保守業務(PDF : 168KB),林野庁,13,東京都,131016,千代田区,2025-12-26T00:00:00+09:00,2025,役務,,https://www.rinya.maff.go.jp/j/supply/nyusatu/buppin/attach/pdf/system-698.pdf,1.1.0-candidate2,True,True,False,operations_maintenance,1,False,False,False,True,False,False,False,False,False,False,False,2,2025-12-26T19:08:45+09:00,pdf,171615.0,A B,,,,,,2,"[{""name"":""入札説明書等(PDF : 600KB)"",""uri"":""https://www.rinya.maff.go.jp/j/supply/nyusatu/buppin/attach/pdf/system-699.pdf""},{""name"":""調達仕様書等(PDF : 2,700KB)"",""uri"":""https://www.rinya.maff.go.jp/j/supply/nyusatu/buppin/attach/pdf/system-700.pdf""}]"
dG9reW8vcmlueWFfbWFmZl9nby8yMDI1LzIwMjUxMjI2XzAwMDE4Cg==,令和8年度流通木材の合法性確認システムに係る運用・保守及びクラウドサービス提供業務(PDF : 241KB),林野庁,13,東京都,131016,千代田区,2025-12-26T00:00:00+09:00,2025,役務,,https://www.rinya.maff.go.jp/j/supply/nyusatu/buppin/attach/pdf/system-701.pdf,1.1.0-candidate2,True,True,False,system_services|operations_maintenance|cloud,3,False,True,False,True,True,False,False,False,False,False,False,1,2025-12-26T19:08:46+09:00,pdf,245891.0,A B,,,,,,2,"[{""name"":""入札説明書等(PDF : 250KB)"",""uri"":""https://www.rinya.maff.go.jp/j/supply/nyusatu/buppin/attach/pdf/system-702.pdf""},{""name"":""調達仕様書等(PDF : 2,991KB)"",""uri"":""https://www.rinya.maff.go.jp/j/supply/nyusatu/buppin/attach/pdf/system-703.pdf""}]"
